#-----------------------------------------------------------
# Vivado v2023.2 (64-bit)
# SW Build 4029153 on Fri Oct 13 20:14:34 MDT 2023
# IP Build 4028589 on Sat Oct 14 00:45:43 MDT 2023
# SharedData Build 4025554 on Tue Oct 10 17:18:54 MDT 2023
# Start of session at: Fri Sep 11 20:26:38 2026
# Process ID: 21944
# Current directory: C:/Users/Prasit/Documents/ACSA_RISCV/vivado_gui/rv_perceptron
# Command line: vivado.exe -gui_launcher_event rodinguilauncherevent21076 C:\Users\Prasit\Documents\ACSA_RISCV\vivado_gui\rv_perceptron\rv_perceptron.xpr
# Log file: C:/Users/Prasit/Documents/ACSA_RISCV/vivado_gui/rv_perceptron/vivado.log
# Journal file: C:/Users/Prasit/Documents/ACSA_RISCV/vivado_gui/rv_perceptron\vivado.jou
# Running On: DESKTOP-LP0DM3H, OS: Windows, CPU Frequency: 2496 MHz, CPU Physical cores: 10, Host memory: 8245 MB
#-----------------------------------------------------------
start_gui
open_project C:/Users/Prasit/Documents/ACSA_RISCV/vivado_gui/rv_perceptron/rv_perceptron.xpr
WARNING: [Board 49-26] cannot add Board Part digilentinc.com:genesys2:part0:1.1 available at C:/Xilinx/Vivado/2023.2/data/xhub/boards/XilinxBoardStore/boards/Xilinx/genesys2/H/board.xml as part xc7k325tffg900-2 specified in board_part file is either invalid or not available
WARNING: [Board 49-26] cannot add Board Part digilentinc.com:sword:part0:1.0 available at C:/Xilinx/Vivado/2023.2/data/xhub/boards/XilinxBoardStore/boards/Xilinx/sword/C.0/board.xml as part xc7k325tffg900-2 specified in board_part file is either invalid or not available
WARNING: [Board 49-26] cannot add Board Part xilinx.com:kc705:part0:1.6 available at C:/Xilinx/Vivado/2023.2/data/xhub/boards/XilinxBoardStore/boards/Xilinx/kc705/1.6/board.xml as part xc7k325tffg900-2 specified in board_part file is either invalid or not available
WARNING: [Board 49-26] cannot add Board Part xilinx.com:kcu105:part0:1.6 available at C:/Xilinx/Vivado/2023.2/data/xhub/boards/XilinxBoardStore/boards/Xilinx/kcu105/1.6/board.xml as part xcku040-ffva1156-2-e specified in board_part file is either invalid or not available
WARNING: [Board 49-26] cannot add Board Part xilinx.com:kcu105:part0:1.7 available at C:/Xilinx/Vivado/2023.2/data/xhub/boards/XilinxBoardStore/boards/Xilinx/kcu105/1.7/board.xml as part xcku040-ffva1156-2-e specified in board_part file is either invalid or not available
WARNING: [Board 49-26] cannot add Board Part xilinx.com:kcu1500:part0:1.2 available at C:/Xilinx/Vivado/2023.2/data/xhub/boards/XilinxBoardStore/boards/Xilinx/kcu1500/1.2/board.xml as part xcku115-flvb2104-2-e specified in board_part file is either invalid or not available
WARNING: [Board 49-26] cannot add Board Part xilinx.com:vc707:part0:1.4 available at C:/Xilinx/Vivado/2023.2/data/xhub/boards/XilinxBoardStore/boards/Xilinx/vc707/1.4/board.xml as part xc7vx485tffg1761-2 specified in board_part file is either invalid or not available
WARNING: [Board 49-26] cannot add Board Part xilinx.com:vc709:part0:1.8 available at C:/Xilinx/Vivado/2023.2/data/xhub/boards/XilinxBoardStore/boards/Xilinx/vc709/1.8/board.xml as part xc7vx690tffg1761-2 specified in board_part file is either invalid or not available
WARNING: [Board 49-26] cannot add Board Part xilinx.com:vck190:part0:2.2 available at C:/Xilinx/Vivado/2023.2/data/xhub/boards/XilinxBoardStore/boards/Xilinx/vck190/production/2.2/board.xml as part xcvc1902-vsva2197-2mp-e-s specified in board_part file is either invalid or not available
WARNING: [Board 49-26] cannot add Board Part xilinx.com:vck190:part0:3.0 available at C:/Xilinx/Vivado/2023.2/data/xhub/boards/XilinxBoardStore/boards/Xilinx/vck190/production/3.0/board.xml as part xcvc1902-vsva2197-2mp-e-s specified in board_part file is either invalid or not available
WARNING: [Board 49-26] cannot add Board Part xilinx.com:vck190:part0:3.1 available at C:/Xilinx/Vivado/2023.2/data/xhub/boards/XilinxBoardStore/boards/Xilinx/vck190/production/3.1/board.xml as part xcvc1902-vsva2197-2mp-e-s specified in board_part file is either invalid or not available
WARNING: [Board 49-26] cannot add Board Part xilinx.com:vck190:part0:3.2 available at C:/Xilinx/Vivado/2023.2/data/xhub/boards/XilinxBoardStore/boards/Xilinx/vck190/production/3.2/board.xml as part xcvc1902-vsva2197-2mp-e-s specified in board_part file is either invalid or not available
WARNING: [Board 49-26] cannot add Board Part xilinx.com:vck190_newl:part0:1.0 available at C:/Xilinx/Vivado/2023.2/data/xhub/boards/XilinxBoardStore/boards/Xilinx/vck190_newl/production/1.0/board.xml as part xcvc1902-vsva2197-2mp-e-s specified in board_part file is either invalid or not available
WARNING: [Board 49-26] cannot add Board Part xilinx.com:vck190_newl:part0:1.1 available at C:/Xilinx/Vivado/2023.2/data/xhub/boards/XilinxBoardStore/boards/Xilinx/vck190_newl/production/1.1/board.xml as part xcvc1902-vsva2197-2mp-e-s specified in board_part file is either invalid or not available
WARNING: [Board 49-26] cannot add Board Part xilinx.com:vcu108:part0:1.6 available at C:/Xilinx/Vivado/2023.2/data/xhub/boards/XilinxBoardStore/boards/Xilinx/vcu108/1.6/board.xml as part xcvu095-ffva2104-2-e specified in board_part file is either invalid or not available
WARNING: [Board 49-26] cannot add Board Part xilinx.com:vcu108:part0:1.7 available at C:/Xilinx/Vivado/2023.2/data/xhub/boards/XilinxBoardStore/boards/Xilinx/vcu108/1.7/board.xml as part xcvu095-ffva2104-2-e specified in board_part file is either invalid or not available
WARNING: [Board 49-26] cannot add Board Part xilinx.com:vcu110:part0:1.4 available at C:/Xilinx/Vivado/2023.2/data/xhub/boards/XilinxBoardStore/boards/Xilinx/vcu110/1.4/board.xml as part xcvu190-flgc2104-2-e specified in board_part file is either invalid or not available
WARNING: [Board 49-26] cannot add Board Part xilinx.com:vcu118:part0:2.0 available at C:/Xilinx/Vivado/2023.2/data/xhub/boards/XilinxBoardStore/boards/Xilinx/vcu118/2.0/board.xml as part xcvu9p-flga2104-2l-e specified in board_part file is either invalid or not available
WARNING: [Board 49-26] cannot add Board Part xilinx.com:vcu118:part0:2.3 available at C:/Xilinx/Vivado/2023.2/data/xhub/boards/XilinxBoardStore/boards/Xilinx/vcu118/2.3/board.xml as part xcvu9p-flga2104-2l-e specified in board_part file is either invalid or not available
WARNING: [Board 49-26] cannot add Board Part xilinx.com:vcu118:part0:2.4 available at C:/Xilinx/Vivado/2023.2/data/xhub/boards/XilinxBoardStore/boards/Xilinx/vcu118/2.4/board.xml as part xcvu9p-flga2104-2l-e specified in board_part file is either invalid or not available
WARNING: [Board 49-26] cannot add Board Part xilinx.com:vcu129:part0:1.0 available at C:/Xilinx/Vivado/2023.2/data/xhub/boards/XilinxBoardStore/boards/Xilinx/vcu129/production/1.0/board.xml as part xcvu29p-fsga2577-2l-e specified in board_part file is either invalid or not available
WARNING: [Board 49-26] cannot add Board Part xilinx.com:vcu1525:part0:1.3 available at C:/Xilinx/Vivado/2023.2/data/xhub/boards/XilinxBoardStore/boards/Xilinx/vcu1525/1.3/board.xml as part xcvu9p-fsgd2104-2l-e specified in board_part file is either invalid or not available
WARNING: [Board 49-26] cannot add Board Part xilinx.com:vek280:part0:1.0 available at C:/Xilinx/Vivado/2023.2/data/xhub/boards/XilinxBoardStore/boards/Xilinx/vek280/production/1.0/board.xml as part xcve2802-vsvh1760-2mp-e-s specified in board_part file is either invalid or not available
WARNING: [Board 49-26] cannot add Board Part xilinx.com:vek280_es:part0:1.0 available at C:/Xilinx/Vivado/2023.2/data/xhub/boards/XilinxBoardStore/boards/Xilinx/vek280/es/rev_a/1.0/board.xml as part xcve2802-vsvh1760-2lp-e-s-es1 specified in board_part file is either invalid or not available
WARNING: [Board 49-26] cannot add Board Part xilinx.com:vek280_es:part0:1.1 available at C:/Xilinx/Vivado/2023.2/data/xhub/boards/XilinxBoardStore/boards/Xilinx/vek280/es/rev_a/1.1/board.xml as part xcve2802-vsvh1760-2lp-e-s-es1 specified in board_part file is either invalid or not available
WARNING: [Board 49-26] cannot add Board Part xilinx.com:vek280_es_revb:part0:1.0 available at C:/Xilinx/Vivado/2023.2/data/xhub/boards/XilinxBoardStore/boards/Xilinx/vek280/es/rev_b/1.0/board.xml as part xcve2802-vsvh1760-2mp-e-s-es1 specified in board_part file is either invalid or not available
WARNING: [Board 49-26] cannot add Board Part xilinx.com:vek280_es_revb:part0:1.1 available at C:/Xilinx/Vivado/2023.2/data/xhub/boards/XilinxBoardStore/boards/Xilinx/vek280/es/rev_b/1.1/board.xml as part xcve2802-vsvh1760-2mp-e-s-es1 specified in board_part file is either invalid or not available
WARNING: [Board 49-26] cannot add Board Part xilinx.com:vermeo_t1_mpsoc:part0:1.0 available at C:/Xilinx/Vivado/2023.2/data/xhub/boards/XilinxBoardStore/boards/Xilinx/vermeo_t1_mpsoc/1.0/board.xml as part xczu19eg-ffvd1760-2l-e specified in board_part file is either invalid or not available
WARNING: [Board 49-26] cannot add Board Part xilinx.com:vermeo_t1_rfsoc:part0:1.0 available at C:/Xilinx/Vivado/2023.2/data/xhub/boards/XilinxBoardStore/boards/Xilinx/vermeo_t1_rfsoc/1.0/board.xml as part xczu21dr-ffvd1156-2l-e specified in board_part file is either invalid or not available
WARNING: [Board 49-26] cannot add Board Part xilinx.com:vhk158:part0:1.0 available at C:/Xilinx/Vivado/2023.2/data/xhub/boards/XilinxBoardStore/boards/Xilinx/vhk158/production/1.0/board.xml as part xcvh1582-vsva3697-2mp-e-s specified in board_part file is either invalid or not available
WARNING: [Board 49-26] cannot add Board Part xilinx.com:vhk158:part0:1.1 available at C:/Xilinx/Vivado/2023.2/data/xhub/boards/XilinxBoardStore/boards/Xilinx/vhk158/production/1.1/board.xml as part xcvh1582-vsva3697-2mp-e-s specified in board_part file is either invalid or not available
WARNING: [Board 49-26] cannot add Board Part xilinx.com:vhk158_es:part0:1.0 available at C:/Xilinx/Vivado/2023.2/data/xhub/boards/XilinxBoardStore/boards/Xilinx/vhk158/es/1.0/board.xml as part xcvh1582-vsva3697-2mp-e-s-es1 specified in board_part file is either invalid or not available
WARNING: [Board 49-26] cannot add Board Part xilinx.com:vhk158_es:part0:1.1 available at C:/Xilinx/Vivado/2023.2/data/xhub/boards/XilinxBoardStore/boards/Xilinx/vhk158/es/1.1/board.xml as part xcvh1582-vsva3697-2mp-e-s-es1 specified in board_part file is either invalid or not available
WARNING: [Board 49-26] cannot add Board Part xilinx.com:vmk180:part0:2.2 available at C:/Xilinx/Vivado/2023.2/data/xhub/boards/XilinxBoardStore/boards/Xilinx/vmk180/production/2.2/board.xml as part xcvm1802-vsva2197-2mp-e-s specified in board_part file is either invalid or not available
WARNING: [Board 49-26] cannot add Board Part xilinx.com:vmk180:part0:3.0 available at C:/Xilinx/Vivado/2023.2/data/xhub/boards/XilinxBoardStore/boards/Xilinx/vmk180/production/3.0/board.xml as part xcvm1802-vsva2197-2mp-e-s specified in board_part file is either invalid or not available
WARNING: [Board 49-26] cannot add Board Part xilinx.com:vmk180:part0:3.1 available at C:/Xilinx/Vivado/2023.2/data/xhub/boards/XilinxBoardStore/boards/Xilinx/vmk180/production/3.1/board.xml as part xcvm1802-vsva2197-2mp-e-s specified in board_part file is either invalid or not available
WARNING: [Board 49-26] cannot add Board Part xilinx.com:vmk180:part0:3.2 available at C:/Xilinx/Vivado/2023.2/data/xhub/boards/XilinxBoardStore/boards/Xilinx/vmk180/production/3.2/board.xml as part xcvm1802-vsva2197-2mp-e-s specified in board_part file is either invalid or not available
WARNING: [Board 49-26] cannot add Board Part xilinx.com:vmk180_newl:part0:1.0 available at C:/Xilinx/Vivado/2023.2/data/xhub/boards/XilinxBoardStore/boards/Xilinx/vmk180_newl/production/1.0/board.xml as part xcvm1802-vsva2197-2mp-e-s specified in board_part file is either invalid or not available
WARNING: [Board 49-26] cannot add Board Part xilinx.com:vmk180_newl:part0:1.1 available at C:/Xilinx/Vivado/2023.2/data/xhub/boards/XilinxBoardStore/boards/Xilinx/vmk180_newl/production/1.1/board.xml as part xcvm1802-vsva2197-2mp-e-s specified in board_part file is either invalid or not available
WARNING: [Board 49-26] cannot add Board Part xilinx.com:vpk120:part0:1.0 available at C:/Xilinx/Vivado/2023.2/data/xhub/boards/XilinxBoardStore/boards/Xilinx/vpk120/production/1.0/board.xml as part xcvp1202-vsva2785-2mp-e-s specified in board_part file is either invalid or not available
WARNING: [Board 49-26] cannot add Board Part xilinx.com:vpk120:part0:1.1 available at C:/Xilinx/Vivado/2023.2/data/xhub/boards/XilinxBoardStore/boards/Xilinx/vpk120/production/1.1/board.xml as part xcvp1202-vsva2785-2mp-e-s specified in board_part file is either invalid or not available
WARNING: [Board 49-26] cannot add Board Part xilinx.com:vpk120:part0:1.2 available at C:/Xilinx/Vivado/2023.2/data/xhub/boards/XilinxBoardStore/boards/Xilinx/vpk120/production/1.2/board.xml as part xcvp1202-vsva2785-2mp-e-s specified in board_part file is either invalid or not available
WARNING: [Board 49-26] cannot add Board Part xilinx.com:vpk180:part0:1.0 available at C:/Xilinx/Vivado/2023.2/data/xhub/boards/XilinxBoardStore/boards/Xilinx/vpk180/production/1.0/board.xml as part xcvp1802-lsvc4072-2mp-e-s specified in board_part file is either invalid or not available
WARNING: [Board 49-26] cannot add Board Part xilinx.com:vpk180:part0:1.1 available at C:/Xilinx/Vivado/2023.2/data/xhub/boards/XilinxBoardStore/boards/Xilinx/vpk180/production/1.1/board.xml as part xcvp1802-lsvc4072-2mp-e-s specified in board_part file is either invalid or not available
WARNING: [Board 49-26] cannot add Board Part xilinx.com:zc706:part0:1.4 available at C:/Xilinx/Vivado/2023.2/data/xhub/boards/XilinxBoardStore/boards/Xilinx/zc706/1.4/board.xml as part xc7z045ffg900-2 specified in board_part file is either invalid or not available
WARNING: [Board 49-26] cannot add Board Part xilinx.com:zcu102:part0:3.3 available at C:/Xilinx/Vivado/2023.2/data/xhub/boards/XilinxBoardStore/boards/Xilinx/zcu102/3.3/board.xml as part xczu9eg-ffvb1156-2-e specified in board_part file is either invalid or not available
WARNING: [Board 49-26] cannot add Board Part xilinx.com:zcu102:part0:3.4 available at C:/Xilinx/Vivado/2023.2/data/xhub/boards/XilinxBoardStore/boards/Xilinx/zcu102/3.4/board.xml as part xczu9eg-ffvb1156-2-e specified in board_part file is either invalid or not available
WARNING: [Board 49-26] cannot add Board Part xilinx.com:zcu111:part0:1.2 available at C:/Xilinx/Vivado/2023.2/data/xhub/boards/XilinxBoardStore/boards/Xilinx/zcu111/1.2/board.xml as part xczu28dr-ffvg1517-2-e specified in board_part file is either invalid or not available
WARNING: [Board 49-26] cannot add Board Part xilinx.com:zcu111:part0:1.3 available at C:/Xilinx/Vivado/2023.2/data/xhub/boards/XilinxBoardStore/boards/Xilinx/zcu111/1.3/board.xml as part xczu28dr-ffvg1517-2-e specified in board_part file is either invalid or not available
WARNING: [Board 49-26] cannot add Board Part xilinx.com:zcu111:part0:1.4 available at C:/Xilinx/Vivado/2023.2/data/xhub/boards/XilinxBoardStore/boards/Xilinx/zcu111/1.4/board.xml as part xczu28dr-ffvg1517-2-e specified in board_part file is either invalid or not available
WARNING: [Board 49-26] cannot add Board Part xilinx.com:zcu1275:part0:1.0 available at C:/Xilinx/Vivado/2023.2/data/xhub/boards/XilinxBoardStore/boards/Xilinx/zcu1275/1.0/board.xml as part xczu29dr-ffvf1760-2-e specified in board_part file is either invalid or not available
WARNING: [Board 49-26] cannot add Board Part xilinx.com:zcu1285:part0:1.0 available at C:/Xilinx/Vivado/2023.2/data/xhub/boards/XilinxBoardStore/boards/Xilinx/zcu1285/1.0/board.xml as part xczu39dr-ffvf1760-2-i specified in board_part file is either invalid or not available
WARNING: [Board 49-26] cannot add Board Part xilinx.com:zcu208:part0:2.0 available at C:/Xilinx/Vivado/2023.2/data/xhub/boards/XilinxBoardStore/boards/Xilinx/zcu208/production/2.0/board.xml as part xczu48dr-fsvg1517-2-e specified in board_part file is either invalid or not available
WARNING: [Board 49-26] cannot add Board Part xilinx.com:zcu208ld:part0:2.0 available at C:/Xilinx/Vivado/2023.2/data/xhub/boards/XilinxBoardStore/boards/Xilinx/zcu208ld/production/2.0/board.xml as part xczu58dr-fsvg1517-2-i specified in board_part file is either invalid or not available
WARNING: [Board 49-26] cannot add Board Part xilinx.com:zcu216:part0:2.0 available at C:/Xilinx/Vivado/2023.2/data/xhub/boards/XilinxBoardStore/boards/Xilinx/zcu216/production/2.0/board.xml as part xczu49dr-ffvf1760-2-e specified in board_part file is either invalid or not available
WARNING: [Board 49-26] cannot add Board Part xilinx.com:zcu216ld:part0:2.0 available at C:/Xilinx/Vivado/2023.2/data/xhub/boards/XilinxBoardStore/boards/Xilinx/zcu216ld/production/2.0/board.xml as part xczu59dr-ffvf1760-2-i specified in board_part file is either invalid or not available
WARNING: [Board 49-26] cannot add Board Part xilinx.com:zcu670:part0:2.0 available at C:/Xilinx/Vivado/2023.2/data/xhub/boards/XilinxBoardStore/boards/Xilinx/zcu670/2.0/board.xml as part xczu67dr-fsve1156-2-i specified in board_part file is either invalid or not available
WARNING: [Board 49-26] cannot add Board Part xilinx.com:zcu670ld:part0:1.0 available at C:/Xilinx/Vivado/2023.2/data/xhub/boards/XilinxBoardStore/boards/Xilinx/zcu670ld/1.0/board.xml as part xczu57dr-fsve1156-2-i specified in board_part file is either invalid or not available
INFO: [filemgmt 56-3] Default IP Output Path : Could not find the directory 'C:/Users/Prasit/Documents/ACSA_RISCV/vivado_gui/rv_perceptron/rv_perceptron.gen/sources_1'.
Scanning sources...
Finished scanning sources
INFO: [IP_Flow 19-234] Refreshing IP repositories
INFO: [IP_Flow 19-1704] No user IP repositories specified
INFO: [IP_Flow 19-2313] Loaded Vivado IP repository 'C:/Xilinx/Vivado/2023.2/data/ip'.
open_project: Time (s): cpu = 00:00:25 ; elapsed = 00:00:11 . Memory (MB): peak = 1546.617 ; gain = 345.824
update_compile_order -fileset sources_1
WARNING: [filemgmt 56-199] Attempt to get parsing info during refresh. "On-the-fly" syntax checking information may be incorrect. [C:\Users\Prasit\Documents\ACSA_RISCV\vivado_gui\rv_perceptron\rv_perceptron.srcs\sim_1\new\simUart.sv:]
WARNING: [filemgmt 56-199] Attempt to get parsing info during refresh. "On-the-fly" syntax checking information may be incorrect. [C:\Users\Prasit\Documents\ACSA_RISCV\vivado_gui\rv_perceptron\rv_perceptron.srcs\sim_1\new\dmem.sv:]
WARNING: [filemgmt 56-199] Attempt to get parsing info during refresh. "On-the-fly" syntax checking information may be incorrect. [C:\Users\Prasit\Documents\ACSA_RISCV\vivado_gui\rv_perceptron\rv_perceptron.srcs\sim_1\new\imem.sv:]
WARNING: [filemgmt 56-199] Attempt to get parsing info during refresh. "On-the-fly" syntax checking information may be incorrect. [C:\Users\Prasit\Documents\ACSA_RISCV\vivado_gui\rv_perceptron\rv_perceptron.srcs\sim_1\new\simUart.sv:]
WARNING: [filemgmt 56-199] Attempt to get parsing info during refresh. "On-the-fly" syntax checking information may be incorrect. [C:\Users\Prasit\Documents\ACSA_RISCV\vivado_gui\rv_perceptron\rv_perceptron.srcs\sim_1\new\dmem.sv:]
WARNING: [filemgmt 56-199] Attempt to get parsing info during refresh. "On-the-fly" syntax checking information may be incorrect. [C:\Users\Prasit\Documents\ACSA_RISCV\vivado_gui\rv_perceptron\rv_perceptron.srcs\sim_1\new\imem.sv:]
WARNING: [filemgmt 56-199] Attempt to get parsing info during refresh. "On-the-fly" syntax checking information may be incorrect. [C:\Users\Prasit\Documents\ACSA_RISCV\vivado_gui\rv_perceptron\rv_perceptron.srcs\sim_1\new\simUart.sv:]
WARNING: [filemgmt 56-199] Attempt to get parsing info during refresh. "On-the-fly" syntax checking information may be incorrect. [C:\Users\Prasit\Documents\ACSA_RISCV\vivado_gui\rv_perceptron\rv_perceptron.srcs\sim_1\new\dmem.sv:]
WARNING: [filemgmt 56-199] Attempt to get parsing info during refresh. "On-the-fly" syntax checking information may be incorrect. [C:\Users\Prasit\Documents\ACSA_RISCV\vivado_gui\rv_perceptron\rv_perceptron.srcs\sim_1\new\TB.sv:]
WARNING: [filemgmt 56-199] Attempt to get parsing info during refresh. "On-the-fly" syntax checking information may be incorrect. [C:\Users\Prasit\Documents\ACSA_RISCV\vivado_gui\rv_perceptron\rv_perceptron.srcs\sim_1\new\imem.sv:]
WARNING: [filemgmt 56-199] Attempt to get parsing info during refresh. "On-the-fly" syntax checking information may be incorrect. [C:\Users\Prasit\Documents\ACSA_RISCV\vivado_gui\rv_perceptron\rv_perceptron.srcs\sim_1\new\simUart.sv:]
WARNING: [filemgmt 56-199] Attempt to get parsing info during refresh. "On-the-fly" syntax checking information may be incorrect. [C:\Users\Prasit\Documents\ACSA_RISCV\vivado_gui\rv_perceptron\rv_perceptron.srcs\sim_1\new\dmem.sv:]
WARNING: [filemgmt 56-199] Attempt to get parsing info during refresh. "On-the-fly" syntax checking information may be incorrect. [C:\Users\Prasit\Documents\ACSA_RISCV\vivado_gui\rv_perceptron\rv_perceptron.srcs\sim_1\new\TB.sv:]
WARNING: [filemgmt 56-199] Attempt to get parsing info during refresh. "On-the-fly" syntax checking information may be incorrect. [C:\Users\Prasit\Documents\ACSA_RISCV\vivado_gui\rv_perceptron\rv_perceptron.srcs\sim_1\new\imem.sv:]
ERROR: [Common 17-180] Spawn failed: No error
WARNING: [filemgmt 56-199] Attempt to get parsing info during refresh. "On-the-fly" syntax checking information may be incorrect. [C:\Users\Prasit\Documents\ACSA_RISCV\vivado_gui\rv_perceptron\rv_perceptron.srcs\sim_1\new\simUart.sv:]
WARNING: [filemgmt 56-199] Attempt to get parsing info during refresh. "On-the-fly" syntax checking information may be incorrect. [C:\Users\Prasit\Documents\ACSA_RISCV\vivado_gui\rv_perceptron\rv_perceptron.srcs\sim_1\new\dmem.sv:]
WARNING: [filemgmt 56-199] Attempt to get parsing info during refresh. "On-the-fly" syntax checking information may be incorrect. [C:\Users\Prasit\Documents\ACSA_RISCV\vivado_gui\rv_perceptron\rv_perceptron.srcs\sim_1\new\TB.sv:]
WARNING: [filemgmt 56-199] Attempt to get parsing info during refresh. "On-the-fly" syntax checking information may be incorrect. [C:\Users\Prasit\Documents\ACSA_RISCV\vivado_gui\rv_perceptron\rv_perceptron.srcs\sim_1\new\imem.sv:]
ERROR: [Common 17-180] Spawn failed: No error
WARNING: [filemgmt 56-199] Attempt to get parsing info during refresh. "On-the-fly" syntax checking information may be incorrect. [C:\Users\Prasit\Documents\ACSA_RISCV\vivado_gui\rv_perceptron\rv_perceptron.srcs\sim_1\new\simUart.sv:]
WARNING: [filemgmt 56-199] Attempt to get parsing info during refresh. "On-the-fly" syntax checking information may be incorrect. [C:\Users\Prasit\Documents\ACSA_RISCV\vivado_gui\rv_perceptron\rv_perceptron.srcs\sim_1\new\dmem.sv:]
WARNING: [filemgmt 56-199] Attempt to get parsing info during refresh. "On-the-fly" syntax checking information may be incorrect. [C:\Users\Prasit\Documents\ACSA_RISCV\vivado_gui\rv_perceptron\rv_perceptron.srcs\sim_1\new\TB.sv:]
WARNING: [filemgmt 56-199] Attempt to get parsing info during refresh. "On-the-fly" syntax checking information may be incorrect. [C:\Users\Prasit\Documents\ACSA_RISCV\vivado_gui\rv_perceptron\rv_perceptron.srcs\sim_1\new\imem.sv:]
WARNING: [filemgmt 56-199] Attempt to get parsing info during refresh. "On-the-fly" syntax checking information may be incorrect. [C:\Users\Prasit\Documents\ACSA_RISCV\vivado_gui\rv_perceptron\rv_perceptron.srcs\sim_1\new\simUart.sv:]
WARNING: [filemgmt 56-199] Attempt to get parsing info during refresh. "On-the-fly" syntax checking information may be incorrect. [C:\Users\Prasit\Documents\ACSA_RISCV\vivado_gui\rv_perceptron\rv_perceptron.srcs\sim_1\new\dmem.sv:]
WARNING: [filemgmt 56-199] Attempt to get parsing info during refresh. "On-the-fly" syntax checking information may be incorrect. [C:\Users\Prasit\Documents\ACSA_RISCV\vivado_gui\rv_perceptron\rv_perceptron.srcs\sim_1\new\TB.sv:]
WARNING: [filemgmt 56-199] Attempt to get parsing info during refresh. "On-the-fly" syntax checking information may be incorrect. [C:\Users\Prasit\Documents\ACSA_RISCV\vivado_gui\rv_perceptron\rv_perceptron.srcs\sim_1\new\imem.sv:]
ERROR: [Common 17-180] Spawn failed: No error
WARNING: [filemgmt 56-199] Attempt to get parsing info during refresh. "On-the-fly" syntax checking information may be incorrect. [C:\Users\Prasit\Documents\ACSA_RISCV\vivado_gui\rv_perceptron\rv_perceptron.srcs\sim_1\new\simUart.sv:]
WARNING: [filemgmt 56-199] Attempt to get parsing info during refresh. "On-the-fly" syntax checking information may be incorrect. [C:\Users\Prasit\Documents\ACSA_RISCV\vivado_gui\rv_perceptron\rv_perceptron.srcs\sim_1\new\dmem.sv:]
WARNING: [filemgmt 56-199] Attempt to get parsing info during refresh. "On-the-fly" syntax checking information may be incorrect. [C:\Users\Prasit\Documents\ACSA_RISCV\vivado_gui\rv_perceptron\rv_perceptron.srcs\sim_1\new\TB.sv:]
WARNING: [filemgmt 56-199] Attempt to get parsing info during refresh. "On-the-fly" syntax checking information may be incorrect. [C:\Users\Prasit\Documents\ACSA_RISCV\vivado_gui\rv_perceptron\rv_perceptron.srcs\sim_1\new\imem.sv:]
ERROR: [Common 17-180] Spawn failed: No error
update_compile_order -fileset sim_1
WARNING: [filemgmt 56-199] Attempt to get parsing info during refresh. "On-the-fly" syntax checking information may be incorrect. [C:\Users\Prasit\Documents\ACSA_RISCV\vivado_gui\rv_perceptron\rv_perceptron.srcs\sim_1\new\simUart.sv:]
WARNING: [filemgmt 56-199] Attempt to get parsing info during refresh. "On-the-fly" syntax checking information may be incorrect. [C:\Users\Prasit\Documents\ACSA_RISCV\vivado_gui\rv_perceptron\rv_perceptron.srcs\sim_1\new\dmem.sv:]
WARNING: [filemgmt 56-199] Attempt to get parsing info during refresh. "On-the-fly" syntax checking information may be incorrect. [C:\Users\Prasit\Documents\ACSA_RISCV\vivado_gui\rv_perceptron\rv_perceptron.srcs\sim_1\new\TB.sv:]
WARNING: [filemgmt 56-199] Attempt to get parsing info during refresh. "On-the-fly" syntax checking information may be incorrect. [C:\Users\Prasit\Documents\ACSA_RISCV\vivado_gui\rv_perceptron\rv_perceptron.srcs\sim_1\new\imem.sv:]
WARNING: [filemgmt 56-199] Attempt to get parsing info during refresh. "On-the-fly" syntax checking information may be incorrect. [C:\Users\Prasit\Documents\ACSA_RISCV\vivado_gui\rv_perceptron\rv_perceptron.srcs\sim_1\new\simUart.sv:]
WARNING: [filemgmt 56-199] Attempt to get parsing info during refresh. "On-the-fly" syntax checking information may be incorrect. [C:\Users\Prasit\Documents\ACSA_RISCV\vivado_gui\rv_perceptron\rv_perceptron.srcs\sim_1\new\dmem.sv:]
WARNING: [filemgmt 56-199] Attempt to get parsing info during refresh. "On-the-fly" syntax checking information may be incorrect. [C:\Users\Prasit\Documents\ACSA_RISCV\vivado_gui\rv_perceptron\rv_perceptron.srcs\sim_1\new\TB.sv:]
WARNING: [filemgmt 56-199] Attempt to get parsing info during refresh. "On-the-fly" syntax checking information may be incorrect. [C:\Users\Prasit\Documents\ACSA_RISCV\vivado_gui\rv_perceptron\rv_perceptron.srcs\sim_1\new\imem.sv:]
ERROR: [Common 17-180] Spawn failed: No error
WARNING: [filemgmt 56-199] Attempt to get parsing info during refresh. "On-the-fly" syntax checking information may be incorrect. [C:\Users\Prasit\Documents\ACSA_RISCV\vivado_gui\rv_perceptron\rv_perceptron.srcs\sim_1\new\simUart.sv:]
WARNING: [filemgmt 56-199] Attempt to get parsing info during refresh. "On-the-fly" syntax checking information may be incorrect. [C:\Users\Prasit\Documents\ACSA_RISCV\vivado_gui\rv_perceptron\rv_perceptron.srcs\sim_1\new\dmem.sv:]
WARNING: [filemgmt 56-199] Attempt to get parsing info during refresh. "On-the-fly" syntax checking information may be incorrect. [C:\Users\Prasit\Documents\ACSA_RISCV\vivado_gui\rv_perceptron\rv_perceptron.srcs\sim_1\new\TB.sv:]
WARNING: [filemgmt 56-199] Attempt to get parsing info during refresh. "On-the-fly" syntax checking information may be incorrect. [C:\Users\Prasit\Documents\ACSA_RISCV\vivado_gui\rv_perceptron\rv_perceptron.srcs\sim_1\new\imem.sv:]
ERROR: [Common 17-180] Spawn failed: No error
set_property SOURCE_SET sources_1 [get_filesets sim_1]
close [ open C:/Users/Prasit/Documents/ACSA_RISCV/vivado_gui/rv_perceptron/rv_perceptron.srcs/sim_1/new/code.mem w ]
add_files -fileset sim_1 C:/Users/Prasit/Documents/ACSA_RISCV/vivado_gui/rv_perceptron/rv_perceptron.srcs/sim_1/new/code.mem
close [ open C:/Users/Prasit/Documents/ACSA_RISCV/vivado_gui/rv_perceptron/rv_perceptron.srcs/sim_1/new/data.mem w ]
add_files -fileset sim_1 C:/Users/Prasit/Documents/ACSA_RISCV/vivado_gui/rv_perceptron/rv_perceptron.srcs/sim_1/new/data.mem
WARNING: [filemgmt 56-199] Attempt to get parsing info during refresh. "On-the-fly" syntax checking information may be incorrect. [C:\Users\Prasit\Documents\ACSA_RISCV\vivado_gui\rv_perceptron\rv_perceptron.srcs\sim_1\new\simUart.sv:]
WARNING: [filemgmt 56-199] Attempt to get parsing info during refresh. "On-the-fly" syntax checking information may be incorrect. [C:\Users\Prasit\Documents\ACSA_RISCV\vivado_gui\rv_perceptron\rv_perceptron.srcs\sim_1\new\dmem.sv:]
WARNING: [filemgmt 56-199] Attempt to get parsing info during refresh. "On-the-fly" syntax checking information may be incorrect. [C:\Users\Prasit\Documents\ACSA_RISCV\vivado_gui\rv_perceptron\rv_perceptron.srcs\sim_1\new\TB.sv:]
WARNING: [filemgmt 56-199] Attempt to get parsing info during refresh. "On-the-fly" syntax checking information may be incorrect. [C:\Users\Prasit\Documents\ACSA_RISCV\vivado_gui\rv_perceptron\rv_perceptron.srcs\sim_1\new\imem.sv:]
WARNING: [filemgmt 56-199] Attempt to get parsing info during refresh. "On-the-fly" syntax checking information may be incorrect. [C:\Users\Prasit\Documents\ACSA_RISCV\vivado_gui\rv_perceptron\rv_perceptron.srcs\sim_1\new\simUart.sv:]
WARNING: [filemgmt 56-199] Attempt to get parsing info during refresh. "On-the-fly" syntax checking information may be incorrect. [C:\Users\Prasit\Documents\ACSA_RISCV\vivado_gui\rv_perceptron\rv_perceptron.srcs\sim_1\new\dmem.sv:]
WARNING: [filemgmt 56-199] Attempt to get parsing info during refresh. "On-the-fly" syntax checking information may be incorrect. [C:\Users\Prasit\Documents\ACSA_RISCV\vivado_gui\rv_perceptron\rv_perceptron.srcs\sim_1\new\TB.sv:]
WARNING: [filemgmt 56-199] Attempt to get parsing info during refresh. "On-the-fly" syntax checking information may be incorrect. [C:\Users\Prasit\Documents\ACSA_RISCV\vivado_gui\rv_perceptron\rv_perceptron.srcs\sim_1\new\imem.sv:]
ERROR: [Common 17-180] Spawn failed: No error
WARNING: [filemgmt 56-199] Attempt to get parsing info during refresh. "On-the-fly" syntax checking information may be incorrect. [C:\Users\Prasit\Documents\ACSA_RISCV\vivado_gui\rv_perceptron\rv_perceptron.srcs\sim_1\new\simUart.sv:]
WARNING: [filemgmt 56-199] Attempt to get parsing info during refresh. "On-the-fly" syntax checking information may be incorrect. [C:\Users\Prasit\Documents\ACSA_RISCV\vivado_gui\rv_perceptron\rv_perceptron.srcs\sim_1\new\dmem.sv:]
WARNING: [filemgmt 56-199] Attempt to get parsing info during refresh. "On-the-fly" syntax checking information may be incorrect. [C:\Users\Prasit\Documents\ACSA_RISCV\vivado_gui\rv_perceptron\rv_perceptron.srcs\sim_1\new\TB.sv:]
WARNING: [filemgmt 56-199] Attempt to get parsing info during refresh. "On-the-fly" syntax checking information may be incorrect. [C:\Users\Prasit\Documents\ACSA_RISCV\vivado_gui\rv_perceptron\rv_perceptron.srcs\sim_1\new\imem.sv:]
ERROR: [Common 17-180] Spawn failed: No error
WARNING: [filemgmt 56-199] Attempt to get parsing info during refresh. "On-the-fly" syntax checking information may be incorrect. [C:\Users\Prasit\Documents\ACSA_RISCV\vivado_gui\rv_perceptron\rv_perceptron.srcs\sim_1\new\simUart.sv:]
WARNING: [filemgmt 56-199] Attempt to get parsing info during refresh. "On-the-fly" syntax checking information may be incorrect. [C:\Users\Prasit\Documents\ACSA_RISCV\vivado_gui\rv_perceptron\rv_perceptron.srcs\sim_1\new\dmem.sv:]
WARNING: [filemgmt 56-199] Attempt to get parsing info during refresh. "On-the-fly" syntax checking information may be incorrect. [C:\Users\Prasit\Documents\ACSA_RISCV\vivado_gui\rv_perceptron\rv_perceptron.srcs\sim_1\new\TB.sv:]
WARNING: [filemgmt 56-199] Attempt to get parsing info during refresh. "On-the-fly" syntax checking information may be incorrect. [C:\Users\Prasit\Documents\ACSA_RISCV\vivado_gui\rv_perceptron\rv_perceptron.srcs\sim_1\new\imem.sv:]
WARNING: [filemgmt 56-199] Attempt to get parsing info during refresh. "On-the-fly" syntax checking information may be incorrect. [C:\Users\Prasit\Documents\ACSA_RISCV\vivado_gui\rv_perceptron\rv_perceptron.srcs\sim_1\new\simUart.sv:]
WARNING: [filemgmt 56-199] Attempt to get parsing info during refresh. "On-the-fly" syntax checking information may be incorrect. [C:\Users\Prasit\Documents\ACSA_RISCV\vivado_gui\rv_perceptron\rv_perceptron.srcs\sim_1\new\dmem.sv:]
WARNING: [filemgmt 56-199] Attempt to get parsing info during refresh. "On-the-fly" syntax checking information may be incorrect. [C:\Users\Prasit\Documents\ACSA_RISCV\vivado_gui\rv_perceptron\rv_perceptron.srcs\sim_1\new\TB.sv:]
WARNING: [filemgmt 56-199] Attempt to get parsing info during refresh. "On-the-fly" syntax checking information may be incorrect. [C:\Users\Prasit\Documents\ACSA_RISCV\vivado_gui\rv_perceptron\rv_perceptron.srcs\sim_1\new\imem.sv:]
ERROR: [Common 17-180] Spawn failed: No error
WARNING: [filemgmt 56-199] Attempt to get parsing info during refresh. "On-the-fly" syntax checking information may be incorrect. [C:\Users\Prasit\Documents\ACSA_RISCV\vivado_gui\rv_perceptron\rv_perceptron.srcs\sim_1\new\simUart.sv:]
WARNING: [filemgmt 56-199] Attempt to get parsing info during refresh. "On-the-fly" syntax checking information may be incorrect. [C:\Users\Prasit\Documents\ACSA_RISCV\vivado_gui\rv_perceptron\rv_perceptron.srcs\sim_1\new\dmem.sv:]
WARNING: [filemgmt 56-199] Attempt to get parsing info during refresh. "On-the-fly" syntax checking information may be incorrect. [C:\Users\Prasit\Documents\ACSA_RISCV\vivado_gui\rv_perceptron\rv_perceptron.srcs\sim_1\new\TB.sv:]
WARNING: [filemgmt 56-199] Attempt to get parsing info during refresh. "On-the-fly" syntax checking information may be incorrect. [C:\Users\Prasit\Documents\ACSA_RISCV\vivado_gui\rv_perceptron\rv_perceptron.srcs\sim_1\new\imem.sv:]
ERROR: [Common 17-180] Spawn failed: No error
WARNING: [filemgmt 56-199] Attempt to get parsing info during refresh. "On-the-fly" syntax checking information may be incorrect. [C:\Users\Prasit\Documents\ACSA_RISCV\vivado_gui\rv_perceptron\rv_perceptron.srcs\sim_1\new\simUart.sv:]
WARNING: [filemgmt 56-199] Attempt to get parsing info during refresh. "On-the-fly" syntax checking information may be incorrect. [C:\Users\Prasit\Documents\ACSA_RISCV\vivado_gui\rv_perceptron\rv_perceptron.srcs\sim_1\new\dmem.sv:]
WARNING: [filemgmt 56-199] Attempt to get parsing info during refresh. "On-the-fly" syntax checking information may be incorrect. [C:\Users\Prasit\Documents\ACSA_RISCV\vivado_gui\rv_perceptron\rv_perceptron.srcs\sim_1\new\TB.sv:]
WARNING: [filemgmt 56-199] Attempt to get parsing info during refresh. "On-the-fly" syntax checking information may be incorrect. [C:\Users\Prasit\Documents\ACSA_RISCV\vivado_gui\rv_perceptron\rv_perceptron.srcs\sim_1\new\imem.sv:]
WARNING: [filemgmt 56-199] Attempt to get parsing info during refresh. "On-the-fly" syntax checking information may be incorrect. [C:\Users\Prasit\Documents\ACSA_RISCV\vivado_gui\rv_perceptron\rv_perceptron.srcs\sim_1\new\simUart.sv:]
WARNING: [filemgmt 56-199] Attempt to get parsing info during refresh. "On-the-fly" syntax checking information may be incorrect. [C:\Users\Prasit\Documents\ACSA_RISCV\vivado_gui\rv_perceptron\rv_perceptron.srcs\sim_1\new\dmem.sv:]
WARNING: [filemgmt 56-199] Attempt to get parsing info during refresh. "On-the-fly" syntax checking information may be incorrect. [C:\Users\Prasit\Documents\ACSA_RISCV\vivado_gui\rv_perceptron\rv_perceptron.srcs\sim_1\new\TB.sv:]
WARNING: [filemgmt 56-199] Attempt to get parsing info during refresh. "On-the-fly" syntax checking information may be incorrect. [C:\Users\Prasit\Documents\ACSA_RISCV\vivado_gui\rv_perceptron\rv_perceptron.srcs\sim_1\new\imem.sv:]
ERROR: [Common 17-180] Spawn failed: No error
WARNING: [filemgmt 56-199] Attempt to get parsing info during refresh. "On-the-fly" syntax checking information may be incorrect. [C:\Users\Prasit\Documents\ACSA_RISCV\vivado_gui\rv_perceptron\rv_perceptron.srcs\sim_1\new\simUart.sv:]
WARNING: [filemgmt 56-199] Attempt to get parsing info during refresh. "On-the-fly" syntax checking information may be incorrect. [C:\Users\Prasit\Documents\ACSA_RISCV\vivado_gui\rv_perceptron\rv_perceptron.srcs\sim_1\new\dmem.sv:]
WARNING: [filemgmt 56-199] Attempt to get parsing info during refresh. "On-the-fly" syntax checking information may be incorrect. [C:\Users\Prasit\Documents\ACSA_RISCV\vivado_gui\rv_perceptron\rv_perceptron.srcs\sim_1\new\TB.sv:]
WARNING: [filemgmt 56-199] Attempt to get parsing info during refresh. "On-the-fly" syntax checking information may be incorrect. [C:\Users\Prasit\Documents\ACSA_RISCV\vivado_gui\rv_perceptron\rv_perceptron.srcs\sim_1\new\imem.sv:]
ERROR: [Common 17-180] Spawn failed: No error
set_property -name {xsim.simulate.runtime} -value {all} -objects [get_filesets sim_1]
set_property -name {xsim.simulate.custom_tcl} -value {xsim_waves.tcl} -objects [get_filesets sim_1]
WARNING: [filemgmt 56-199] Attempt to get parsing info during refresh. "On-the-fly" syntax checking information may be incorrect. [C:\Users\Prasit\Documents\ACSA_RISCV\vivado_gui\rv_perceptron\rv_perceptron.srcs\sim_1\new\simUart.sv:]
WARNING: [filemgmt 56-199] Attempt to get parsing info during refresh. "On-the-fly" syntax checking information may be incorrect. [C:\Users\Prasit\Documents\ACSA_RISCV\vivado_gui\rv_perceptron\rv_perceptron.srcs\sim_1\new\dmem.sv:]
WARNING: [filemgmt 56-199] Attempt to get parsing info during refresh. "On-the-fly" syntax checking information may be incorrect. [C:\Users\Prasit\Documents\ACSA_RISCV\vivado_gui\rv_perceptron\rv_perceptron.srcs\sim_1\new\TB.sv:]
WARNING: [filemgmt 56-199] Attempt to get parsing info during refresh. "On-the-fly" syntax checking information may be incorrect. [C:\Users\Prasit\Documents\ACSA_RISCV\vivado_gui\rv_perceptron\rv_perceptron.srcs\sim_1\new\imem.sv:]
WARNING: [filemgmt 56-199] Attempt to get parsing info during refresh. "On-the-fly" syntax checking information may be incorrect. [C:\Users\Prasit\Documents\ACSA_RISCV\vivado_gui\rv_perceptron\rv_perceptron.srcs\sim_1\new\simUart.sv:]
WARNING: [filemgmt 56-199] Attempt to get parsing info during refresh. "On-the-fly" syntax checking information may be incorrect. [C:\Users\Prasit\Documents\ACSA_RISCV\vivado_gui\rv_perceptron\rv_perceptron.srcs\sim_1\new\dmem.sv:]
WARNING: [filemgmt 56-199] Attempt to get parsing info during refresh. "On-the-fly" syntax checking information may be incorrect. [C:\Users\Prasit\Documents\ACSA_RISCV\vivado_gui\rv_perceptron\rv_perceptron.srcs\sim_1\new\TB.sv:]
WARNING: [filemgmt 56-199] Attempt to get parsing info during refresh. "On-the-fly" syntax checking information may be incorrect. [C:\Users\Prasit\Documents\ACSA_RISCV\vivado_gui\rv_perceptron\rv_perceptron.srcs\sim_1\new\imem.sv:]
WARNING: [filemgmt 56-199] Attempt to get parsing info during refresh. "On-the-fly" syntax checking information may be incorrect. [C:\Users\Prasit\Documents\ACSA_RISCV\vivado_gui\rv_perceptron\rv_perceptron.srcs\sim_1\new\simUart.sv:]
WARNING: [filemgmt 56-199] Attempt to get parsing info during refresh. "On-the-fly" syntax checking information may be incorrect. [C:\Users\Prasit\Documents\ACSA_RISCV\vivado_gui\rv_perceptron\rv_perceptron.srcs\sim_1\new\dmem.sv:]
WARNING: [filemgmt 56-199] Attempt to get parsing info during refresh. "On-the-fly" syntax checking information may be incorrect. [C:\Users\Prasit\Documents\ACSA_RISCV\vivado_gui\rv_perceptron\rv_perceptron.srcs\sim_1\new\TB.sv:]
WARNING: [filemgmt 56-199] Attempt to get parsing info during refresh. "On-the-fly" syntax checking information may be incorrect. [C:\Users\Prasit\Documents\ACSA_RISCV\vivado_gui\rv_perceptron\rv_perceptron.srcs\sim_1\new\imem.sv:]
set_property -name {xsim.simulate.custom_tcl} -value {C:\Users\Prasit\Documents\ACSA_RISCV\vivado_gui\rv_perceptron\xsim_waves.tcl} -objects [get_filesets sim_1]
set_property -name {xsim.compile.xvlog.more_options} -value {-d PRED_PERCEPTRON -i C:\Users\Prasit\Documents\ACSA_RISCV\vivado_gui\rv_perceptron\rv_perceptron.srcs\sources_1\new} -objects [get_filesets sim_1]
launch_simulation
Command: launch_simulation 
INFO: [Vivado 12-12493] Simulation top is 'TB'
WARNING: [Vivado 12-13340] Unable to auto find GCC executables from simulator install path! (path not set)
INFO: [Vivado 12-5682] Launching behavioral simulation in 'C:/Users/Prasit/Documents/ACSA_RISCV/vivado_gui/rv_perceptron/rv_perceptron.sim/sim_1/behav/xsim'
INFO: [SIM-utils-51] Simulation object is 'sim_1'
INFO: [SIM-utils-72] Using boost library from 'C:/Xilinx/Vivado/2023.2/tps/boost_1_72_0'
INFO: [SIM-utils-54] Inspecting design source files for 'TB' in fileset 'sim_1'...
INFO: [SIM-utils-43] Exported 'C:/Users/Prasit/Documents/ACSA_RISCV/vivado_gui/rv_perceptron/rv_perceptron.sim/sim_1/behav/xsim/code.mem'
INFO: [SIM-utils-43] Exported 'C:/Users/Prasit/Documents/ACSA_RISCV/vivado_gui/rv_perceptron/rv_perceptron.sim/sim_1/behav/xsim/data.mem'
INFO: [SIM-utils-43] Exported 'C:/Users/Prasit/Documents/ACSA_RISCV/vivado_gui/rv_perceptron/rv_perceptron.sim/sim_1/behav/xsim/code.mem'
INFO: [SIM-utils-43] Exported 'C:/Users/Prasit/Documents/ACSA_RISCV/vivado_gui/rv_perceptron/rv_perceptron.sim/sim_1/behav/xsim/data.mem'
INFO: [USF-XSim-97] Finding global include files...
INFO: [USF-XSim-98] Fetching design files from 'sim_1'...
INFO: [USF-XSim-2] XSim::Compile design
INFO: [USF-XSim-61] Executing 'COMPILE and ANALYZE' step in 'C:/Users/Prasit/Documents/ACSA_RISCV/vivado_gui/rv_perceptron/rv_perceptron.sim/sim_1/behav/xsim'
"xvlog --incr --relax -L uvm -d PRED_PERCEPTRON -i C:\Users\Prasit\Documents\ACSA_RISCV\vivado_gui\rv_perceptron\rv_perceptron.srcs\sources_1\new -prj TB_vlog.prj"
ECHO is off.
ECHO is off.
INFO: [VRFC 10-2263] Analyzing SystemVerilog file "C:/Users/Prasit/Documents/ACSA_RISCV/vivado_gui/rv_perceptron/rv_perceptron.srcs/sources_1/new/alu.sv" into library xil_defaultlib
INFO: [VRFC 10-311] analyzing module alu
INFO: [VRFC 10-2263] Analyzing SystemVerilog file "C:/Users/Prasit/Documents/ACSA_RISCV/vivado_gui/rv_perceptron/rv_perceptron.srcs/sources_1/new/classicPredictor.sv" into library xil_defaultlib
WARNING: [VRFC 10-3381] ignoring re-definition of command line macro 'PRED_PERCEPTRON' [../../../../rv_perceptron.srcs/sources_1/new/bp_config.vh:93]
INFO: [VRFC 10-311] analyzing module classicPredictor
INFO: [VRFC 10-2263] Analyzing SystemVerilog file "C:/Users/Prasit/Documents/ACSA_RISCV/vivado_gui/rv_perceptron/rv_perceptron.srcs/sources_1/new/controlUnit.sv" into library xil_defaultlib
INFO: [VRFC 10-311] analyzing module controlUnit
INFO: [VRFC 10-2263] Analyzing SystemVerilog file "C:/Users/Prasit/Documents/ACSA_RISCV/vivado_gui/rv_perceptron/rv_perceptron.srcs/sources_1/new/core.sv" into library xil_defaultlib
INFO: [VRFC 10-311] analyzing module core
INFO: [VRFC 10-2263] Analyzing SystemVerilog file "C:/Users/Prasit/Documents/ACSA_RISCV/vivado_gui/rv_perceptron/rv_perceptron.srcs/sources_1/new/csrFile.sv" into library xil_defaultlib
INFO: [VRFC 10-311] analyzing module csrFile
INFO: [VRFC 10-2263] Analyzing SystemVerilog file "C:/Users/Prasit/Documents/ACSA_RISCV/vivado_gui/rv_perceptron/rv_perceptron.srcs/sources_1/new/csrUnit.sv" into library xil_defaultlib
INFO: [VRFC 10-311] analyzing module csrUnit
INFO: [VRFC 10-2263] Analyzing SystemVerilog file "C:/Users/Prasit/Documents/ACSA_RISCV/vivado_gui/rv_perceptron/rv_perceptron.srcs/sim_1/new/dmem.sv" into library xil_defaultlib
INFO: [VRFC 10-311] analyzing module dmem
INFO: [VRFC 10-2263] Analyzing SystemVerilog file "C:/Users/Prasit/Documents/ACSA_RISCV/vivado_gui/rv_perceptron/rv_perceptron.srcs/sources_1/new/extend.sv" into library xil_defaultlib
INFO: [VRFC 10-311] analyzing module extend
INFO: [VRFC 10-2263] Analyzing SystemVerilog file "C:/Users/Prasit/Documents/ACSA_RISCV/vivado_gui/rv_perceptron/rv_perceptron.srcs/sources_1/new/hazardUnit.sv" into library xil_defaultlib
INFO: [VRFC 10-311] analyzing module hazardUnit
INFO: [VRFC 10-2263] Analyzing SystemVerilog file "C:/Users/Prasit/Documents/ACSA_RISCV/vivado_gui/rv_perceptron/rv_perceptron.srcs/sim_1/new/imem.sv" into library xil_defaultlib
INFO: [VRFC 10-311] analyzing module imem
INFO: [VRFC 10-2263] Analyzing SystemVerilog file "C:/Users/Prasit/Documents/ACSA_RISCV/vivado_gui/rv_perceptron/rv_perceptron.srcs/sources_1/new/perceptronPredictor.sv" into library xil_defaultlib
INFO: [VRFC 10-311] analyzing module perceptronPredictor
WARNING: [VRFC 10-3380] identifier 'eCount' is used before its declaration [C:/Users/Prasit/Documents/ACSA_RISCV/vivado_gui/rv_perceptron/rv_perceptron.srcs/sources_1/new/perceptronPredictor.sv:466]
INFO: [VRFC 10-2263] Analyzing SystemVerilog file "C:/Users/Prasit/Documents/ACSA_RISCV/vivado_gui/rv_perceptron/rv_perceptron.srcs/sources_1/new/registerFile.sv" into library xil_defaultlib
INFO: [VRFC 10-311] analyzing module registerFile
INFO: [VRFC 10-2263] Analyzing SystemVerilog file "C:/Users/Prasit/Documents/ACSA_RISCV/vivado_gui/rv_perceptron/rv_perceptron.srcs/sim_1/new/simUart.sv" into library xil_defaultlib
INFO: [VRFC 10-311] analyzing module simUart
INFO: [VRFC 10-2263] Analyzing SystemVerilog file "C:/Users/Prasit/Documents/ACSA_RISCV/vivado_gui/rv_perceptron/rv_perceptron.srcs/sources_1/new/stageDecode.sv" into library xil_defaultlib
INFO: [VRFC 10-311] analyzing module stageDecode
INFO: [VRFC 10-2263] Analyzing SystemVerilog file "C:/Users/Prasit/Documents/ACSA_RISCV/vivado_gui/rv_perceptron/rv_perceptron.srcs/sources_1/new/stageExecute.sv" into library xil_defaultlib
INFO: [VRFC 10-311] analyzing module stageExecute
INFO: [VRFC 10-2263] Analyzing SystemVerilog file "C:/Users/Prasit/Documents/ACSA_RISCV/vivado_gui/rv_perceptron/rv_perceptron.srcs/sources_1/new/stageInstFetch.sv" into library xil_defaultlib
INFO: [VRFC 10-311] analyzing module stageInstFetch
INFO: [VRFC 10-2263] Analyzing SystemVerilog file "C:/Users/Prasit/Documents/ACSA_RISCV/vivado_gui/rv_perceptron/rv_perceptron.srcs/sources_1/new/stageMem.sv" into library xil_defaultlib
INFO: [VRFC 10-311] analyzing module stageMem
INFO: [VRFC 10-2263] Analyzing SystemVerilog file "C:/Users/Prasit/Documents/ACSA_RISCV/vivado_gui/rv_perceptron/rv_perceptron.srcs/sources_1/new/stageWback.sv" into library xil_defaultlib
INFO: [VRFC 10-311] analyzing module stageWback
INFO: [VRFC 10-2263] Analyzing SystemVerilog file "C:/Users/Prasit/Documents/ACSA_RISCV/vivado_gui/rv_perceptron/rv_perceptron.srcs/sim_1/new/TB.sv" into library xil_defaultlib
INFO: [VRFC 10-311] analyzing module TB
INFO: [VRFC 10-2263] Analyzing Verilog file "C:/Users/Prasit/Documents/ACSA_RISCV/vivado_gui/rv_perceptron/rv_perceptron.sim/sim_1/behav/xsim/glbl.v" into library xil_defaultlib
INFO: [VRFC 10-311] analyzing module glbl
run_program: Time (s): cpu = 00:00:01 ; elapsed = 00:00:05 . Memory (MB): peak = 1604.023 ; gain = 0.000
INFO: [USF-XSim-69] 'compile' step finished in '5' seconds
INFO: [USF-XSim-3] XSim::Elaborate design
INFO: [USF-XSim-61] Executing 'ELABORATE' step in 'C:/Users/Prasit/Documents/ACSA_RISCV/vivado_gui/rv_perceptron/rv_perceptron.sim/sim_1/behav/xsim'
"xelab --incr --debug typical --relax --mt 2 -L xil_defaultlib -L uvm -L unisims_ver -L unimacro_ver -L secureip --snapshot TB_behav xil_defaultlib.TB xil_defaultlib.glbl -log elaborate.log"
ECHO is off.
ECHO is off.
Vivado Simulator v2023.2
Copyright 1986-2022 Xilinx, Inc. All Rights Reserved.
Copyright 2022-2023 Advanced Micro Devices, Inc. All Rights Reserved.
Running: C:/Xilinx/Vivado/2023.2/bin/unwrapped/win64.o/xelab.exe --incr --debug typical --relax --mt 2 -L xil_defaultlib -L uvm -L unisims_ver -L unimacro_ver -L secureip --snapshot TB_behav xil_defaultlib.TB xil_defaultlib.glbl -log elaborate.log 
Using 2 slave threads.
Starting static elaboration
Pass Through NonSizing Optimizer
ERROR: [VRFC 10-3818] variable 'st_override' is driven by invalid combination of procedural drivers [C:/Users/Prasit/Documents/ACSA_RISCV/vivado_gui/rv_perceptron/rv_perceptron.srcs/sources_1/new/perceptronPredictor.sv:662]
WARNING: [VRFC 10-2921] 'st_override' driven by this always_ff block should not be driven by any other process [C:/Users/Prasit/Documents/ACSA_RISCV/vivado_gui/rv_perceptron/rv_perceptron.srcs/sources_1/new/perceptronPredictor.sv:680]
ERROR: [VRFC 10-3818] variable 'st_branches' is driven by invalid combination of procedural drivers [C:/Users/Prasit/Documents/ACSA_RISCV/vivado_gui/rv_perceptron/rv_perceptron.srcs/sources_1/new/perceptronPredictor.sv:658]
ERROR: [VRFC 10-3818] variable 'st_bimUsed' is driven by invalid combination of procedural drivers [C:/Users/Prasit/Documents/ACSA_RISCV/vivado_gui/rv_perceptron/rv_perceptron.srcs/sources_1/new/perceptronPredictor.sv:660]
ERROR: [VRFC 10-3818] variable 'st_percUsed' is driven by invalid combination of procedural drivers [C:/Users/Prasit/Documents/ACSA_RISCV/vivado_gui/rv_perceptron/rv_perceptron.srcs/sources_1/new/perceptronPredictor.sv:659]
ERROR: [VRFC 10-3818] variable 'st_percAlone' is driven by invalid combination of procedural drivers [C:/Users/Prasit/Documents/ACSA_RISCV/vivado_gui/rv_perceptron/rv_perceptron.srcs/sources_1/new/perceptronPredictor.sv:661]
ERROR: [XSIM 43-3322] Static elaboration of top level Verilog design unit(s) in library work failed.
INFO: [USF-XSim-69] 'elaborate' step finished in '2' seconds
INFO: [USF-XSim-99] Step results log file:'C:/Users/Prasit/Documents/ACSA_RISCV/vivado_gui/rv_perceptron/rv_perceptron.sim/sim_1/behav/xsim/elaborate.log'
ERROR: [USF-XSim-62] 'elaborate' step failed with error(s). Please check the Tcl console output or 'C:/Users/Prasit/Documents/ACSA_RISCV/vivado_gui/rv_perceptron/rv_perceptron.sim/sim_1/behav/xsim/elaborate.log' file for more information.
ERROR: [Vivado 12-4473] Detected error while running simulation. Please correct the issue and retry this operation.
launch_simulation: Time (s): cpu = 00:00:01 ; elapsed = 00:00:08 . Memory (MB): peak = 1604.023 ; gain = 0.000
ERROR: [Common 17-39] 'launch_simulation' failed due to earlier errors.
WARNING: [filemgmt 56-199] Attempt to get parsing info during refresh. "On-the-fly" syntax checking information may be incorrect. [C:\Users\Prasit\Documents\ACSA_RISCV\vivado_gui\rv_perceptron\rv_perceptron.srcs\sources_1\new\perceptronPredictor.sv:]
WARNING: [filemgmt 56-199] Attempt to get parsing info during refresh. "On-the-fly" syntax checking information may be incorrect. [C:\Users\Prasit\Documents\ACSA_RISCV\vivado_gui\rv_perceptron\rv_perceptron.srcs\sim_1\new\simUart.sv:]
WARNING: [filemgmt 56-199] Attempt to get parsing info during refresh. "On-the-fly" syntax checking information may be incorrect. [C:\Users\Prasit\Documents\ACSA_RISCV\vivado_gui\rv_perceptron\rv_perceptron.srcs\sim_1\new\dmem.sv:]
WARNING: [filemgmt 56-199] Attempt to get parsing info during refresh. "On-the-fly" syntax checking information may be incorrect. [C:\Users\Prasit\Documents\ACSA_RISCV\vivado_gui\rv_perceptron\rv_perceptron.srcs\sim_1\new\TB.sv:]
WARNING: [filemgmt 56-199] Attempt to get parsing info during refresh. "On-the-fly" syntax checking information may be incorrect. [C:\Users\Prasit\Documents\ACSA_RISCV\vivado_gui\rv_perceptron\rv_perceptron.srcs\sources_1\new\classicPredictor.sv:]
WARNING: [filemgmt 56-199] Attempt to get parsing info during refresh. "On-the-fly" syntax checking information may be incorrect. [C:\Users\Prasit\Documents\ACSA_RISCV\vivado_gui\rv_perceptron\rv_perceptron.srcs\sim_1\new\imem.sv:]
WARNING: [filemgmt 56-199] Attempt to get parsing info during refresh. "On-the-fly" syntax checking information may be incorrect. [C:\Users\Prasit\Documents\ACSA_RISCV\vivado_gui\rv_perceptron\rv_perceptron.srcs\sources_1\new\perceptronPredictor.sv:]
WARNING: [filemgmt 56-199] Attempt to get parsing info during refresh. "On-the-fly" syntax checking information may be incorrect. [C:\Users\Prasit\Documents\ACSA_RISCV\vivado_gui\rv_perceptron\rv_perceptron.srcs\sim_1\new\simUart.sv:]
WARNING: [filemgmt 56-199] Attempt to get parsing info during refresh. "On-the-fly" syntax checking information may be incorrect. [C:\Users\Prasit\Documents\ACSA_RISCV\vivado_gui\rv_perceptron\rv_perceptron.srcs\sim_1\new\dmem.sv:]
WARNING: [filemgmt 56-199] Attempt to get parsing info during refresh. "On-the-fly" syntax checking information may be incorrect. [C:\Users\Prasit\Documents\ACSA_RISCV\vivado_gui\rv_perceptron\rv_perceptron.srcs\sim_1\new\TB.sv:]
WARNING: [filemgmt 56-199] Attempt to get parsing info during refresh. "On-the-fly" syntax checking information may be incorrect. [C:\Users\Prasit\Documents\ACSA_RISCV\vivado_gui\rv_perceptron\rv_perceptron.srcs\sources_1\new\classicPredictor.sv:]
WARNING: [filemgmt 56-199] Attempt to get parsing info during refresh. "On-the-fly" syntax checking information may be incorrect. [C:\Users\Prasit\Documents\ACSA_RISCV\vivado_gui\rv_perceptron\rv_perceptron.srcs\sim_1\new\imem.sv:]
WARNING: [filemgmt 56-199] Attempt to get parsing info during refresh. "On-the-fly" syntax checking information may be incorrect. [C:\Users\Prasit\Documents\ACSA_RISCV\vivado_gui\rv_perceptron\rv_perceptron.srcs\sources_1\new\perceptronPredictor.sv:]
WARNING: [filemgmt 56-199] Attempt to get parsing info during refresh. "On-the-fly" syntax checking information may be incorrect. [C:\Users\Prasit\Documents\ACSA_RISCV\vivado_gui\rv_perceptron\rv_perceptron.srcs\sim_1\new\simUart.sv:]
WARNING: [filemgmt 56-199] Attempt to get parsing info during refresh. "On-the-fly" syntax checking information may be incorrect. [C:\Users\Prasit\Documents\ACSA_RISCV\vivado_gui\rv_perceptron\rv_perceptron.srcs\sim_1\new\dmem.sv:]
WARNING: [filemgmt 56-199] Attempt to get parsing info during refresh. "On-the-fly" syntax checking information may be incorrect. [C:\Users\Prasit\Documents\ACSA_RISCV\vivado_gui\rv_perceptron\rv_perceptron.srcs\sim_1\new\TB.sv:]
WARNING: [filemgmt 56-199] Attempt to get parsing info during refresh. "On-the-fly" syntax checking information may be incorrect. [C:\Users\Prasit\Documents\ACSA_RISCV\vivado_gui\rv_perceptron\rv_perceptron.srcs\sources_1\new\classicPredictor.sv:]
WARNING: [filemgmt 56-199] Attempt to get parsing info during refresh. "On-the-fly" syntax checking information may be incorrect. [C:\Users\Prasit\Documents\ACSA_RISCV\vivado_gui\rv_perceptron\rv_perceptron.srcs\sim_1\new\imem.sv:]
WARNING: [filemgmt 56-199] Attempt to get parsing info during refresh. "On-the-fly" syntax checking information may be incorrect. [C:\Users\Prasit\Documents\ACSA_RISCV\vivado_gui\rv_perceptron\rv_perceptron.srcs\sources_1\new\perceptronPredictor.sv:]
WARNING: [filemgmt 56-199] Attempt to get parsing info during refresh. "On-the-fly" syntax checking information may be incorrect. [C:\Users\Prasit\Documents\ACSA_RISCV\vivado_gui\rv_perceptron\rv_perceptron.srcs\sim_1\new\simUart.sv:]
WARNING: [filemgmt 56-199] Attempt to get parsing info during refresh. "On-the-fly" syntax checking information may be incorrect. [C:\Users\Prasit\Documents\ACSA_RISCV\vivado_gui\rv_perceptron\rv_perceptron.srcs\sim_1\new\dmem.sv:]
WARNING: [filemgmt 56-199] Attempt to get parsing info during refresh. "On-the-fly" syntax checking information may be incorrect. [C:\Users\Prasit\Documents\ACSA_RISCV\vivado_gui\rv_perceptron\rv_perceptron.srcs\sim_1\new\TB.sv:]
WARNING: [filemgmt 56-199] Attempt to get parsing info during refresh. "On-the-fly" syntax checking information may be incorrect. [C:\Users\Prasit\Documents\ACSA_RISCV\vivado_gui\rv_perceptron\rv_perceptron.srcs\sources_1\new\classicPredictor.sv:]
WARNING: [filemgmt 56-199] Attempt to get parsing info during refresh. "On-the-fly" syntax checking information may be incorrect. [C:\Users\Prasit\Documents\ACSA_RISCV\vivado_gui\rv_perceptron\rv_perceptron.srcs\sim_1\new\imem.sv:]
WARNING: [filemgmt 56-199] Attempt to get parsing info during refresh. "On-the-fly" syntax checking information may be incorrect. [C:\Users\Prasit\Documents\ACSA_RISCV\vivado_gui\rv_perceptron\rv_perceptron.srcs\sources_1\new\perceptronPredictor.sv:]
WARNING: [filemgmt 56-199] Attempt to get parsing info during refresh. "On-the-fly" syntax checking information may be incorrect. [C:\Users\Prasit\Documents\ACSA_RISCV\vivado_gui\rv_perceptron\rv_perceptron.srcs\sim_1\new\simUart.sv:]
WARNING: [filemgmt 56-199] Attempt to get parsing info during refresh. "On-the-fly" syntax checking information may be incorrect. [C:\Users\Prasit\Documents\ACSA_RISCV\vivado_gui\rv_perceptron\rv_perceptron.srcs\sim_1\new\dmem.sv:]
WARNING: [filemgmt 56-199] Attempt to get parsing info during refresh. "On-the-fly" syntax checking information may be incorrect. [C:\Users\Prasit\Documents\ACSA_RISCV\vivado_gui\rv_perceptron\rv_perceptron.srcs\sim_1\new\TB.sv:]
WARNING: [filemgmt 56-199] Attempt to get parsing info during refresh. "On-the-fly" syntax checking information may be incorrect. [C:\Users\Prasit\Documents\ACSA_RISCV\vivado_gui\rv_perceptron\rv_perceptron.srcs\sources_1\new\classicPredictor.sv:]
WARNING: [filemgmt 56-199] Attempt to get parsing info during refresh. "On-the-fly" syntax checking information may be incorrect. [C:\Users\Prasit\Documents\ACSA_RISCV\vivado_gui\rv_perceptron\rv_perceptron.srcs\sim_1\new\imem.sv:]
ERROR: [Common 17-180] Spawn failed: No error
WARNING: [filemgmt 56-199] Attempt to get parsing info during refresh. "On-the-fly" syntax checking information may be incorrect. [C:\Users\Prasit\Documents\ACSA_RISCV\vivado_gui\rv_perceptron\rv_perceptron.srcs\sources_1\new\perceptronPredictor.sv:]
WARNING: [filemgmt 56-199] Attempt to get parsing info during refresh. "On-the-fly" syntax checking information may be incorrect. [C:\Users\Prasit\Documents\ACSA_RISCV\vivado_gui\rv_perceptron\rv_perceptron.srcs\sim_1\new\simUart.sv:]
WARNING: [filemgmt 56-199] Attempt to get parsing info during refresh. "On-the-fly" syntax checking information may be incorrect. [C:\Users\Prasit\Documents\ACSA_RISCV\vivado_gui\rv_perceptron\rv_perceptron.srcs\sim_1\new\dmem.sv:]
WARNING: [filemgmt 56-199] Attempt to get parsing info during refresh. "On-the-fly" syntax checking information may be incorrect. [C:\Users\Prasit\Documents\ACSA_RISCV\vivado_gui\rv_perceptron\rv_perceptron.srcs\sim_1\new\TB.sv:]
WARNING: [filemgmt 56-199] Attempt to get parsing info during refresh. "On-the-fly" syntax checking information may be incorrect. [C:\Users\Prasit\Documents\ACSA_RISCV\vivado_gui\rv_perceptron\rv_perceptron.srcs\sources_1\new\classicPredictor.sv:]
WARNING: [filemgmt 56-199] Attempt to get parsing info during refresh. "On-the-fly" syntax checking information may be incorrect. [C:\Users\Prasit\Documents\ACSA_RISCV\vivado_gui\rv_perceptron\rv_perceptron.srcs\sim_1\new\imem.sv:]
WARNING: [filemgmt 56-199] Attempt to get parsing info during refresh. "On-the-fly" syntax checking information may be incorrect. [C:\Users\Prasit\Documents\ACSA_RISCV\vivado_gui\rv_perceptron\rv_perceptron.srcs\sources_1\new\perceptronPredictor.sv:]
WARNING: [filemgmt 56-199] Attempt to get parsing info during refresh. "On-the-fly" syntax checking information may be incorrect. [C:\Users\Prasit\Documents\ACSA_RISCV\vivado_gui\rv_perceptron\rv_perceptron.srcs\sim_1\new\simUart.sv:]
WARNING: [filemgmt 56-199] Attempt to get parsing info during refresh. "On-the-fly" syntax checking information may be incorrect. [C:\Users\Prasit\Documents\ACSA_RISCV\vivado_gui\rv_perceptron\rv_perceptron.srcs\sim_1\new\dmem.sv:]
WARNING: [filemgmt 56-199] Attempt to get parsing info during refresh. "On-the-fly" syntax checking information may be incorrect. [C:\Users\Prasit\Documents\ACSA_RISCV\vivado_gui\rv_perceptron\rv_perceptron.srcs\sim_1\new\TB.sv:]
WARNING: [filemgmt 56-199] Attempt to get parsing info during refresh. "On-the-fly" syntax checking information may be incorrect. [C:\Users\Prasit\Documents\ACSA_RISCV\vivado_gui\rv_perceptron\rv_perceptron.srcs\sources_1\new\classicPredictor.sv:]
WARNING: [filemgmt 56-199] Attempt to get parsing info during refresh. "On-the-fly" syntax checking information may be incorrect. [C:\Users\Prasit\Documents\ACSA_RISCV\vivado_gui\rv_perceptron\rv_perceptron.srcs\sim_1\new\imem.sv:]
WARNING: [filemgmt 56-199] Attempt to get parsing info during refresh. "On-the-fly" syntax checking information may be incorrect. [C:\Users\Prasit\Documents\ACSA_RISCV\vivado_gui\rv_perceptron\rv_perceptron.srcs\sources_1\new\perceptronPredictor.sv:]
WARNING: [filemgmt 56-199] Attempt to get parsing info during refresh. "On-the-fly" syntax checking information may be incorrect. [C:\Users\Prasit\Documents\ACSA_RISCV\vivado_gui\rv_perceptron\rv_perceptron.srcs\sim_1\new\simUart.sv:]
WARNING: [filemgmt 56-199] Attempt to get parsing info during refresh. "On-the-fly" syntax checking information may be incorrect. [C:\Users\Prasit\Documents\ACSA_RISCV\vivado_gui\rv_perceptron\rv_perceptron.srcs\sim_1\new\dmem.sv:]
WARNING: [filemgmt 56-199] Attempt to get parsing info during refresh. "On-the-fly" syntax checking information may be incorrect. [C:\Users\Prasit\Documents\ACSA_RISCV\vivado_gui\rv_perceptron\rv_perceptron.srcs\sim_1\new\TB.sv:]
WARNING: [filemgmt 56-199] Attempt to get parsing info during refresh. "On-the-fly" syntax checking information may be incorrect. [C:\Users\Prasit\Documents\ACSA_RISCV\vivado_gui\rv_perceptron\rv_perceptron.srcs\sources_1\new\classicPredictor.sv:]
WARNING: [filemgmt 56-199] Attempt to get parsing info during refresh. "On-the-fly" syntax checking information may be incorrect. [C:\Users\Prasit\Documents\ACSA_RISCV\vivado_gui\rv_perceptron\rv_perceptron.srcs\sim_1\new\imem.sv:]
ERROR: [Common 17-180] Spawn failed: No error
ERROR: [Common 17-180] Spawn failed: No error
ERROR: [Common 17-180] Spawn failed: No error
launch_simulation
Command: launch_simulation 
INFO: [Vivado 12-12493] Simulation top is 'TB'
WARNING: [Vivado 12-13340] Unable to auto find GCC executables from simulator install path! (path not set)
INFO: [Vivado 12-5682] Launching behavioral simulation in 'C:/Users/Prasit/Documents/ACSA_RISCV/vivado_gui/rv_perceptron/rv_perceptron.sim/sim_1/behav/xsim'
INFO: [SIM-utils-51] Simulation object is 'sim_1'
INFO: [SIM-utils-72] Using boost library from 'C:/Xilinx/Vivado/2023.2/tps/boost_1_72_0'
INFO: [SIM-utils-54] Inspecting design source files for 'TB' in fileset 'sim_1'...
INFO: [SIM-utils-43] Exported 'C:/Users/Prasit/Documents/ACSA_RISCV/vivado_gui/rv_perceptron/rv_perceptron.sim/sim_1/behav/xsim/code.mem'
INFO: [SIM-utils-43] Exported 'C:/Users/Prasit/Documents/ACSA_RISCV/vivado_gui/rv_perceptron/rv_perceptron.sim/sim_1/behav/xsim/data.mem'
INFO: [SIM-utils-43] Exported 'C:/Users/Prasit/Documents/ACSA_RISCV/vivado_gui/rv_perceptron/rv_perceptron.sim/sim_1/behav/xsim/code.mem'
INFO: [SIM-utils-43] Exported 'C:/Users/Prasit/Documents/ACSA_RISCV/vivado_gui/rv_perceptron/rv_perceptron.sim/sim_1/behav/xsim/data.mem'
INFO: [USF-XSim-97] Finding global include files...
INFO: [USF-XSim-98] Fetching design files from 'sim_1'...
INFO: [USF-XSim-2] XSim::Compile design
INFO: [USF-XSim-61] Executing 'COMPILE and ANALYZE' step in 'C:/Users/Prasit/Documents/ACSA_RISCV/vivado_gui/rv_perceptron/rv_perceptron.sim/sim_1/behav/xsim'
"xvlog --incr --relax -L uvm -d PRED_PERCEPTRON -i C:\Users\Prasit\Documents\ACSA_RISCV\vivado_gui\rv_perceptron\rv_perceptron.srcs\sources_1\new -prj TB_vlog.prj"
ECHO is off.
ECHO is off.
INFO: [VRFC 10-2263] Analyzing SystemVerilog file "C:/Users/Prasit/Documents/ACSA_RISCV/vivado_gui/rv_perceptron/rv_perceptron.srcs/sources_1/new/alu.sv" into library xil_defaultlib
INFO: [VRFC 10-311] analyzing module alu
INFO: [VRFC 10-2263] Analyzing SystemVerilog file "C:/Users/Prasit/Documents/ACSA_RISCV/vivado_gui/rv_perceptron/rv_perceptron.srcs/sources_1/new/classicPredictor.sv" into library xil_defaultlib
WARNING: [VRFC 10-3381] ignoring re-definition of command line macro 'PRED_PERCEPTRON' [../../../../rv_perceptron.srcs/sources_1/new/bp_config.vh:93]
INFO: [VRFC 10-311] analyzing module classicPredictor
INFO: [VRFC 10-2263] Analyzing SystemVerilog file "C:/Users/Prasit/Documents/ACSA_RISCV/vivado_gui/rv_perceptron/rv_perceptron.srcs/sources_1/new/controlUnit.sv" into library xil_defaultlib
INFO: [VRFC 10-311] analyzing module controlUnit
INFO: [VRFC 10-2263] Analyzing SystemVerilog file "C:/Users/Prasit/Documents/ACSA_RISCV/vivado_gui/rv_perceptron/rv_perceptron.srcs/sources_1/new/core.sv" into library xil_defaultlib
INFO: [VRFC 10-311] analyzing module core
INFO: [VRFC 10-2263] Analyzing SystemVerilog file "C:/Users/Prasit/Documents/ACSA_RISCV/vivado_gui/rv_perceptron/rv_perceptron.srcs/sources_1/new/csrFile.sv" into library xil_defaultlib
INFO: [VRFC 10-311] analyzing module csrFile
INFO: [VRFC 10-2263] Analyzing SystemVerilog file "C:/Users/Prasit/Documents/ACSA_RISCV/vivado_gui/rv_perceptron/rv_perceptron.srcs/sources_1/new/csrUnit.sv" into library xil_defaultlib
INFO: [VRFC 10-311] analyzing module csrUnit
INFO: [VRFC 10-2263] Analyzing SystemVerilog file "C:/Users/Prasit/Documents/ACSA_RISCV/vivado_gui/rv_perceptron/rv_perceptron.srcs/sim_1/new/dmem.sv" into library xil_defaultlib
INFO: [VRFC 10-311] analyzing module dmem
INFO: [VRFC 10-2263] Analyzing SystemVerilog file "C:/Users/Prasit/Documents/ACSA_RISCV/vivado_gui/rv_perceptron/rv_perceptron.srcs/sources_1/new/extend.sv" into library xil_defaultlib
INFO: [VRFC 10-311] analyzing module extend
INFO: [VRFC 10-2263] Analyzing SystemVerilog file "C:/Users/Prasit/Documents/ACSA_RISCV/vivado_gui/rv_perceptron/rv_perceptron.srcs/sources_1/new/hazardUnit.sv" into library xil_defaultlib
INFO: [VRFC 10-311] analyzing module hazardUnit
INFO: [VRFC 10-2263] Analyzing SystemVerilog file "C:/Users/Prasit/Documents/ACSA_RISCV/vivado_gui/rv_perceptron/rv_perceptron.srcs/sim_1/new/imem.sv" into library xil_defaultlib
INFO: [VRFC 10-311] analyzing module imem
INFO: [VRFC 10-2263] Analyzing SystemVerilog file "C:/Users/Prasit/Documents/ACSA_RISCV/vivado_gui/rv_perceptron/rv_perceptron.srcs/sources_1/new/perceptronPredictor.sv" into library xil_defaultlib
INFO: [VRFC 10-311] analyzing module perceptronPredictor
INFO: [VRFC 10-2263] Analyzing SystemVerilog file "C:/Users/Prasit/Documents/ACSA_RISCV/vivado_gui/rv_perceptron/rv_perceptron.srcs/sources_1/new/registerFile.sv" into library xil_defaultlib
INFO: [VRFC 10-311] analyzing module registerFile
INFO: [VRFC 10-2263] Analyzing SystemVerilog file "C:/Users/Prasit/Documents/ACSA_RISCV/vivado_gui/rv_perceptron/rv_perceptron.srcs/sim_1/new/simUart.sv" into library xil_defaultlib
INFO: [VRFC 10-311] analyzing module simUart
INFO: [VRFC 10-2263] Analyzing SystemVerilog file "C:/Users/Prasit/Documents/ACSA_RISCV/vivado_gui/rv_perceptron/rv_perceptron.srcs/sources_1/new/stageDecode.sv" into library xil_defaultlib
INFO: [VRFC 10-311] analyzing module stageDecode
INFO: [VRFC 10-2263] Analyzing SystemVerilog file "C:/Users/Prasit/Documents/ACSA_RISCV/vivado_gui/rv_perceptron/rv_perceptron.srcs/sources_1/new/stageExecute.sv" into library xil_defaultlib
INFO: [VRFC 10-311] analyzing module stageExecute
INFO: [VRFC 10-2263] Analyzing SystemVerilog file "C:/Users/Prasit/Documents/ACSA_RISCV/vivado_gui/rv_perceptron/rv_perceptron.srcs/sources_1/new/stageInstFetch.sv" into library xil_defaultlib
INFO: [VRFC 10-311] analyzing module stageInstFetch
INFO: [VRFC 10-2263] Analyzing SystemVerilog file "C:/Users/Prasit/Documents/ACSA_RISCV/vivado_gui/rv_perceptron/rv_perceptron.srcs/sources_1/new/stageMem.sv" into library xil_defaultlib
INFO: [VRFC 10-311] analyzing module stageMem
INFO: [VRFC 10-2263] Analyzing SystemVerilog file "C:/Users/Prasit/Documents/ACSA_RISCV/vivado_gui/rv_perceptron/rv_perceptron.srcs/sources_1/new/stageWback.sv" into library xil_defaultlib
INFO: [VRFC 10-311] analyzing module stageWback
INFO: [VRFC 10-2263] Analyzing SystemVerilog file "C:/Users/Prasit/Documents/ACSA_RISCV/vivado_gui/rv_perceptron/rv_perceptron.srcs/sim_1/new/TB.sv" into library xil_defaultlib
INFO: [VRFC 10-311] analyzing module TB
INFO: [USF-XSim-69] 'compile' step finished in '3' seconds
INFO: [USF-XSim-3] XSim::Elaborate design
INFO: [USF-XSim-61] Executing 'ELABORATE' step in 'C:/Users/Prasit/Documents/ACSA_RISCV/vivado_gui/rv_perceptron/rv_perceptron.sim/sim_1/behav/xsim'
"xelab --incr --debug typical --relax --mt 2 -L xil_defaultlib -L uvm -L unisims_ver -L unimacro_ver -L secureip --snapshot TB_behav xil_defaultlib.TB xil_defaultlib.glbl -log elaborate.log"
ECHO is off.
ECHO is off.
Vivado Simulator v2023.2
Copyright 1986-2022 Xilinx, Inc. All Rights Reserved.
Copyright 2022-2023 Advanced Micro Devices, Inc. All Rights Reserved.
Running: C:/Xilinx/Vivado/2023.2/bin/unwrapped/win64.o/xelab.exe --incr --debug typical --relax --mt 2 -L xil_defaultlib -L uvm -L unisims_ver -L unimacro_ver -L secureip --snapshot TB_behav xil_defaultlib.TB xil_defaultlib.glbl -log elaborate.log 
Using 2 slave threads.
Starting static elaboration
Pass Through NonSizing Optimizer
Completed static elaboration
Starting simulation data flow analysis
WARNING: [XSIM 43-4099] "C:/Users/Prasit/Documents/ACSA_RISCV/vivado_gui/rv_perceptron/rv_perceptron.srcs/sources_1/new/controlUnit.sv" Line 1. Module controlUnit doesn't have a timescale but at least one module in design has a timescale.
WARNING: [XSIM 43-4099] "C:/Users/Prasit/Documents/ACSA_RISCV/vivado_gui/rv_perceptron/rv_perceptron.srcs/sources_1/new/alu.sv" Line 1. Module alu doesn't have a timescale but at least one module in design has a timescale.
WARNING: [XSIM 43-4099] "C:/Users/Prasit/Documents/ACSA_RISCV/vivado_gui/rv_perceptron/rv_perceptron.srcs/sources_1/new/controlUnit.sv" Line 1. Module controlUnit doesn't have a timescale but at least one module in design has a timescale.
WARNING: [XSIM 43-4099] "C:/Users/Prasit/Documents/ACSA_RISCV/vivado_gui/rv_perceptron/rv_perceptron.srcs/sources_1/new/alu.sv" Line 1. Module alu doesn't have a timescale but at least one module in design has a timescale.
Completed simulation data flow analysis
Time Resolution for simulation is 1ps
Compiling module xil_defaultlib.hazardUnit
Compiling module xil_defaultlib.stageInstFetch
Compiling module xil_defaultlib.controlUnit
Compiling module xil_defaultlib.extend
Compiling module xil_defaultlib.registerFile
Compiling module xil_defaultlib.csrFile
Compiling module xil_defaultlib.stageDecode
Compiling module xil_defaultlib.alu
Compiling module xil_defaultlib.csrUnit
Compiling module xil_defaultlib.stageExecute
Compiling module xil_defaultlib.stageMem
Compiling module xil_defaultlib.stageWback
Compiling module xil_defaultlib.perceptronPredictor_default
Compiling module xil_defaultlib.core_default
Compiling module xil_defaultlib.imem_default
Compiling module xil_defaultlib.dmem
Compiling module xil_defaultlib.simUart
Compiling module xil_defaultlib.TB
Compiling module xil_defaultlib.glbl
Built simulation snapshot TB_behav
run_program: Time (s): cpu = 00:00:01 ; elapsed = 00:00:10 . Memory (MB): peak = 1618.633 ; gain = 0.000
INFO: [USF-XSim-69] 'elaborate' step finished in '10' seconds
INFO: [USF-XSim-4] XSim::Simulate design
INFO: [USF-XSim-61] Executing 'SIMULATE' step in 'C:/Users/Prasit/Documents/ACSA_RISCV/vivado_gui/rv_perceptron/rv_perceptron.sim/sim_1/behav/xsim'
INFO: [USF-XSim-98] *** Running xsim
   with args "TB_behav -key {Behavioral:sim_1:Functional:TB} -tclbatch {C:\Users\Prasit\Documents\ACSA_RISCV\vivado_gui\rv_perceptron\xsim_waves.tcl} -log {simulate.log}"
INFO: [USF-XSim-8] Loading simulator feature
Time resolution is 1 ps
source {C:UsersPrasitDocumentsACSA_RISCVivado_guiv_perceptronxsim_waves.tcl}
couldn't read file "C:UsersPrasitDocumentsACSA_RISCVivado_guiv_perceptronxsim_waves.tcl": no such file or directory
INFO: [USF-XSim-96] XSim completed. Design snapshot 'TB_behav' loaded.
INFO: [USF-XSim-97] XSim simulation ran for all
launch_simulation: Time (s): cpu = 00:00:03 ; elapsed = 00:00:16 . Memory (MB): peak = 1618.633 ; gain = 0.000
close_sim
INFO: [Simtcl 6-16] Simulation closed
launch_simulation
Command: launch_simulation 
INFO: [Vivado 12-12493] Simulation top is 'TB'
WARNING: [Vivado 12-13340] Unable to auto find GCC executables from simulator install path! (path not set)
INFO: [Vivado 12-5682] Launching behavioral simulation in 'C:/Users/Prasit/Documents/ACSA_RISCV/vivado_gui/rv_perceptron/rv_perceptron.sim/sim_1/behav/xsim'
INFO: [SIM-utils-51] Simulation object is 'sim_1'
INFO: [SIM-utils-72] Using boost library from 'C:/Xilinx/Vivado/2023.2/tps/boost_1_72_0'
INFO: [SIM-utils-54] Inspecting design source files for 'TB' in fileset 'sim_1'...
INFO: [SIM-utils-43] Exported 'C:/Users/Prasit/Documents/ACSA_RISCV/vivado_gui/rv_perceptron/rv_perceptron.sim/sim_1/behav/xsim/code.mem'
INFO: [SIM-utils-43] Exported 'C:/Users/Prasit/Documents/ACSA_RISCV/vivado_gui/rv_perceptron/rv_perceptron.sim/sim_1/behav/xsim/data.mem'
INFO: [SIM-utils-43] Exported 'C:/Users/Prasit/Documents/ACSA_RISCV/vivado_gui/rv_perceptron/rv_perceptron.sim/sim_1/behav/xsim/code.mem'
INFO: [SIM-utils-43] Exported 'C:/Users/Prasit/Documents/ACSA_RISCV/vivado_gui/rv_perceptron/rv_perceptron.sim/sim_1/behav/xsim/data.mem'
INFO: [USF-XSim-97] Finding global include files...
INFO: [USF-XSim-98] Fetching design files from 'sim_1'...
INFO: [USF-XSim-2] XSim::Compile design
INFO: [USF-XSim-61] Executing 'COMPILE and ANALYZE' step in 'C:/Users/Prasit/Documents/ACSA_RISCV/vivado_gui/rv_perceptron/rv_perceptron.sim/sim_1/behav/xsim'
"xvlog --incr --relax -L uvm -d PRED_PERCEPTRON -i C:\Users\Prasit\Documents\ACSA_RISCV\vivado_gui\rv_perceptron\rv_perceptron.srcs\sources_1\new -prj TB_vlog.prj"
ECHO is off.
ECHO is off.
INFO: [VRFC 10-2263] Analyzing SystemVerilog file "C:/Users/Prasit/Documents/ACSA_RISCV/vivado_gui/rv_perceptron/rv_perceptron.srcs/sources_1/new/alu.sv" into library xil_defaultlib
INFO: [VRFC 10-311] analyzing module alu
INFO: [VRFC 10-2263] Analyzing SystemVerilog file "C:/Users/Prasit/Documents/ACSA_RISCV/vivado_gui/rv_perceptron/rv_perceptron.srcs/sources_1/new/classicPredictor.sv" into library xil_defaultlib
WARNING: [VRFC 10-3381] ignoring re-definition of command line macro 'PRED_PERCEPTRON' [../../../../rv_perceptron.srcs/sources_1/new/bp_config.vh:93]
INFO: [VRFC 10-311] analyzing module classicPredictor
INFO: [VRFC 10-2263] Analyzing SystemVerilog file "C:/Users/Prasit/Documents/ACSA_RISCV/vivado_gui/rv_perceptron/rv_perceptron.srcs/sources_1/new/controlUnit.sv" into library xil_defaultlib
INFO: [VRFC 10-311] analyzing module controlUnit
INFO: [VRFC 10-2263] Analyzing SystemVerilog file "C:/Users/Prasit/Documents/ACSA_RISCV/vivado_gui/rv_perceptron/rv_perceptron.srcs/sources_1/new/core.sv" into library xil_defaultlib
INFO: [VRFC 10-311] analyzing module core
INFO: [VRFC 10-2263] Analyzing SystemVerilog file "C:/Users/Prasit/Documents/ACSA_RISCV/vivado_gui/rv_perceptron/rv_perceptron.srcs/sources_1/new/csrFile.sv" into library xil_defaultlib
INFO: [VRFC 10-311] analyzing module csrFile
INFO: [VRFC 10-2263] Analyzing SystemVerilog file "C:/Users/Prasit/Documents/ACSA_RISCV/vivado_gui/rv_perceptron/rv_perceptron.srcs/sources_1/new/csrUnit.sv" into library xil_defaultlib
INFO: [VRFC 10-311] analyzing module csrUnit
INFO: [VRFC 10-2263] Analyzing SystemVerilog file "C:/Users/Prasit/Documents/ACSA_RISCV/vivado_gui/rv_perceptron/rv_perceptron.srcs/sim_1/new/dmem.sv" into library xil_defaultlib
INFO: [VRFC 10-311] analyzing module dmem
INFO: [VRFC 10-2263] Analyzing SystemVerilog file "C:/Users/Prasit/Documents/ACSA_RISCV/vivado_gui/rv_perceptron/rv_perceptron.srcs/sources_1/new/extend.sv" into library xil_defaultlib
INFO: [VRFC 10-311] analyzing module extend
INFO: [VRFC 10-2263] Analyzing SystemVerilog file "C:/Users/Prasit/Documents/ACSA_RISCV/vivado_gui/rv_perceptron/rv_perceptron.srcs/sources_1/new/hazardUnit.sv" into library xil_defaultlib
INFO: [VRFC 10-311] analyzing module hazardUnit
INFO: [VRFC 10-2263] Analyzing SystemVerilog file "C:/Users/Prasit/Documents/ACSA_RISCV/vivado_gui/rv_perceptron/rv_perceptron.srcs/sim_1/new/imem.sv" into library xil_defaultlib
INFO: [VRFC 10-311] analyzing module imem
INFO: [VRFC 10-2263] Analyzing SystemVerilog file "C:/Users/Prasit/Documents/ACSA_RISCV/vivado_gui/rv_perceptron/rv_perceptron.srcs/sources_1/new/perceptronPredictor.sv" into library xil_defaultlib
INFO: [VRFC 10-311] analyzing module perceptronPredictor
INFO: [VRFC 10-2263] Analyzing SystemVerilog file "C:/Users/Prasit/Documents/ACSA_RISCV/vivado_gui/rv_perceptron/rv_perceptron.srcs/sources_1/new/registerFile.sv" into library xil_defaultlib
INFO: [VRFC 10-311] analyzing module registerFile
INFO: [VRFC 10-2263] Analyzing SystemVerilog file "C:/Users/Prasit/Documents/ACSA_RISCV/vivado_gui/rv_perceptron/rv_perceptron.srcs/sim_1/new/simUart.sv" into library xil_defaultlib
INFO: [VRFC 10-311] analyzing module simUart
INFO: [VRFC 10-2263] Analyzing SystemVerilog file "C:/Users/Prasit/Documents/ACSA_RISCV/vivado_gui/rv_perceptron/rv_perceptron.srcs/sources_1/new/stageDecode.sv" into library xil_defaultlib
INFO: [VRFC 10-311] analyzing module stageDecode
INFO: [VRFC 10-2263] Analyzing SystemVerilog file "C:/Users/Prasit/Documents/ACSA_RISCV/vivado_gui/rv_perceptron/rv_perceptron.srcs/sources_1/new/stageExecute.sv" into library xil_defaultlib
INFO: [VRFC 10-311] analyzing module stageExecute
INFO: [VRFC 10-2263] Analyzing SystemVerilog file "C:/Users/Prasit/Documents/ACSA_RISCV/vivado_gui/rv_perceptron/rv_perceptron.srcs/sources_1/new/stageInstFetch.sv" into library xil_defaultlib
INFO: [VRFC 10-311] analyzing module stageInstFetch
INFO: [VRFC 10-2263] Analyzing SystemVerilog file "C:/Users/Prasit/Documents/ACSA_RISCV/vivado_gui/rv_perceptron/rv_perceptron.srcs/sources_1/new/stageMem.sv" into library xil_defaultlib
INFO: [VRFC 10-311] analyzing module stageMem
INFO: [VRFC 10-2263] Analyzing SystemVerilog file "C:/Users/Prasit/Documents/ACSA_RISCV/vivado_gui/rv_perceptron/rv_perceptron.srcs/sources_1/new/stageWback.sv" into library xil_defaultlib
INFO: [VRFC 10-311] analyzing module stageWback
INFO: [VRFC 10-2263] Analyzing SystemVerilog file "C:/Users/Prasit/Documents/ACSA_RISCV/vivado_gui/rv_perceptron/rv_perceptron.srcs/sim_1/new/TB.sv" into library xil_defaultlib
INFO: [VRFC 10-311] analyzing module TB
INFO: [USF-XSim-69] 'compile' step finished in '3' seconds
INFO: [USF-XSim-3] XSim::Elaborate design
INFO: [USF-XSim-61] Executing 'ELABORATE' step in 'C:/Users/Prasit/Documents/ACSA_RISCV/vivado_gui/rv_perceptron/rv_perceptron.sim/sim_1/behav/xsim'
"xelab --incr --debug typical --relax --mt 2 -L xil_defaultlib -L uvm -L unisims_ver -L unimacro_ver -L secureip --snapshot TB_behav xil_defaultlib.TB xil_defaultlib.glbl -log elaborate.log"
ECHO is off.
ECHO is off.
Vivado Simulator v2023.2
Copyright 1986-2022 Xilinx, Inc. All Rights Reserved.
Copyright 2022-2023 Advanced Micro Devices, Inc. All Rights Reserved.
Running: C:/Xilinx/Vivado/2023.2/bin/unwrapped/win64.o/xelab.exe --incr --debug typical --relax --mt 2 -L xil_defaultlib -L uvm -L unisims_ver -L unimacro_ver -L secureip --snapshot TB_behav xil_defaultlib.TB xil_defaultlib.glbl -log elaborate.log 
Using 2 slave threads.
Starting static elaboration
Pass Through NonSizing Optimizer
Completed static elaboration
Starting simulation data flow analysis
WARNING: [XSIM 43-4099] "C:/Users/Prasit/Documents/ACSA_RISCV/vivado_gui/rv_perceptron/rv_perceptron.srcs/sources_1/new/controlUnit.sv" Line 1. Module controlUnit doesn't have a timescale but at least one module in design has a timescale.
WARNING: [XSIM 43-4099] "C:/Users/Prasit/Documents/ACSA_RISCV/vivado_gui/rv_perceptron/rv_perceptron.srcs/sources_1/new/alu.sv" Line 1. Module alu doesn't have a timescale but at least one module in design has a timescale.
WARNING: [XSIM 43-4099] "C:/Users/Prasit/Documents/ACSA_RISCV/vivado_gui/rv_perceptron/rv_perceptron.srcs/sources_1/new/controlUnit.sv" Line 1. Module controlUnit doesn't have a timescale but at least one module in design has a timescale.
WARNING: [XSIM 43-4099] "C:/Users/Prasit/Documents/ACSA_RISCV/vivado_gui/rv_perceptron/rv_perceptron.srcs/sources_1/new/alu.sv" Line 1. Module alu doesn't have a timescale but at least one module in design has a timescale.
Completed simulation data flow analysis
Time Resolution for simulation is 1ps
Compiling module xil_defaultlib.hazardUnit
Compiling module xil_defaultlib.stageInstFetch
Compiling module xil_defaultlib.controlUnit
Compiling module xil_defaultlib.extend
Compiling module xil_defaultlib.registerFile
Compiling module xil_defaultlib.csrFile
Compiling module xil_defaultlib.stageDecode
Compiling module xil_defaultlib.alu
Compiling module xil_defaultlib.csrUnit
Compiling module xil_defaultlib.stageExecute
Compiling module xil_defaultlib.stageMem
Compiling module xil_defaultlib.stageWback
Compiling module xil_defaultlib.perceptronPredictor_default
Compiling module xil_defaultlib.core_default
Compiling module xil_defaultlib.imem_default
Compiling module xil_defaultlib.dmem
Compiling module xil_defaultlib.simUart
Compiling module xil_defaultlib.TB
Compiling module xil_defaultlib.glbl
Built simulation snapshot TB_behav
INFO: [USF-XSim-69] 'elaborate' step finished in '5' seconds
INFO: [USF-XSim-4] XSim::Simulate design
INFO: [USF-XSim-61] Executing 'SIMULATE' step in 'C:/Users/Prasit/Documents/ACSA_RISCV/vivado_gui/rv_perceptron/rv_perceptron.sim/sim_1/behav/xsim'
INFO: [USF-XSim-98] *** Running xsim
   with args "TB_behav -key {Behavioral:sim_1:Functional:TB} -tclbatch {C:\Users\Prasit\Documents\ACSA_RISCV\vivado_gui\rv_perceptron\xsim_waves.tcl} -log {simulate.log}"
INFO: [USF-XSim-8] Loading simulator feature
Time resolution is 1 ps
source {C:UsersPrasitDocumentsACSA_RISCVivado_guiv_perceptronxsim_waves.tcl}
couldn't read file "C:UsersPrasitDocumentsACSA_RISCVivado_guiv_perceptronxsim_waves.tcl": no such file or directory
INFO: [USF-XSim-96] XSim completed. Design snapshot 'TB_behav' loaded.
INFO: [USF-XSim-97] XSim simulation ran for all
launch_simulation: Time (s): cpu = 00:00:03 ; elapsed = 00:00:10 . Memory (MB): peak = 1647.430 ; gain = 28.797
close_sim
INFO: [Simtcl 6-16] Simulation closed
set_property -name {xsim.simulate.custom_tcl} -value {C:/Users/Prasit/Documents/ACSA_RISCV/vivado_gui/rv_perceptron/xsim_waves.tcl} -objects [get_filesets sim_1]
WARNING: [filemgmt 56-199] Attempt to get parsing info during refresh. "On-the-fly" syntax checking information may be incorrect. [C:\Users\Prasit\Documents\ACSA_RISCV\vivado_gui\rv_perceptron\rv_perceptron.srcs\sources_1\new\perceptronPredictor.sv:]
WARNING: [filemgmt 56-199] Attempt to get parsing info during refresh. "On-the-fly" syntax checking information may be incorrect. [C:\Users\Prasit\Documents\ACSA_RISCV\vivado_gui\rv_perceptron\rv_perceptron.srcs\sim_1\new\simUart.sv:]
WARNING: [filemgmt 56-199] Attempt to get parsing info during refresh. "On-the-fly" syntax checking information may be incorrect. [C:\Users\Prasit\Documents\ACSA_RISCV\vivado_gui\rv_perceptron\rv_perceptron.srcs\sim_1\new\dmem.sv:]
WARNING: [filemgmt 56-199] Attempt to get parsing info during refresh. "On-the-fly" syntax checking information may be incorrect. [C:\Users\Prasit\Documents\ACSA_RISCV\vivado_gui\rv_perceptron\rv_perceptron.srcs\sim_1\new\TB.sv:]
WARNING: [filemgmt 56-199] Attempt to get parsing info during refresh. "On-the-fly" syntax checking information may be incorrect. [C:\Users\Prasit\Documents\ACSA_RISCV\vivado_gui\rv_perceptron\rv_perceptron.srcs\sources_1\new\classicPredictor.sv:]
WARNING: [filemgmt 56-199] Attempt to get parsing info during refresh. "On-the-fly" syntax checking information may be incorrect. [C:\Users\Prasit\Documents\ACSA_RISCV\vivado_gui\rv_perceptron\rv_perceptron.srcs\sim_1\new\imem.sv:]
launch_simulation
Command: launch_simulation 
INFO: [Vivado 12-12493] Simulation top is 'TB'
WARNING: [Vivado 12-13340] Unable to auto find GCC executables from simulator install path! (path not set)
INFO: [Vivado 12-5682] Launching behavioral simulation in 'C:/Users/Prasit/Documents/ACSA_RISCV/vivado_gui/rv_perceptron/rv_perceptron.sim/sim_1/behav/xsim'
INFO: [SIM-utils-51] Simulation object is 'sim_1'
INFO: [SIM-utils-72] Using boost library from 'C:/Xilinx/Vivado/2023.2/tps/boost_1_72_0'
INFO: [SIM-utils-54] Inspecting design source files for 'TB' in fileset 'sim_1'...
INFO: [SIM-utils-43] Exported 'C:/Users/Prasit/Documents/ACSA_RISCV/vivado_gui/rv_perceptron/rv_perceptron.sim/sim_1/behav/xsim/code.mem'
INFO: [SIM-utils-43] Exported 'C:/Users/Prasit/Documents/ACSA_RISCV/vivado_gui/rv_perceptron/rv_perceptron.sim/sim_1/behav/xsim/data.mem'
INFO: [SIM-utils-43] Exported 'C:/Users/Prasit/Documents/ACSA_RISCV/vivado_gui/rv_perceptron/rv_perceptron.sim/sim_1/behav/xsim/code.mem'
INFO: [SIM-utils-43] Exported 'C:/Users/Prasit/Documents/ACSA_RISCV/vivado_gui/rv_perceptron/rv_perceptron.sim/sim_1/behav/xsim/data.mem'
INFO: [USF-XSim-97] Finding global include files...
INFO: [USF-XSim-98] Fetching design files from 'sim_1'...
INFO: [USF-XSim-2] XSim::Compile design
INFO: [USF-XSim-61] Executing 'COMPILE and ANALYZE' step in 'C:/Users/Prasit/Documents/ACSA_RISCV/vivado_gui/rv_perceptron/rv_perceptron.sim/sim_1/behav/xsim'
"xvlog --incr --relax -L uvm -d PRED_PERCEPTRON -i C:\Users\Prasit\Documents\ACSA_RISCV\vivado_gui\rv_perceptron\rv_perceptron.srcs\sources_1\new -prj TB_vlog.prj"
ECHO is off.
ECHO is off.
INFO: [USF-XSim-69] 'compile' step finished in '2' seconds
INFO: [USF-XSim-3] XSim::Elaborate design
INFO: [USF-XSim-61] Executing 'ELABORATE' step in 'C:/Users/Prasit/Documents/ACSA_RISCV/vivado_gui/rv_perceptron/rv_perceptron.sim/sim_1/behav/xsim'
"xelab --incr --debug typical --relax --mt 2 -L xil_defaultlib -L uvm -L unisims_ver -L unimacro_ver -L secureip --snapshot TB_behav xil_defaultlib.TB xil_defaultlib.glbl -log elaborate.log"
ECHO is off.
ECHO is off.
Vivado Simulator v2023.2
Copyright 1986-2022 Xilinx, Inc. All Rights Reserved.
Copyright 2022-2023 Advanced Micro Devices, Inc. All Rights Reserved.
Running: C:/Xilinx/Vivado/2023.2/bin/unwrapped/win64.o/xelab.exe --incr --debug typical --relax --mt 2 -L xil_defaultlib -L uvm -L unisims_ver -L unimacro_ver -L secureip --snapshot TB_behav xil_defaultlib.TB xil_defaultlib.glbl -log elaborate.log 
Using 2 slave threads.
Starting static elaboration
Pass Through NonSizing Optimizer
Completed static elaboration
INFO: [XSIM 43-4323] No Change in HDL. Linking previously generated obj files to create kernel
INFO: [USF-XSim-69] 'elaborate' step finished in '2' seconds
INFO: [USF-XSim-4] XSim::Simulate design
INFO: [USF-XSim-61] Executing 'SIMULATE' step in 'C:/Users/Prasit/Documents/ACSA_RISCV/vivado_gui/rv_perceptron/rv_perceptron.sim/sim_1/behav/xsim'
INFO: [USF-XSim-98] *** Running xsim
   with args "TB_behav -key {Behavioral:sim_1:Functional:TB} -tclbatch {C:/Users/Prasit/Documents/ACSA_RISCV/vivado_gui/rv_perceptron/xsim_waves.tcl} -log {simulate.log}"
INFO: [USF-XSim-8] Loading simulator feature
Time resolution is 1 ps
source C:/Users/Prasit/Documents/ACSA_RISCV/vivado_gui/rv_perceptron/xsim_waves.tcl
# proc wv {grp path {radix hex} {label ""}} {
#   if {[catch {
#     if {$label eq ""} {
#       add_wave -into $grp -radix $radix $path
#     } else {
#       add_wave -into $grp -radix $radix -name $label $path
#     }
#   }]} {
#     puts "  \[waves\] skipped $path (not in this configuration)"
#   }
# }
# puts "\n\[waves\] building grouped wave layout ..."

[waves] building grouped wave layout ...
# catch { remove_wave -of [get_wave_config] [get_waves *] }
# set g [add_wave_group "1 - Clock / reset"]
# wv $g /TB/clk          binary
  [waves] skipped /TB/clk (not in this configuration)
# wv $g /TB/rst          binary
  [waves] skipped /TB/rst (not in this configuration)
# wv $g /TB/usePredictor binary
  [waves] skipped /TB/usePredictor (not in this configuration)
# set g [add_wave_group "2 - Fetch"]
# wv $g /TB/uut/fetch/pc          hex      "pc"
# wv $g /TB/uut/F_instr           hex      "instr"
# wv $g /TB/uut/F_pcPlus4         hex      "pc+4"
# wv $g /TB/uut/P_bPredictTaken   binary   "predictTaken (fast)"
  [waves] skipped /TB/uut/P_bPredictTaken (not in this configuration)
# wv $g /TB/uut/P_btbTarget       hex      "btbTarget"
# wv $g /TB/uut/H_stallF          binary   "stallF"
  [waves] skipped /TB/uut/H_stallF (not in this configuration)
# set g [add_wave_group "3 - Predict (fetch, fast path)"]
# wv $g /TB/uut/gPerceptron/bPredict/fBtbHit     binary   "btbHit"
  [waves] skipped /TB/uut/gPerceptron/bPredict/fBtbHit (not in this configuration)
# wv $g /TB/uut/gPerceptron/bPredict/fUncond     binary   "isJump"
  [waves] skipped /TB/uut/gPerceptron/bPredict/fUncond (not in this configuration)
# wv $g /TB/uut/gPerceptron/bPredict/fBimTaken   binary   "bimodalTaken"
  [waves] skipped /TB/uut/gPerceptron/bPredict/fBimTaken (not in this configuration)
# wv $g /TB/uut/gPerceptron/bPredict/fPredTaken  binary   "predTaken"
  [waves] skipped /TB/uut/gPerceptron/bPredict/fPredTaken (not in this configuration)
# wv $g /TB/uut/gPerceptron/bPredict/fPercIdx    unsigned "percIdx"
ERROR: [Wavedata 42-471] Note: Nothing was found for the following items: /TB/uut/gPerceptron/bPredict/fPercIdx 
  [waves] skipped /TB/uut/gPerceptron/bPredict/fPercIdx (not in this configuration)
# wv $g /TB/uut/gPerceptron/bPredict/ghrSpec     binary   "ghrSpec (N1)"
  [waves] skipped /TB/uut/gPerceptron/bPredict/ghrSpec (not in this configuration)
# wv $g /TB/uut/gPerceptron/bPredict/theta       signed   "theta (N2)"
  [waves] skipped /TB/uut/gPerceptron/bPredict/theta (not in this configuration)
# wv $g /TB/uut/gClassic/bPredict/fBtbHit        binary   "btbHit"
  [waves] skipped /TB/uut/gClassic/bPredict/fBtbHit (not in this configuration)
# wv $g /TB/uut/gClassic/bPredict/fPredTaken     binary   "predTaken"
  [waves] skipped /TB/uut/gClassic/bPredict/fPredTaken (not in this configuration)
# wv $g /TB/uut/gClassic/bPredict/fPhtIdx        unsigned "phtIdx"
ERROR: [Wavedata 42-471] Note: Nothing was found for the following items: /TB/uut/gClassic/bPredict/fPhtIdx 
  [waves] skipped /TB/uut/gClassic/bPredict/fPhtIdx (not in this configuration)
# wv $g /TB/uut/gClassic/bPredict/ghrSpec        binary   "ghrSpec"
  [waves] skipped /TB/uut/gClassic/bPredict/ghrSpec (not in this configuration)
# set g [add_wave_group "4 - N4 override (decode)"]
# wv $g /TB/uut/gPerceptron/bPredict/gOvr/yD           signed "y (dot product)"
  [waves] skipped /TB/uut/gPerceptron/bPredict/gOvr/yD (not in this configuration)
# wv $g /TB/uut/gPerceptron/bPredict/gOvr/dFastTaken   binary "fast said"
  [waves] skipped /TB/uut/gPerceptron/bPredict/gOvr/dFastTaken (not in this configuration)
# wv $g /TB/uut/gPerceptron/bPredict/gOvr/dFinalTaken  binary "perceptron says"
  [waves] skipped /TB/uut/gPerceptron/bPredict/gOvr/dFinalTaken (not in this configuration)
# wv $g /TB/uut/gPerceptron/bPredict/gOvr/dUseBim      binary "N3 gate fired"
  [waves] skipped /TB/uut/gPerceptron/bPredict/gOvr/dUseBim (not in this configuration)
# wv $g /TB/uut/P_ovrValid                             binary "OVERRIDE"
  [waves] skipped /TB/uut/P_ovrValid (not in this configuration)
# wv $g /TB/uut/P_ovrTaken                             binary "ovrTaken"
  [waves] skipped /TB/uut/P_ovrTaken (not in this configuration)
# wv $g /TB/uut/P_ovrTarget                            hex    "ovrTarget"
# set g [add_wave_group "5 - Execute (resolution)"]
# wv $g /TB/uut/E_pc           hex    "exPc"
# wv $g /TB/uut/E_branch       binary "isBranch"
  [waves] skipped /TB/uut/E_branch (not in this configuration)
# wv $g /TB/uut/E_controlXfer  binary "isCtrlXfer"
  [waves] skipped /TB/uut/E_controlXfer (not in this configuration)
# wv $g /TB/uut/E_btbUpdate    binary "resolvedTaken"
  [waves] skipped /TB/uut/E_btbUpdate (not in this configuration)
# wv $g /TB/uut/E_wrongBranch  binary "MISPREDICT"
  [waves] skipped /TB/uut/E_wrongBranch (not in this configuration)
# wv $g /TB/uut/E_pcTarget     hex    "redirectTo"
# set g [add_wave_group "6 - Train (EX+1)"]
# wv $g /TB/uut/gPerceptron/bPredict/tValid      binary   "trainValid"
  [waves] skipped /TB/uut/gPerceptron/bPredict/tValid (not in this configuration)
# wv $g /TB/uut/gPerceptron/bPredict/tTaken      binary   "outcome"
  [waves] skipped /TB/uut/gPerceptron/bPredict/tTaken (not in this configuration)
# wv $g /TB/uut/gPerceptron/bPredict/tIdx        unsigned "row"
ERROR: [Wavedata 42-471] Note: Nothing was found for the following items: /TB/uut/gPerceptron/bPredict/tIdx 
  [waves] skipped /TB/uut/gPerceptron/bPredict/tIdx (not in this configuration)
# wv $g /TB/uut/gPerceptron/bPredict/yT          signed   "y recomputed"
  [waves] skipped /TB/uut/gPerceptron/bPredict/yT (not in this configuration)
# wv $g /TB/uut/gPerceptron/bPredict/tPercWrong  binary   "perceptron wrong"
  [waves] skipped /TB/uut/gPerceptron/bPredict/tPercWrong (not in this configuration)
# wv $g /TB/uut/gPerceptron/bPredict/tDoTrain    binary   "UPDATE WEIGHTS"
  [waves] skipped /TB/uut/gPerceptron/bPredict/tDoTrain (not in this configuration)
# wv $g /TB/uut/gPerceptron/bPredict/ghrArch     binary   "ghrArch (N1)"
  [waves] skipped /TB/uut/gPerceptron/bPredict/ghrArch (not in this configuration)
# set g [add_wave_group "7 - Hazard / pipeline"]
# wv $g /TB/uut/H_stallD binary
  [waves] skipped /TB/uut/H_stallD (not in this configuration)
# wv $g /TB/uut/H_flushD binary
  [waves] skipped /TB/uut/H_flushD (not in this configuration)
# wv $g /TB/uut/H_flushE binary
  [waves] skipped /TB/uut/H_flushE (not in this configuration)
# wv $g /TB/uut/H_fwdAE  unsigned
# wv $g /TB/uut/H_fwdBE  unsigned
# set g [add_wave_group "8 - Statistics (live)"]
# wv $g /TB/uut/gPerceptron/bPredict/st_branches unsigned "branches"
ERROR: [Wavedata 42-471] Note: Nothing was found for the following items: /TB/uut/gPerceptron/bPredict/st_branches 
  [waves] skipped /TB/uut/gPerceptron/bPredict/st_branches (not in this configuration)
# wv $g /TB/uut/gPerceptron/bPredict/st_mispred  unsigned "mispredicts"
ERROR: [Wavedata 42-471] Note: Nothing was found for the following items: /TB/uut/gPerceptron/bPredict/st_mispred 
  [waves] skipped /TB/uut/gPerceptron/bPredict/st_mispred (not in this configuration)
# wv $g /TB/uut/gPerceptron/bPredict/st_override unsigned "overrides"
ERROR: [Wavedata 42-471] Note: Nothing was found for the following items: /TB/uut/gPerceptron/bPredict/st_override 
  [waves] skipped /TB/uut/gPerceptron/bPredict/st_override (not in this configuration)
# wv $g /TB/uut/gPerceptron/bPredict/st_btbMiss  unsigned "btbMisses"
ERROR: [Wavedata 42-471] Note: Nothing was found for the following items: /TB/uut/gPerceptron/bPredict/st_btbMiss 
  [waves] skipped /TB/uut/gPerceptron/bPredict/st_btbMiss (not in this configuration)
# wv $g /TB/uut/gClassic/bPredict/st_branches    unsigned "branches"
ERROR: [Wavedata 42-471] Note: Nothing was found for the following items: /TB/uut/gClassic/bPredict/st_branches 
  [waves] skipped /TB/uut/gClassic/bPredict/st_branches (not in this configuration)
# wv $g /TB/uut/gClassic/bPredict/st_mispred     unsigned "mispredicts"
ERROR: [Wavedata 42-471] Note: Nothing was found for the following items: /TB/uut/gClassic/bPredict/st_mispred 
  [waves] skipped /TB/uut/gClassic/bPredict/st_mispred (not in this configuration)
# wv $g /TB/cycles                               unsigned "cycle count"
# set g [add_wave_group "9 - UART"]
# wv $g /TB/uartWen  binary
  [waves] skipped /TB/uartWen (not in this configuration)
# wv $g /TB/uartData ascii "char"
# puts "\[waves\] done -- 9 groups\n"
[waves] done -- 9 groups

INFO: [USF-XSim-96] XSim completed. Design snapshot 'TB_behav' loaded.
INFO: [USF-XSim-97] XSim simulation ran for all
launch_simulation: Time (s): cpu = 00:00:03 ; elapsed = 00:00:06 . Memory (MB): peak = 1657.051 ; gain = 9.621
close_sim
INFO: [Simtcl 6-16] Simulation closed
set_property -name {xsim.elaborate.debug_level} -value {all} -objects [get_filesets sim_1]
launch_simulation
Command: launch_simulation 
INFO: [Vivado 12-12493] Simulation top is 'TB'
WARNING: [Vivado 12-13340] Unable to auto find GCC executables from simulator install path! (path not set)
INFO: [Vivado 12-5682] Launching behavioral simulation in 'C:/Users/Prasit/Documents/ACSA_RISCV/vivado_gui/rv_perceptron/rv_perceptron.sim/sim_1/behav/xsim'
INFO: [SIM-utils-51] Simulation object is 'sim_1'
INFO: [SIM-utils-72] Using boost library from 'C:/Xilinx/Vivado/2023.2/tps/boost_1_72_0'
INFO: [SIM-utils-54] Inspecting design source files for 'TB' in fileset 'sim_1'...
INFO: [SIM-utils-43] Exported 'C:/Users/Prasit/Documents/ACSA_RISCV/vivado_gui/rv_perceptron/rv_perceptron.sim/sim_1/behav/xsim/code.mem'
INFO: [SIM-utils-43] Exported 'C:/Users/Prasit/Documents/ACSA_RISCV/vivado_gui/rv_perceptron/rv_perceptron.sim/sim_1/behav/xsim/data.mem'
INFO: [SIM-utils-43] Exported 'C:/Users/Prasit/Documents/ACSA_RISCV/vivado_gui/rv_perceptron/rv_perceptron.sim/sim_1/behav/xsim/code.mem'
INFO: [SIM-utils-43] Exported 'C:/Users/Prasit/Documents/ACSA_RISCV/vivado_gui/rv_perceptron/rv_perceptron.sim/sim_1/behav/xsim/data.mem'
INFO: [USF-XSim-97] Finding global include files...
INFO: [USF-XSim-98] Fetching design files from 'sim_1'...
INFO: [USF-XSim-2] XSim::Compile design
INFO: [USF-XSim-61] Executing 'COMPILE and ANALYZE' step in 'C:/Users/Prasit/Documents/ACSA_RISCV/vivado_gui/rv_perceptron/rv_perceptron.sim/sim_1/behav/xsim'
"xvlog --incr --relax -L uvm -d PRED_PERCEPTRON -i C:\Users\Prasit\Documents\ACSA_RISCV\vivado_gui\rv_perceptron\rv_perceptron.srcs\sources_1\new -prj TB_vlog.prj"
ECHO is off.
ECHO is off.
INFO: [USF-XSim-69] 'compile' step finished in '1' seconds
INFO: [USF-XSim-3] XSim::Elaborate design
INFO: [USF-XSim-61] Executing 'ELABORATE' step in 'C:/Users/Prasit/Documents/ACSA_RISCV/vivado_gui/rv_perceptron/rv_perceptron.sim/sim_1/behav/xsim'
"xelab --incr --debug all --relax --mt 2 -L xil_defaultlib -L uvm -L unisims_ver -L unimacro_ver -L secureip --snapshot TB_behav xil_defaultlib.TB xil_defaultlib.glbl -log elaborate.log"
ECHO is off.
ECHO is off.
Vivado Simulator v2023.2
Copyright 1986-2022 Xilinx, Inc. All Rights Reserved.
Copyright 2022-2023 Advanced Micro Devices, Inc. All Rights Reserved.
Running: C:/Xilinx/Vivado/2023.2/bin/unwrapped/win64.o/xelab.exe --incr --debug all --relax --mt 2 -L xil_defaultlib -L uvm -L unisims_ver -L unimacro_ver -L secureip --snapshot TB_behav xil_defaultlib.TB xil_defaultlib.glbl -log elaborate.log 
Using 2 slave threads.
Starting static elaboration
Pass Through NonSizing Optimizer
Completed static elaboration
Starting simulation data flow analysis
WARNING: [XSIM 43-4099] "C:/Users/Prasit/Documents/ACSA_RISCV/vivado_gui/rv_perceptron/rv_perceptron.srcs/sources_1/new/controlUnit.sv" Line 1. Module controlUnit doesn't have a timescale but at least one module in design has a timescale.
WARNING: [XSIM 43-4099] "C:/Users/Prasit/Documents/ACSA_RISCV/vivado_gui/rv_perceptron/rv_perceptron.srcs/sources_1/new/alu.sv" Line 1. Module alu doesn't have a timescale but at least one module in design has a timescale.
WARNING: [XSIM 43-4099] "C:/Users/Prasit/Documents/ACSA_RISCV/vivado_gui/rv_perceptron/rv_perceptron.srcs/sources_1/new/controlUnit.sv" Line 1. Module controlUnit doesn't have a timescale but at least one module in design has a timescale.
WARNING: [XSIM 43-4099] "C:/Users/Prasit/Documents/ACSA_RISCV/vivado_gui/rv_perceptron/rv_perceptron.srcs/sources_1/new/alu.sv" Line 1. Module alu doesn't have a timescale but at least one module in design has a timescale.
Completed simulation data flow analysis
Time Resolution for simulation is 1ps
Compiling module xil_defaultlib.hazardUnit
Compiling module xil_defaultlib.stageInstFetch
Compiling module xil_defaultlib.controlUnit
Compiling module xil_defaultlib.extend
Compiling module xil_defaultlib.registerFile
Compiling module xil_defaultlib.csrFile
Compiling module xil_defaultlib.stageDecode
Compiling module xil_defaultlib.alu
Compiling module xil_defaultlib.csrUnit
Compiling module xil_defaultlib.stageExecute
Compiling module xil_defaultlib.stageMem
Compiling module xil_defaultlib.stageWback
Compiling module xil_defaultlib.perceptronPredictor_default
Compiling module xil_defaultlib.core_default
Compiling module xil_defaultlib.imem_default
Compiling module xil_defaultlib.dmem
Compiling module xil_defaultlib.simUart
Compiling module xil_defaultlib.TB
Compiling module xil_defaultlib.glbl
Built simulation snapshot TB_behav
INFO: [USF-XSim-69] 'elaborate' step finished in '5' seconds
INFO: [USF-XSim-4] XSim::Simulate design
INFO: [USF-XSim-61] Executing 'SIMULATE' step in 'C:/Users/Prasit/Documents/ACSA_RISCV/vivado_gui/rv_perceptron/rv_perceptron.sim/sim_1/behav/xsim'
INFO: [USF-XSim-98] *** Running xsim
   with args "TB_behav -key {Behavioral:sim_1:Functional:TB} -tclbatch {C:/Users/Prasit/Documents/ACSA_RISCV/vivado_gui/rv_perceptron/xsim_waves.tcl} -log {simulate.log}"
INFO: [USF-XSim-8] Loading simulator feature
Time resolution is 1 ps
source C:/Users/Prasit/Documents/ACSA_RISCV/vivado_gui/rv_perceptron/xsim_waves.tcl
# proc wv {grp path {radix hex} {label ""}} {
#   if {[catch {
#     if {$label eq ""} {
#       add_wave -into $grp -radix $radix $path
#     } else {
#       add_wave -into $grp -radix $radix -name $label $path
#     }
#   }]} {
#     puts "  \[waves\] skipped $path (not in this configuration)"
#   }
# }
# puts "\n\[waves\] building grouped wave layout ..."

[waves] building grouped wave layout ...
# catch { remove_wave -of [get_wave_config] [get_waves *] }
# set g [add_wave_group "1 - Clock / reset"]
# wv $g /TB/clk          binary
  [waves] skipped /TB/clk (not in this configuration)
# wv $g /TB/rst          binary
  [waves] skipped /TB/rst (not in this configuration)
# wv $g /TB/usePredictor binary
  [waves] skipped /TB/usePredictor (not in this configuration)
# set g [add_wave_group "2 - Fetch"]
# wv $g /TB/uut/fetch/pc          hex      "pc"
# wv $g /TB/uut/F_instr           hex      "instr"
# wv $g /TB/uut/F_pcPlus4         hex      "pc+4"
# wv $g /TB/uut/P_bPredictTaken   binary   "predictTaken (fast)"
  [waves] skipped /TB/uut/P_bPredictTaken (not in this configuration)
# wv $g /TB/uut/P_btbTarget       hex      "btbTarget"
# wv $g /TB/uut/H_stallF          binary   "stallF"
  [waves] skipped /TB/uut/H_stallF (not in this configuration)
# set g [add_wave_group "3 - Predict (fetch, fast path)"]
# wv $g /TB/uut/gPerceptron/bPredict/fBtbHit     binary   "btbHit"
  [waves] skipped /TB/uut/gPerceptron/bPredict/fBtbHit (not in this configuration)
# wv $g /TB/uut/gPerceptron/bPredict/fUncond     binary   "isJump"
  [waves] skipped /TB/uut/gPerceptron/bPredict/fUncond (not in this configuration)
# wv $g /TB/uut/gPerceptron/bPredict/fBimTaken   binary   "bimodalTaken"
  [waves] skipped /TB/uut/gPerceptron/bPredict/fBimTaken (not in this configuration)
# wv $g /TB/uut/gPerceptron/bPredict/fPredTaken  binary   "predTaken"
  [waves] skipped /TB/uut/gPerceptron/bPredict/fPredTaken (not in this configuration)
# wv $g /TB/uut/gPerceptron/bPredict/fPercIdx    unsigned "percIdx"
ERROR: [Wavedata 42-471] Note: Nothing was found for the following items: /TB/uut/gPerceptron/bPredict/fPercIdx 
  [waves] skipped /TB/uut/gPerceptron/bPredict/fPercIdx (not in this configuration)
# wv $g /TB/uut/gPerceptron/bPredict/ghrSpec     binary   "ghrSpec (N1)"
  [waves] skipped /TB/uut/gPerceptron/bPredict/ghrSpec (not in this configuration)
# wv $g /TB/uut/gPerceptron/bPredict/theta       signed   "theta (N2)"
  [waves] skipped /TB/uut/gPerceptron/bPredict/theta (not in this configuration)
# wv $g /TB/uut/gClassic/bPredict/fBtbHit        binary   "btbHit"
  [waves] skipped /TB/uut/gClassic/bPredict/fBtbHit (not in this configuration)
# wv $g /TB/uut/gClassic/bPredict/fPredTaken     binary   "predTaken"
  [waves] skipped /TB/uut/gClassic/bPredict/fPredTaken (not in this configuration)
# wv $g /TB/uut/gClassic/bPredict/fPhtIdx        unsigned "phtIdx"
ERROR: [Wavedata 42-471] Note: Nothing was found for the following items: /TB/uut/gClassic/bPredict/fPhtIdx 
  [waves] skipped /TB/uut/gClassic/bPredict/fPhtIdx (not in this configuration)
# wv $g /TB/uut/gClassic/bPredict/ghrSpec        binary   "ghrSpec"
  [waves] skipped /TB/uut/gClassic/bPredict/ghrSpec (not in this configuration)
# set g [add_wave_group "4 - N4 override (decode)"]
# wv $g /TB/uut/gPerceptron/bPredict/gOvr/yD           signed "y (dot product)"
  [waves] skipped /TB/uut/gPerceptron/bPredict/gOvr/yD (not in this configuration)
# wv $g /TB/uut/gPerceptron/bPredict/gOvr/dFastTaken   binary "fast said"
  [waves] skipped /TB/uut/gPerceptron/bPredict/gOvr/dFastTaken (not in this configuration)
# wv $g /TB/uut/gPerceptron/bPredict/gOvr/dFinalTaken  binary "perceptron says"
  [waves] skipped /TB/uut/gPerceptron/bPredict/gOvr/dFinalTaken (not in this configuration)
# wv $g /TB/uut/gPerceptron/bPredict/gOvr/dUseBim      binary "N3 gate fired"
  [waves] skipped /TB/uut/gPerceptron/bPredict/gOvr/dUseBim (not in this configuration)
# wv $g /TB/uut/P_ovrValid                             binary "OVERRIDE"
  [waves] skipped /TB/uut/P_ovrValid (not in this configuration)
# wv $g /TB/uut/P_ovrTaken                             binary "ovrTaken"
  [waves] skipped /TB/uut/P_ovrTaken (not in this configuration)
# wv $g /TB/uut/P_ovrTarget                            hex    "ovrTarget"
# set g [add_wave_group "5 - Execute (resolution)"]
# wv $g /TB/uut/E_pc           hex    "exPc"
# wv $g /TB/uut/E_branch       binary "isBranch"
  [waves] skipped /TB/uut/E_branch (not in this configuration)
# wv $g /TB/uut/E_controlXfer  binary "isCtrlXfer"
  [waves] skipped /TB/uut/E_controlXfer (not in this configuration)
# wv $g /TB/uut/E_btbUpdate    binary "resolvedTaken"
  [waves] skipped /TB/uut/E_btbUpdate (not in this configuration)
# wv $g /TB/uut/E_wrongBranch  binary "MISPREDICT"
  [waves] skipped /TB/uut/E_wrongBranch (not in this configuration)
# wv $g /TB/uut/E_pcTarget     hex    "redirectTo"
# set g [add_wave_group "6 - Train (EX+1)"]
# wv $g /TB/uut/gPerceptron/bPredict/tValid      binary   "trainValid"
  [waves] skipped /TB/uut/gPerceptron/bPredict/tValid (not in this configuration)
# wv $g /TB/uut/gPerceptron/bPredict/tTaken      binary   "outcome"
  [waves] skipped /TB/uut/gPerceptron/bPredict/tTaken (not in this configuration)
# wv $g /TB/uut/gPerceptron/bPredict/tIdx        unsigned "row"
ERROR: [Wavedata 42-471] Note: Nothing was found for the following items: /TB/uut/gPerceptron/bPredict/tIdx 
  [waves] skipped /TB/uut/gPerceptron/bPredict/tIdx (not in this configuration)
# wv $g /TB/uut/gPerceptron/bPredict/yT          signed   "y recomputed"
  [waves] skipped /TB/uut/gPerceptron/bPredict/yT (not in this configuration)
# wv $g /TB/uut/gPerceptron/bPredict/tPercWrong  binary   "perceptron wrong"
  [waves] skipped /TB/uut/gPerceptron/bPredict/tPercWrong (not in this configuration)
# wv $g /TB/uut/gPerceptron/bPredict/tDoTrain    binary   "UPDATE WEIGHTS"
  [waves] skipped /TB/uut/gPerceptron/bPredict/tDoTrain (not in this configuration)
# wv $g /TB/uut/gPerceptron/bPredict/ghrArch     binary   "ghrArch (N1)"
  [waves] skipped /TB/uut/gPerceptron/bPredict/ghrArch (not in this configuration)
# set g [add_wave_group "7 - Hazard / pipeline"]
# wv $g /TB/uut/H_stallD binary
  [waves] skipped /TB/uut/H_stallD (not in this configuration)
# wv $g /TB/uut/H_flushD binary
  [waves] skipped /TB/uut/H_flushD (not in this configuration)
# wv $g /TB/uut/H_flushE binary
  [waves] skipped /TB/uut/H_flushE (not in this configuration)
# wv $g /TB/uut/H_fwdAE  unsigned
# wv $g /TB/uut/H_fwdBE  unsigned
# set g [add_wave_group "8 - Statistics (live)"]
# wv $g /TB/uut/gPerceptron/bPredict/st_branches unsigned "branches"
ERROR: [Wavedata 42-471] Note: Nothing was found for the following items: /TB/uut/gPerceptron/bPredict/st_branches 
  [waves] skipped /TB/uut/gPerceptron/bPredict/st_branches (not in this configuration)
# wv $g /TB/uut/gPerceptron/bPredict/st_mispred  unsigned "mispredicts"
ERROR: [Wavedata 42-471] Note: Nothing was found for the following items: /TB/uut/gPerceptron/bPredict/st_mispred 
  [waves] skipped /TB/uut/gPerceptron/bPredict/st_mispred (not in this configuration)
# wv $g /TB/uut/gPerceptron/bPredict/st_override unsigned "overrides"
ERROR: [Wavedata 42-471] Note: Nothing was found for the following items: /TB/uut/gPerceptron/bPredict/st_override 
  [waves] skipped /TB/uut/gPerceptron/bPredict/st_override (not in this configuration)
# wv $g /TB/uut/gPerceptron/bPredict/st_btbMiss  unsigned "btbMisses"
ERROR: [Wavedata 42-471] Note: Nothing was found for the following items: /TB/uut/gPerceptron/bPredict/st_btbMiss 
  [waves] skipped /TB/uut/gPerceptron/bPredict/st_btbMiss (not in this configuration)
# wv $g /TB/uut/gClassic/bPredict/st_branches    unsigned "branches"
ERROR: [Wavedata 42-471] Note: Nothing was found for the following items: /TB/uut/gClassic/bPredict/st_branches 
  [waves] skipped /TB/uut/gClassic/bPredict/st_branches (not in this configuration)
# wv $g /TB/uut/gClassic/bPredict/st_mispred     unsigned "mispredicts"
ERROR: [Wavedata 42-471] Note: Nothing was found for the following items: /TB/uut/gClassic/bPredict/st_mispred 
  [waves] skipped /TB/uut/gClassic/bPredict/st_mispred (not in this configuration)
# wv $g /TB/cycles                               unsigned "cycle count"
# set g [add_wave_group "9 - UART"]
# wv $g /TB/uartWen  binary
  [waves] skipped /TB/uartWen (not in this configuration)
# wv $g /TB/uartData ascii "char"
# puts "\[waves\] done -- 9 groups\n"
[waves] done -- 9 groups

INFO: [USF-XSim-96] XSim completed. Design snapshot 'TB_behav' loaded.
INFO: [USF-XSim-97] XSim simulation ran for all
launch_simulation: Time (s): cpu = 00:00:02 ; elapsed = 00:00:08 . Memory (MB): peak = 1766.770 ; gain = 40.453
close_sim
INFO: [Simtcl 6-16] Simulation closed
launch_simulation
Command: launch_simulation 
INFO: [Vivado 12-12493] Simulation top is 'TB'
WARNING: [Vivado 12-13340] Unable to auto find GCC executables from simulator install path! (path not set)
INFO: [Vivado 12-5682] Launching behavioral simulation in 'C:/Users/Prasit/Documents/ACSA_RISCV/vivado_gui/rv_perceptron/rv_perceptron.sim/sim_1/behav/xsim'
INFO: [SIM-utils-51] Simulation object is 'sim_1'
INFO: [SIM-utils-72] Using boost library from 'C:/Xilinx/Vivado/2023.2/tps/boost_1_72_0'
INFO: [SIM-utils-54] Inspecting design source files for 'TB' in fileset 'sim_1'...
INFO: [SIM-utils-43] Exported 'C:/Users/Prasit/Documents/ACSA_RISCV/vivado_gui/rv_perceptron/rv_perceptron.sim/sim_1/behav/xsim/code.mem'
INFO: [SIM-utils-43] Exported 'C:/Users/Prasit/Documents/ACSA_RISCV/vivado_gui/rv_perceptron/rv_perceptron.sim/sim_1/behav/xsim/data.mem'
INFO: [SIM-utils-43] Exported 'C:/Users/Prasit/Documents/ACSA_RISCV/vivado_gui/rv_perceptron/rv_perceptron.sim/sim_1/behav/xsim/code.mem'
INFO: [SIM-utils-43] Exported 'C:/Users/Prasit/Documents/ACSA_RISCV/vivado_gui/rv_perceptron/rv_perceptron.sim/sim_1/behav/xsim/data.mem'
INFO: [USF-XSim-97] Finding global include files...
INFO: [USF-XSim-98] Fetching design files from 'sim_1'...
INFO: [USF-XSim-2] XSim::Compile design
INFO: [USF-XSim-61] Executing 'COMPILE and ANALYZE' step in 'C:/Users/Prasit/Documents/ACSA_RISCV/vivado_gui/rv_perceptron/rv_perceptron.sim/sim_1/behav/xsim'
"xvlog --incr --relax -L uvm -d PRED_PERCEPTRON -i C:\Users\Prasit\Documents\ACSA_RISCV\vivado_gui\rv_perceptron\rv_perceptron.srcs\sources_1\new -prj TB_vlog.prj"
ECHO is off.
ECHO is off.
INFO: [USF-XSim-69] 'compile' step finished in '1' seconds
INFO: [USF-XSim-3] XSim::Elaborate design
INFO: [USF-XSim-61] Executing 'ELABORATE' step in 'C:/Users/Prasit/Documents/ACSA_RISCV/vivado_gui/rv_perceptron/rv_perceptron.sim/sim_1/behav/xsim'
"xelab --incr --debug all --relax --mt 2 -L xil_defaultlib -L uvm -L unisims_ver -L unimacro_ver -L secureip --snapshot TB_behav xil_defaultlib.TB xil_defaultlib.glbl -log elaborate.log"
ECHO is off.
ECHO is off.
Vivado Simulator v2023.2
Copyright 1986-2022 Xilinx, Inc. All Rights Reserved.
Copyright 2022-2023 Advanced Micro Devices, Inc. All Rights Reserved.
Running: C:/Xilinx/Vivado/2023.2/bin/unwrapped/win64.o/xelab.exe --incr --debug all --relax --mt 2 -L xil_defaultlib -L uvm -L unisims_ver -L unimacro_ver -L secureip --snapshot TB_behav xil_defaultlib.TB xil_defaultlib.glbl -log elaborate.log 
Using 2 slave threads.
Starting static elaboration
Pass Through NonSizing Optimizer
Completed static elaboration
INFO: [XSIM 43-4323] No Change in HDL. Linking previously generated obj files to create kernel
INFO: [USF-XSim-69] 'elaborate' step finished in '1' seconds
INFO: [USF-XSim-4] XSim::Simulate design
INFO: [USF-XSim-61] Executing 'SIMULATE' step in 'C:/Users/Prasit/Documents/ACSA_RISCV/vivado_gui/rv_perceptron/rv_perceptron.sim/sim_1/behav/xsim'
INFO: [USF-XSim-98] *** Running xsim
   with args "TB_behav -key {Behavioral:sim_1:Functional:TB} -tclbatch {C:/Users/Prasit/Documents/ACSA_RISCV/vivado_gui/rv_perceptron/xsim_waves.tcl} -log {simulate.log}"
INFO: [USF-XSim-8] Loading simulator feature
Time resolution is 1 ps
source C:/Users/Prasit/Documents/ACSA_RISCV/vivado_gui/rv_perceptron/xsim_waves.tcl
# proc wv {grp path {radix hex} {label ""}} {
#   if {[catch {
#     if {$label eq ""} {
#       add_wave -into $grp -radix $radix $path
#     } else {
#       add_wave -into $grp -radix $radix -name $label $path
#     }
#   }]} {
#     puts "  \[waves\] skipped $path (not in this configuration)"
#   }
# }
# puts "\n\[waves\] building grouped wave layout ..."

[waves] building grouped wave layout ...
# catch { remove_wave -of [get_wave_config] [get_waves *] }
# set g [add_wave_group "1 - Clock / reset"]
# wv $g /TB/clk          binary
  [waves] skipped /TB/clk (not in this configuration)
# wv $g /TB/rst          binary
  [waves] skipped /TB/rst (not in this configuration)
# wv $g /TB/usePredictor binary
  [waves] skipped /TB/usePredictor (not in this configuration)
# set g [add_wave_group "2 - Fetch"]
# wv $g /TB/uut/fetch/pc          hex      "pc"
# wv $g /TB/uut/F_instr           hex      "instr"
# wv $g /TB/uut/F_pcPlus4         hex      "pc+4"
# wv $g /TB/uut/P_bPredictTaken   binary   "predictTaken (fast)"
  [waves] skipped /TB/uut/P_bPredictTaken (not in this configuration)
# wv $g /TB/uut/P_btbTarget       hex      "btbTarget"
# wv $g /TB/uut/H_stallF          binary   "stallF"
  [waves] skipped /TB/uut/H_stallF (not in this configuration)
# set g [add_wave_group "3 - Predict (fetch, fast path)"]
# wv $g /TB/uut/gPerceptron/bPredict/fBtbHit     binary   "btbHit"
  [waves] skipped /TB/uut/gPerceptron/bPredict/fBtbHit (not in this configuration)
# wv $g /TB/uut/gPerceptron/bPredict/fUncond     binary   "isJump"
  [waves] skipped /TB/uut/gPerceptron/bPredict/fUncond (not in this configuration)
# wv $g /TB/uut/gPerceptron/bPredict/fBimTaken   binary   "bimodalTaken"
  [waves] skipped /TB/uut/gPerceptron/bPredict/fBimTaken (not in this configuration)
# wv $g /TB/uut/gPerceptron/bPredict/fPredTaken  binary   "predTaken"
  [waves] skipped /TB/uut/gPerceptron/bPredict/fPredTaken (not in this configuration)
# wv $g /TB/uut/gPerceptron/bPredict/fPercIdx    unsigned "percIdx"
ERROR: [Wavedata 42-471] Note: Nothing was found for the following items: /TB/uut/gPerceptron/bPredict/fPercIdx 
  [waves] skipped /TB/uut/gPerceptron/bPredict/fPercIdx (not in this configuration)
# wv $g /TB/uut/gPerceptron/bPredict/ghrSpec     binary   "ghrSpec (N1)"
  [waves] skipped /TB/uut/gPerceptron/bPredict/ghrSpec (not in this configuration)
# wv $g /TB/uut/gPerceptron/bPredict/theta       signed   "theta (N2)"
  [waves] skipped /TB/uut/gPerceptron/bPredict/theta (not in this configuration)
# wv $g /TB/uut/gClassic/bPredict/fBtbHit        binary   "btbHit"
  [waves] skipped /TB/uut/gClassic/bPredict/fBtbHit (not in this configuration)
# wv $g /TB/uut/gClassic/bPredict/fPredTaken     binary   "predTaken"
  [waves] skipped /TB/uut/gClassic/bPredict/fPredTaken (not in this configuration)
# wv $g /TB/uut/gClassic/bPredict/fPhtIdx        unsigned "phtIdx"
ERROR: [Wavedata 42-471] Note: Nothing was found for the following items: /TB/uut/gClassic/bPredict/fPhtIdx 
  [waves] skipped /TB/uut/gClassic/bPredict/fPhtIdx (not in this configuration)
# wv $g /TB/uut/gClassic/bPredict/ghrSpec        binary   "ghrSpec"
  [waves] skipped /TB/uut/gClassic/bPredict/ghrSpec (not in this configuration)
# set g [add_wave_group "4 - N4 override (decode)"]
# wv $g /TB/uut/gPerceptron/bPredict/gOvr/yD           signed "y (dot product)"
  [waves] skipped /TB/uut/gPerceptron/bPredict/gOvr/yD (not in this configuration)
# wv $g /TB/uut/gPerceptron/bPredict/gOvr/dFastTaken   binary "fast said"
  [waves] skipped /TB/uut/gPerceptron/bPredict/gOvr/dFastTaken (not in this configuration)
# wv $g /TB/uut/gPerceptron/bPredict/gOvr/dFinalTaken  binary "perceptron says"
  [waves] skipped /TB/uut/gPerceptron/bPredict/gOvr/dFinalTaken (not in this configuration)
# wv $g /TB/uut/gPerceptron/bPredict/gOvr/dUseBim      binary "N3 gate fired"
  [waves] skipped /TB/uut/gPerceptron/bPredict/gOvr/dUseBim (not in this configuration)
# wv $g /TB/uut/P_ovrValid                             binary "OVERRIDE"
  [waves] skipped /TB/uut/P_ovrValid (not in this configuration)
# wv $g /TB/uut/P_ovrTaken                             binary "ovrTaken"
  [waves] skipped /TB/uut/P_ovrTaken (not in this configuration)
# wv $g /TB/uut/P_ovrTarget                            hex    "ovrTarget"
# set g [add_wave_group "5 - Execute (resolution)"]
# wv $g /TB/uut/E_pc           hex    "exPc"
# wv $g /TB/uut/E_branch       binary "isBranch"
  [waves] skipped /TB/uut/E_branch (not in this configuration)
# wv $g /TB/uut/E_controlXfer  binary "isCtrlXfer"
  [waves] skipped /TB/uut/E_controlXfer (not in this configuration)
# wv $g /TB/uut/E_btbUpdate    binary "resolvedTaken"
  [waves] skipped /TB/uut/E_btbUpdate (not in this configuration)
# wv $g /TB/uut/E_wrongBranch  binary "MISPREDICT"
  [waves] skipped /TB/uut/E_wrongBranch (not in this configuration)
# wv $g /TB/uut/E_pcTarget     hex    "redirectTo"
# set g [add_wave_group "6 - Train (EX+1)"]
# wv $g /TB/uut/gPerceptron/bPredict/tValid      binary   "trainValid"
  [waves] skipped /TB/uut/gPerceptron/bPredict/tValid (not in this configuration)
# wv $g /TB/uut/gPerceptron/bPredict/tTaken      binary   "outcome"
  [waves] skipped /TB/uut/gPerceptron/bPredict/tTaken (not in this configuration)
# wv $g /TB/uut/gPerceptron/bPredict/tIdx        unsigned "row"
ERROR: [Wavedata 42-471] Note: Nothing was found for the following items: /TB/uut/gPerceptron/bPredict/tIdx 
  [waves] skipped /TB/uut/gPerceptron/bPredict/tIdx (not in this configuration)
# wv $g /TB/uut/gPerceptron/bPredict/yT          signed   "y recomputed"
  [waves] skipped /TB/uut/gPerceptron/bPredict/yT (not in this configuration)
# wv $g /TB/uut/gPerceptron/bPredict/tPercWrong  binary   "perceptron wrong"
  [waves] skipped /TB/uut/gPerceptron/bPredict/tPercWrong (not in this configuration)
# wv $g /TB/uut/gPerceptron/bPredict/tDoTrain    binary   "UPDATE WEIGHTS"
  [waves] skipped /TB/uut/gPerceptron/bPredict/tDoTrain (not in this configuration)
# wv $g /TB/uut/gPerceptron/bPredict/ghrArch     binary   "ghrArch (N1)"
  [waves] skipped /TB/uut/gPerceptron/bPredict/ghrArch (not in this configuration)
# set g [add_wave_group "7 - Hazard / pipeline"]
# wv $g /TB/uut/H_stallD binary
  [waves] skipped /TB/uut/H_stallD (not in this configuration)
# wv $g /TB/uut/H_flushD binary
  [waves] skipped /TB/uut/H_flushD (not in this configuration)
# wv $g /TB/uut/H_flushE binary
  [waves] skipped /TB/uut/H_flushE (not in this configuration)
# wv $g /TB/uut/H_fwdAE  unsigned
# wv $g /TB/uut/H_fwdBE  unsigned
# set g [add_wave_group "8 - Statistics (live)"]
# wv $g /TB/uut/gPerceptron/bPredict/st_branches unsigned "branches"
ERROR: [Wavedata 42-471] Note: Nothing was found for the following items: /TB/uut/gPerceptron/bPredict/st_branches 
  [waves] skipped /TB/uut/gPerceptron/bPredict/st_branches (not in this configuration)
# wv $g /TB/uut/gPerceptron/bPredict/st_mispred  unsigned "mispredicts"
ERROR: [Wavedata 42-471] Note: Nothing was found for the following items: /TB/uut/gPerceptron/bPredict/st_mispred 
  [waves] skipped /TB/uut/gPerceptron/bPredict/st_mispred (not in this configuration)
# wv $g /TB/uut/gPerceptron/bPredict/st_override unsigned "overrides"
ERROR: [Wavedata 42-471] Note: Nothing was found for the following items: /TB/uut/gPerceptron/bPredict/st_override 
  [waves] skipped /TB/uut/gPerceptron/bPredict/st_override (not in this configuration)
# wv $g /TB/uut/gPerceptron/bPredict/st_btbMiss  unsigned "btbMisses"
ERROR: [Wavedata 42-471] Note: Nothing was found for the following items: /TB/uut/gPerceptron/bPredict/st_btbMiss 
  [waves] skipped /TB/uut/gPerceptron/bPredict/st_btbMiss (not in this configuration)
# wv $g /TB/uut/gClassic/bPredict/st_branches    unsigned "branches"
ERROR: [Wavedata 42-471] Note: Nothing was found for the following items: /TB/uut/gClassic/bPredict/st_branches 
  [waves] skipped /TB/uut/gClassic/bPredict/st_branches (not in this configuration)
# wv $g /TB/uut/gClassic/bPredict/st_mispred     unsigned "mispredicts"
ERROR: [Wavedata 42-471] Note: Nothing was found for the following items: /TB/uut/gClassic/bPredict/st_mispred 
  [waves] skipped /TB/uut/gClassic/bPredict/st_mispred (not in this configuration)
# wv $g /TB/cycles                               unsigned "cycle count"
# set g [add_wave_group "9 - UART"]
# wv $g /TB/uartWen  binary
  [waves] skipped /TB/uartWen (not in this configuration)
# wv $g /TB/uartData ascii "char"
# puts "\[waves\] done -- 9 groups\n"
[waves] done -- 9 groups

INFO: [USF-XSim-96] XSim completed. Design snapshot 'TB_behav' loaded.
INFO: [USF-XSim-97] XSim simulation ran for all
close_sim
INFO: [Simtcl 6-16] Simulation closed
launch_simulation
Command: launch_simulation 
INFO: [Vivado 12-12493] Simulation top is 'TB'
WARNING: [Vivado 12-13340] Unable to auto find GCC executables from simulator install path! (path not set)
INFO: [Vivado 12-5682] Launching behavioral simulation in 'C:/Users/Prasit/Documents/ACSA_RISCV/vivado_gui/rv_perceptron/rv_perceptron.sim/sim_1/behav/xsim'
INFO: [SIM-utils-51] Simulation object is 'sim_1'
INFO: [SIM-utils-72] Using boost library from 'C:/Xilinx/Vivado/2023.2/tps/boost_1_72_0'
INFO: [SIM-utils-54] Inspecting design source files for 'TB' in fileset 'sim_1'...
INFO: [SIM-utils-43] Exported 'C:/Users/Prasit/Documents/ACSA_RISCV/vivado_gui/rv_perceptron/rv_perceptron.sim/sim_1/behav/xsim/code.mem'
INFO: [SIM-utils-43] Exported 'C:/Users/Prasit/Documents/ACSA_RISCV/vivado_gui/rv_perceptron/rv_perceptron.sim/sim_1/behav/xsim/data.mem'
INFO: [SIM-utils-43] Exported 'C:/Users/Prasit/Documents/ACSA_RISCV/vivado_gui/rv_perceptron/rv_perceptron.sim/sim_1/behav/xsim/code.mem'
INFO: [SIM-utils-43] Exported 'C:/Users/Prasit/Documents/ACSA_RISCV/vivado_gui/rv_perceptron/rv_perceptron.sim/sim_1/behav/xsim/data.mem'
INFO: [USF-XSim-97] Finding global include files...
INFO: [USF-XSim-98] Fetching design files from 'sim_1'...
INFO: [USF-XSim-2] XSim::Compile design
INFO: [USF-XSim-61] Executing 'COMPILE and ANALYZE' step in 'C:/Users/Prasit/Documents/ACSA_RISCV/vivado_gui/rv_perceptron/rv_perceptron.sim/sim_1/behav/xsim'
"xvlog --incr --relax -L uvm -d PRED_PERCEPTRON -i C:\Users\Prasit\Documents\ACSA_RISCV\vivado_gui\rv_perceptron\rv_perceptron.srcs\sources_1\new -prj TB_vlog.prj"
ECHO is off.
ECHO is off.
INFO: [USF-XSim-69] 'compile' step finished in '1' seconds
INFO: [USF-XSim-3] XSim::Elaborate design
INFO: [USF-XSim-61] Executing 'ELABORATE' step in 'C:/Users/Prasit/Documents/ACSA_RISCV/vivado_gui/rv_perceptron/rv_perceptron.sim/sim_1/behav/xsim'
"xelab --incr --debug all --relax --mt 2 -L xil_defaultlib -L uvm -L unisims_ver -L unimacro_ver -L secureip --snapshot TB_behav xil_defaultlib.TB xil_defaultlib.glbl -log elaborate.log"
ECHO is off.
ECHO is off.
Vivado Simulator v2023.2
Copyright 1986-2022 Xilinx, Inc. All Rights Reserved.
Copyright 2022-2023 Advanced Micro Devices, Inc. All Rights Reserved.
Running: C:/Xilinx/Vivado/2023.2/bin/unwrapped/win64.o/xelab.exe --incr --debug all --relax --mt 2 -L xil_defaultlib -L uvm -L unisims_ver -L unimacro_ver -L secureip --snapshot TB_behav xil_defaultlib.TB xil_defaultlib.glbl -log elaborate.log 
Using 2 slave threads.
Starting static elaboration
Pass Through NonSizing Optimizer
Completed static elaboration
INFO: [XSIM 43-4323] No Change in HDL. Linking previously generated obj files to create kernel
INFO: [USF-XSim-69] 'elaborate' step finished in '1' seconds
INFO: [USF-XSim-4] XSim::Simulate design
INFO: [USF-XSim-61] Executing 'SIMULATE' step in 'C:/Users/Prasit/Documents/ACSA_RISCV/vivado_gui/rv_perceptron/rv_perceptron.sim/sim_1/behav/xsim'
INFO: [USF-XSim-98] *** Running xsim
   with args "TB_behav -key {Behavioral:sim_1:Functional:TB} -tclbatch {C:/Users/Prasit/Documents/ACSA_RISCV/vivado_gui/rv_perceptron/xsim_waves.tcl} -log {simulate.log}"
INFO: [USF-XSim-8] Loading simulator feature
Time resolution is 1 ps
source C:/Users/Prasit/Documents/ACSA_RISCV/vivado_gui/rv_perceptron/xsim_waves.tcl
# proc wv {grp path {radix hex} {label ""}} {
#   if {[catch {
#     if {$label eq ""} {
#       add_wave -into $grp -radix $radix $path
#     } else {
#       add_wave -into $grp -radix $radix -name $label $path
#     }
#   }]} {
#     puts "  \[waves\] skipped $path (not in this configuration)"
#   }
# }
# puts "\n\[waves\] building grouped wave layout ..."

[waves] building grouped wave layout ...
# catch { remove_wave -of [get_wave_config] [get_waves *] }
# set g [add_wave_group "1 - Clock / reset"]
# wv $g /TB/clk          binary
  [waves] skipped /TB/clk (not in this configuration)
# wv $g /TB/rst          binary
  [waves] skipped /TB/rst (not in this configuration)
# wv $g /TB/usePredictor binary
  [waves] skipped /TB/usePredictor (not in this configuration)
# set g [add_wave_group "2 - Fetch"]
# wv $g /TB/uut/fetch/pc          hex      "pc"
# wv $g /TB/uut/F_instr           hex      "instr"
# wv $g /TB/uut/F_pcPlus4         hex      "pc+4"
# wv $g /TB/uut/P_bPredictTaken   binary   "predictTaken (fast)"
  [waves] skipped /TB/uut/P_bPredictTaken (not in this configuration)
# wv $g /TB/uut/P_btbTarget       hex      "btbTarget"
# wv $g /TB/uut/H_stallF          binary   "stallF"
  [waves] skipped /TB/uut/H_stallF (not in this configuration)
# set g [add_wave_group "3 - Predict (fetch, fast path)"]
# wv $g /TB/uut/gPerceptron/bPredict/fBtbHit     binary   "btbHit"
  [waves] skipped /TB/uut/gPerceptron/bPredict/fBtbHit (not in this configuration)
# wv $g /TB/uut/gPerceptron/bPredict/fUncond     binary   "isJump"
  [waves] skipped /TB/uut/gPerceptron/bPredict/fUncond (not in this configuration)
# wv $g /TB/uut/gPerceptron/bPredict/fBimTaken   binary   "bimodalTaken"
  [waves] skipped /TB/uut/gPerceptron/bPredict/fBimTaken (not in this configuration)
# wv $g /TB/uut/gPerceptron/bPredict/fPredTaken  binary   "predTaken"
  [waves] skipped /TB/uut/gPerceptron/bPredict/fPredTaken (not in this configuration)
# wv $g /TB/uut/gPerceptron/bPredict/fPercIdx    unsigned "percIdx"
ERROR: [Wavedata 42-471] Note: Nothing was found for the following items: /TB/uut/gPerceptron/bPredict/fPercIdx 
  [waves] skipped /TB/uut/gPerceptron/bPredict/fPercIdx (not in this configuration)
# wv $g /TB/uut/gPerceptron/bPredict/ghrSpec     binary   "ghrSpec (N1)"
  [waves] skipped /TB/uut/gPerceptron/bPredict/ghrSpec (not in this configuration)
# wv $g /TB/uut/gPerceptron/bPredict/theta       signed   "theta (N2)"
  [waves] skipped /TB/uut/gPerceptron/bPredict/theta (not in this configuration)
# wv $g /TB/uut/gClassic/bPredict/fBtbHit        binary   "btbHit"
  [waves] skipped /TB/uut/gClassic/bPredict/fBtbHit (not in this configuration)
# wv $g /TB/uut/gClassic/bPredict/fPredTaken     binary   "predTaken"
  [waves] skipped /TB/uut/gClassic/bPredict/fPredTaken (not in this configuration)
# wv $g /TB/uut/gClassic/bPredict/fPhtIdx        unsigned "phtIdx"
ERROR: [Wavedata 42-471] Note: Nothing was found for the following items: /TB/uut/gClassic/bPredict/fPhtIdx 
  [waves] skipped /TB/uut/gClassic/bPredict/fPhtIdx (not in this configuration)
# wv $g /TB/uut/gClassic/bPredict/ghrSpec        binary   "ghrSpec"
  [waves] skipped /TB/uut/gClassic/bPredict/ghrSpec (not in this configuration)
# set g [add_wave_group "4 - N4 override (decode)"]
# wv $g /TB/uut/gPerceptron/bPredict/gOvr/yD           signed "y (dot product)"
  [waves] skipped /TB/uut/gPerceptron/bPredict/gOvr/yD (not in this configuration)
# wv $g /TB/uut/gPerceptron/bPredict/gOvr/dFastTaken   binary "fast said"
  [waves] skipped /TB/uut/gPerceptron/bPredict/gOvr/dFastTaken (not in this configuration)
# wv $g /TB/uut/gPerceptron/bPredict/gOvr/dFinalTaken  binary "perceptron says"
  [waves] skipped /TB/uut/gPerceptron/bPredict/gOvr/dFinalTaken (not in this configuration)
# wv $g /TB/uut/gPerceptron/bPredict/gOvr/dUseBim      binary "N3 gate fired"
  [waves] skipped /TB/uut/gPerceptron/bPredict/gOvr/dUseBim (not in this configuration)
# wv $g /TB/uut/P_ovrValid                             binary "OVERRIDE"
  [waves] skipped /TB/uut/P_ovrValid (not in this configuration)
# wv $g /TB/uut/P_ovrTaken                             binary "ovrTaken"
  [waves] skipped /TB/uut/P_ovrTaken (not in this configuration)
# wv $g /TB/uut/P_ovrTarget                            hex    "ovrTarget"
# set g [add_wave_group "5 - Execute (resolution)"]
# wv $g /TB/uut/E_pc           hex    "exPc"
# wv $g /TB/uut/E_branch       binary "isBranch"
  [waves] skipped /TB/uut/E_branch (not in this configuration)
# wv $g /TB/uut/E_controlXfer  binary "isCtrlXfer"
  [waves] skipped /TB/uut/E_controlXfer (not in this configuration)
# wv $g /TB/uut/E_btbUpdate    binary "resolvedTaken"
  [waves] skipped /TB/uut/E_btbUpdate (not in this configuration)
# wv $g /TB/uut/E_wrongBranch  binary "MISPREDICT"
  [waves] skipped /TB/uut/E_wrongBranch (not in this configuration)
# wv $g /TB/uut/E_pcTarget     hex    "redirectTo"
# set g [add_wave_group "6 - Train (EX+1)"]
# wv $g /TB/uut/gPerceptron/bPredict/tValid      binary   "trainValid"
  [waves] skipped /TB/uut/gPerceptron/bPredict/tValid (not in this configuration)
# wv $g /TB/uut/gPerceptron/bPredict/tTaken      binary   "outcome"
  [waves] skipped /TB/uut/gPerceptron/bPredict/tTaken (not in this configuration)
# wv $g /TB/uut/gPerceptron/bPredict/tIdx        unsigned "row"
ERROR: [Wavedata 42-471] Note: Nothing was found for the following items: /TB/uut/gPerceptron/bPredict/tIdx 
  [waves] skipped /TB/uut/gPerceptron/bPredict/tIdx (not in this configuration)
# wv $g /TB/uut/gPerceptron/bPredict/yT          signed   "y recomputed"
  [waves] skipped /TB/uut/gPerceptron/bPredict/yT (not in this configuration)
# wv $g /TB/uut/gPerceptron/bPredict/tPercWrong  binary   "perceptron wrong"
  [waves] skipped /TB/uut/gPerceptron/bPredict/tPercWrong (not in this configuration)
# wv $g /TB/uut/gPerceptron/bPredict/tDoTrain    binary   "UPDATE WEIGHTS"
  [waves] skipped /TB/uut/gPerceptron/bPredict/tDoTrain (not in this configuration)
# wv $g /TB/uut/gPerceptron/bPredict/ghrArch     binary   "ghrArch (N1)"
  [waves] skipped /TB/uut/gPerceptron/bPredict/ghrArch (not in this configuration)
# set g [add_wave_group "7 - Hazard / pipeline"]
# wv $g /TB/uut/H_stallD binary
  [waves] skipped /TB/uut/H_stallD (not in this configuration)
# wv $g /TB/uut/H_flushD binary
  [waves] skipped /TB/uut/H_flushD (not in this configuration)
# wv $g /TB/uut/H_flushE binary
  [waves] skipped /TB/uut/H_flushE (not in this configuration)
# wv $g /TB/uut/H_fwdAE  unsigned
# wv $g /TB/uut/H_fwdBE  unsigned
# set g [add_wave_group "8 - Statistics (live)"]
# wv $g /TB/uut/gPerceptron/bPredict/st_branches unsigned "branches"
ERROR: [Wavedata 42-471] Note: Nothing was found for the following items: /TB/uut/gPerceptron/bPredict/st_branches 
  [waves] skipped /TB/uut/gPerceptron/bPredict/st_branches (not in this configuration)
# wv $g /TB/uut/gPerceptron/bPredict/st_mispred  unsigned "mispredicts"
ERROR: [Wavedata 42-471] Note: Nothing was found for the following items: /TB/uut/gPerceptron/bPredict/st_mispred 
  [waves] skipped /TB/uut/gPerceptron/bPredict/st_mispred (not in this configuration)
# wv $g /TB/uut/gPerceptron/bPredict/st_override unsigned "overrides"
ERROR: [Wavedata 42-471] Note: Nothing was found for the following items: /TB/uut/gPerceptron/bPredict/st_override 
  [waves] skipped /TB/uut/gPerceptron/bPredict/st_override (not in this configuration)
# wv $g /TB/uut/gPerceptron/bPredict/st_btbMiss  unsigned "btbMisses"
ERROR: [Wavedata 42-471] Note: Nothing was found for the following items: /TB/uut/gPerceptron/bPredict/st_btbMiss 
  [waves] skipped /TB/uut/gPerceptron/bPredict/st_btbMiss (not in this configuration)
# wv $g /TB/uut/gClassic/bPredict/st_branches    unsigned "branches"
ERROR: [Wavedata 42-471] Note: Nothing was found for the following items: /TB/uut/gClassic/bPredict/st_branches 
  [waves] skipped /TB/uut/gClassic/bPredict/st_branches (not in this configuration)
# wv $g /TB/uut/gClassic/bPredict/st_mispred     unsigned "mispredicts"
ERROR: [Wavedata 42-471] Note: Nothing was found for the following items: /TB/uut/gClassic/bPredict/st_mispred 
  [waves] skipped /TB/uut/gClassic/bPredict/st_mispred (not in this configuration)
# wv $g /TB/cycles                               unsigned "cycle count"
# set g [add_wave_group "9 - UART"]
# wv $g /TB/uartWen  binary
  [waves] skipped /TB/uartWen (not in this configuration)
# wv $g /TB/uartData ascii "char"
# puts "\[waves\] done -- 9 groups\n"
[waves] done -- 9 groups

INFO: [USF-XSim-96] XSim completed. Design snapshot 'TB_behav' loaded.
INFO: [USF-XSim-97] XSim simulation ran for all
close_sim
INFO: [Simtcl 6-16] Simulation closed
launch_simulation
Command: launch_simulation 
INFO: [Vivado 12-12493] Simulation top is 'TB'
WARNING: [Vivado 12-13340] Unable to auto find GCC executables from simulator install path! (path not set)
INFO: [Vivado 12-5682] Launching behavioral simulation in 'C:/Users/Prasit/Documents/ACSA_RISCV/vivado_gui/rv_perceptron/rv_perceptron.sim/sim_1/behav/xsim'
INFO: [SIM-utils-51] Simulation object is 'sim_1'
INFO: [SIM-utils-72] Using boost library from 'C:/Xilinx/Vivado/2023.2/tps/boost_1_72_0'
INFO: [SIM-utils-54] Inspecting design source files for 'TB' in fileset 'sim_1'...
INFO: [SIM-utils-43] Exported 'C:/Users/Prasit/Documents/ACSA_RISCV/vivado_gui/rv_perceptron/rv_perceptron.sim/sim_1/behav/xsim/code.mem'
INFO: [SIM-utils-43] Exported 'C:/Users/Prasit/Documents/ACSA_RISCV/vivado_gui/rv_perceptron/rv_perceptron.sim/sim_1/behav/xsim/data.mem'
INFO: [SIM-utils-43] Exported 'C:/Users/Prasit/Documents/ACSA_RISCV/vivado_gui/rv_perceptron/rv_perceptron.sim/sim_1/behav/xsim/code.mem'
INFO: [SIM-utils-43] Exported 'C:/Users/Prasit/Documents/ACSA_RISCV/vivado_gui/rv_perceptron/rv_perceptron.sim/sim_1/behav/xsim/data.mem'
INFO: [USF-XSim-97] Finding global include files...
INFO: [USF-XSim-98] Fetching design files from 'sim_1'...
INFO: [USF-XSim-2] XSim::Compile design
INFO: [USF-XSim-61] Executing 'COMPILE and ANALYZE' step in 'C:/Users/Prasit/Documents/ACSA_RISCV/vivado_gui/rv_perceptron/rv_perceptron.sim/sim_1/behav/xsim'
"xvlog --incr --relax -L uvm -d PRED_PERCEPTRON -i C:\Users\Prasit\Documents\ACSA_RISCV\vivado_gui\rv_perceptron\rv_perceptron.srcs\sources_1\new -prj TB_vlog.prj"
ECHO is off.
ECHO is off.
INFO: [USF-XSim-69] 'compile' step finished in '2' seconds
INFO: [USF-XSim-3] XSim::Elaborate design
INFO: [USF-XSim-61] Executing 'ELABORATE' step in 'C:/Users/Prasit/Documents/ACSA_RISCV/vivado_gui/rv_perceptron/rv_perceptron.sim/sim_1/behav/xsim'
"xelab --incr --debug all --relax --mt 2 -L xil_defaultlib -L uvm -L unisims_ver -L unimacro_ver -L secureip --snapshot TB_behav xil_defaultlib.TB xil_defaultlib.glbl -log elaborate.log"
ECHO is off.
ECHO is off.
Vivado Simulator v2023.2
Copyright 1986-2022 Xilinx, Inc. All Rights Reserved.
Copyright 2022-2023 Advanced Micro Devices, Inc. All Rights Reserved.
Running: C:/Xilinx/Vivado/2023.2/bin/unwrapped/win64.o/xelab.exe --incr --debug all --relax --mt 2 -L xil_defaultlib -L uvm -L unisims_ver -L unimacro_ver -L secureip --snapshot TB_behav xil_defaultlib.TB xil_defaultlib.glbl -log elaborate.log 
Using 2 slave threads.
Starting static elaboration
Pass Through NonSizing Optimizer
Completed static elaboration
INFO: [XSIM 43-4323] No Change in HDL. Linking previously generated obj files to create kernel
INFO: [USF-XSim-69] 'elaborate' step finished in '1' seconds
INFO: [USF-XSim-4] XSim::Simulate design
INFO: [USF-XSim-61] Executing 'SIMULATE' step in 'C:/Users/Prasit/Documents/ACSA_RISCV/vivado_gui/rv_perceptron/rv_perceptron.sim/sim_1/behav/xsim'
INFO: [USF-XSim-98] *** Running xsim
   with args "TB_behav -key {Behavioral:sim_1:Functional:TB} -tclbatch {C:/Users/Prasit/Documents/ACSA_RISCV/vivado_gui/rv_perceptron/xsim_waves.tcl} -log {simulate.log}"
INFO: [USF-XSim-8] Loading simulator feature
Time resolution is 1 ps
source C:/Users/Prasit/Documents/ACSA_RISCV/vivado_gui/rv_perceptron/xsim_waves.tcl
# array set RADIX {
#   binary   bin
#   bin      bin
#   signed   dec
#   dec      dec
#   unsigned unsigned
#   hex      hex
#   ascii    ascii
#   octal    oct
# }
# proc wv {grp path {radix hex} {label ""}} {
#   global RADIX
#   if {[info exists RADIX($radix)]} {
#     set r $RADIX($radix)
#   } else {
#     set r hex
#     puts "  \[waves\] unknown radix '$radix' for $path -- using hex"
#   }
#   if {[catch {
#     if {$label eq ""} {
#       add_wave -into $grp -radix $r $path
#     } else {
#       add_wave -into $grp -radix $r -name $label $path
#     }
#   } err]} {
#     # print the actual error: silently calling everything "not in this
#     # configuration" hides real problems (a bad radix looks identical to a
#     # missing signal, which is exactly how this script was broken once).
#     puts "  \[waves\] FAILED $path : $err"
#   }
# }
# puts "\n\[waves\] building grouped wave layout ..."

[waves] building grouped wave layout ...
# catch { remove_wave -of [get_wave_config] [get_waves *] }
# set g [add_wave_group "1 - Clock / reset"]
# wv $g /TB/clk          binary
  [waves] unknown radix 'binary' for /TB/clk -- using hex
# wv $g /TB/rst          binary
  [waves] unknown radix 'binary' for /TB/rst -- using hex
# wv $g /TB/usePredictor binary
  [waves] unknown radix 'binary' for /TB/usePredictor -- using hex
# set g [add_wave_group "2 - Fetch"]
# wv $g /TB/uut/fetch/pc          hex      "pc"
  [waves] unknown radix 'hex' for /TB/uut/fetch/pc -- using hex
# wv $g /TB/uut/F_instr           hex      "instr"
  [waves] unknown radix 'hex' for /TB/uut/F_instr -- using hex
# wv $g /TB/uut/F_pcPlus4         hex      "pc+4"
  [waves] unknown radix 'hex' for /TB/uut/F_pcPlus4 -- using hex
# wv $g /TB/uut/P_bPredictTaken   binary   "predictTaken (fast)"
  [waves] unknown radix 'binary' for /TB/uut/P_bPredictTaken -- using hex
# wv $g /TB/uut/P_btbTarget       hex      "btbTarget"
  [waves] unknown radix 'hex' for /TB/uut/P_btbTarget -- using hex
# wv $g /TB/uut/H_stallF          binary   "stallF"
  [waves] unknown radix 'binary' for /TB/uut/H_stallF -- using hex
# set g [add_wave_group "3 - Predict (fetch, fast path)"]
# wv $g /TB/uut/gPerceptron/bPredict/fBtbHit     binary   "btbHit"
  [waves] unknown radix 'binary' for /TB/uut/gPerceptron/bPredict/fBtbHit -- using hex
ERROR: [Wavedata 42-471] Note: Nothing was found for the following items: /TB/uut/gPerceptron/bPredict/fBtbHit 
  [waves] FAILED /TB/uut/gPerceptron/bPredict/fBtbHit : ERROR: [Common 17-39] 'add_wave' failed due to earlier errors.

# wv $g /TB/uut/gPerceptron/bPredict/fUncond     binary   "isJump"
  [waves] unknown radix 'binary' for /TB/uut/gPerceptron/bPredict/fUncond -- using hex
ERROR: [Wavedata 42-471] Note: Nothing was found for the following items: /TB/uut/gPerceptron/bPredict/fUncond 
  [waves] FAILED /TB/uut/gPerceptron/bPredict/fUncond : ERROR: [Common 17-39] 'add_wave' failed due to earlier errors.

# wv $g /TB/uut/gPerceptron/bPredict/fBimTaken   binary   "bimodalTaken"
  [waves] unknown radix 'binary' for /TB/uut/gPerceptron/bPredict/fBimTaken -- using hex
ERROR: [Wavedata 42-471] Note: Nothing was found for the following items: /TB/uut/gPerceptron/bPredict/fBimTaken 
  [waves] FAILED /TB/uut/gPerceptron/bPredict/fBimTaken : ERROR: [Common 17-39] 'add_wave' failed due to earlier errors.

# wv $g /TB/uut/gPerceptron/bPredict/fPredTaken  binary   "predTaken"
  [waves] unknown radix 'binary' for /TB/uut/gPerceptron/bPredict/fPredTaken -- using hex
ERROR: [Wavedata 42-471] Note: Nothing was found for the following items: /TB/uut/gPerceptron/bPredict/fPredTaken 
  [waves] FAILED /TB/uut/gPerceptron/bPredict/fPredTaken : ERROR: [Common 17-39] 'add_wave' failed due to earlier errors.

# wv $g /TB/uut/gPerceptron/bPredict/fPercIdx    unsigned "percIdx"
  [waves] unknown radix 'unsigned' for /TB/uut/gPerceptron/bPredict/fPercIdx -- using hex
ERROR: [Wavedata 42-471] Note: Nothing was found for the following items: /TB/uut/gPerceptron/bPredict/fPercIdx 
  [waves] FAILED /TB/uut/gPerceptron/bPredict/fPercIdx : ERROR: [Common 17-39] 'add_wave' failed due to earlier errors.

# wv $g /TB/uut/gPerceptron/bPredict/ghrSpec     binary   "ghrSpec (N1)"
  [waves] unknown radix 'binary' for /TB/uut/gPerceptron/bPredict/ghrSpec -- using hex
ERROR: [Wavedata 42-471] Note: Nothing was found for the following items: /TB/uut/gPerceptron/bPredict/ghrSpec 
  [waves] FAILED /TB/uut/gPerceptron/bPredict/ghrSpec : ERROR: [Common 17-39] 'add_wave' failed due to earlier errors.

# wv $g /TB/uut/gPerceptron/bPredict/theta       signed   "theta (N2)"
  [waves] unknown radix 'signed' for /TB/uut/gPerceptron/bPredict/theta -- using hex
ERROR: [Wavedata 42-471] Note: Nothing was found for the following items: /TB/uut/gPerceptron/bPredict/theta 
  [waves] FAILED /TB/uut/gPerceptron/bPredict/theta : ERROR: [Common 17-39] 'add_wave' failed due to earlier errors.

# wv $g /TB/uut/gClassic/bPredict/fBtbHit        binary   "btbHit"
  [waves] unknown radix 'binary' for /TB/uut/gClassic/bPredict/fBtbHit -- using hex
ERROR: [Wavedata 42-471] Note: Nothing was found for the following items: /TB/uut/gClassic/bPredict/fBtbHit 
  [waves] FAILED /TB/uut/gClassic/bPredict/fBtbHit : ERROR: [Common 17-39] 'add_wave' failed due to earlier errors.

# wv $g /TB/uut/gClassic/bPredict/fPredTaken     binary   "predTaken"
  [waves] unknown radix 'binary' for /TB/uut/gClassic/bPredict/fPredTaken -- using hex
ERROR: [Wavedata 42-471] Note: Nothing was found for the following items: /TB/uut/gClassic/bPredict/fPredTaken 
  [waves] FAILED /TB/uut/gClassic/bPredict/fPredTaken : ERROR: [Common 17-39] 'add_wave' failed due to earlier errors.

# wv $g /TB/uut/gClassic/bPredict/fPhtIdx        unsigned "phtIdx"
  [waves] unknown radix 'unsigned' for /TB/uut/gClassic/bPredict/fPhtIdx -- using hex
ERROR: [Wavedata 42-471] Note: Nothing was found for the following items: /TB/uut/gClassic/bPredict/fPhtIdx 
  [waves] FAILED /TB/uut/gClassic/bPredict/fPhtIdx : ERROR: [Common 17-39] 'add_wave' failed due to earlier errors.

# wv $g /TB/uut/gClassic/bPredict/ghrSpec        binary   "ghrSpec"
  [waves] unknown radix 'binary' for /TB/uut/gClassic/bPredict/ghrSpec -- using hex
ERROR: [Wavedata 42-471] Note: Nothing was found for the following items: /TB/uut/gClassic/bPredict/ghrSpec 
  [waves] FAILED /TB/uut/gClassic/bPredict/ghrSpec : ERROR: [Common 17-39] 'add_wave' failed due to earlier errors.

# set g [add_wave_group "4 - N4 override (decode)"]
# wv $g /TB/uut/gPerceptron/bPredict/gOvr/yD           signed "y (dot product)"
  [waves] unknown radix 'signed' for /TB/uut/gPerceptron/bPredict/gOvr/yD -- using hex
ERROR: [Wavedata 42-471] Note: Nothing was found for the following items: /TB/uut/gPerceptron/bPredict/gOvr/yD 
  [waves] FAILED /TB/uut/gPerceptron/bPredict/gOvr/yD : ERROR: [Common 17-39] 'add_wave' failed due to earlier errors.

# wv $g /TB/uut/gPerceptron/bPredict/gOvr/dFastTaken   binary "fast said"
  [waves] unknown radix 'binary' for /TB/uut/gPerceptron/bPredict/gOvr/dFastTaken -- using hex
ERROR: [Wavedata 42-471] Note: Nothing was found for the following items: /TB/uut/gPerceptron/bPredict/gOvr/dFastTaken 
  [waves] FAILED /TB/uut/gPerceptron/bPredict/gOvr/dFastTaken : ERROR: [Common 17-39] 'add_wave' failed due to earlier errors.

# wv $g /TB/uut/gPerceptron/bPredict/gOvr/dFinalTaken  binary "perceptron says"
  [waves] unknown radix 'binary' for /TB/uut/gPerceptron/bPredict/gOvr/dFinalTaken -- using hex
ERROR: [Wavedata 42-471] Note: Nothing was found for the following items: /TB/uut/gPerceptron/bPredict/gOvr/dFinalTaken 
  [waves] FAILED /TB/uut/gPerceptron/bPredict/gOvr/dFinalTaken : ERROR: [Common 17-39] 'add_wave' failed due to earlier errors.

# wv $g /TB/uut/gPerceptron/bPredict/gOvr/dUseBim      binary "N3 gate fired"
  [waves] unknown radix 'binary' for /TB/uut/gPerceptron/bPredict/gOvr/dUseBim -- using hex
ERROR: [Wavedata 42-471] Note: Nothing was found for the following items: /TB/uut/gPerceptron/bPredict/gOvr/dUseBim 
  [waves] FAILED /TB/uut/gPerceptron/bPredict/gOvr/dUseBim : ERROR: [Common 17-39] 'add_wave' failed due to earlier errors.

# wv $g /TB/uut/P_ovrValid                             binary "OVERRIDE"
  [waves] unknown radix 'binary' for /TB/uut/P_ovrValid -- using hex
# wv $g /TB/uut/P_ovrTaken                             binary "ovrTaken"
  [waves] unknown radix 'binary' for /TB/uut/P_ovrTaken -- using hex
# wv $g /TB/uut/P_ovrTarget                            hex    "ovrTarget"
  [waves] unknown radix 'hex' for /TB/uut/P_ovrTarget -- using hex
# set g [add_wave_group "5 - Execute (resolution)"]
# wv $g /TB/uut/E_pc           hex    "exPc"
  [waves] unknown radix 'hex' for /TB/uut/E_pc -- using hex
# wv $g /TB/uut/E_branch       binary "isBranch"
  [waves] unknown radix 'binary' for /TB/uut/E_branch -- using hex
# wv $g /TB/uut/E_controlXfer  binary "isCtrlXfer"
  [waves] unknown radix 'binary' for /TB/uut/E_controlXfer -- using hex
# wv $g /TB/uut/E_btbUpdate    binary "resolvedTaken"
  [waves] unknown radix 'binary' for /TB/uut/E_btbUpdate -- using hex
# wv $g /TB/uut/E_wrongBranch  binary "MISPREDICT"
  [waves] unknown radix 'binary' for /TB/uut/E_wrongBranch -- using hex
# wv $g /TB/uut/E_pcTarget     hex    "redirectTo"
  [waves] unknown radix 'hex' for /TB/uut/E_pcTarget -- using hex
# set g [add_wave_group "6 - Train (EX+1)"]
# wv $g /TB/uut/gPerceptron/bPredict/tValid      binary   "trainValid"
  [waves] unknown radix 'binary' for /TB/uut/gPerceptron/bPredict/tValid -- using hex
ERROR: [Wavedata 42-471] Note: Nothing was found for the following items: /TB/uut/gPerceptron/bPredict/tValid 
  [waves] FAILED /TB/uut/gPerceptron/bPredict/tValid : ERROR: [Common 17-39] 'add_wave' failed due to earlier errors.

# wv $g /TB/uut/gPerceptron/bPredict/tTaken      binary   "outcome"
  [waves] unknown radix 'binary' for /TB/uut/gPerceptron/bPredict/tTaken -- using hex
ERROR: [Wavedata 42-471] Note: Nothing was found for the following items: /TB/uut/gPerceptron/bPredict/tTaken 
  [waves] FAILED /TB/uut/gPerceptron/bPredict/tTaken : ERROR: [Common 17-39] 'add_wave' failed due to earlier errors.

# wv $g /TB/uut/gPerceptron/bPredict/tIdx        unsigned "row"
  [waves] unknown radix 'unsigned' for /TB/uut/gPerceptron/bPredict/tIdx -- using hex
ERROR: [Wavedata 42-471] Note: Nothing was found for the following items: /TB/uut/gPerceptron/bPredict/tIdx 
  [waves] FAILED /TB/uut/gPerceptron/bPredict/tIdx : ERROR: [Common 17-39] 'add_wave' failed due to earlier errors.

# wv $g /TB/uut/gPerceptron/bPredict/yT          signed   "y recomputed"
  [waves] unknown radix 'signed' for /TB/uut/gPerceptron/bPredict/yT -- using hex
ERROR: [Wavedata 42-471] Note: Nothing was found for the following items: /TB/uut/gPerceptron/bPredict/yT 
  [waves] FAILED /TB/uut/gPerceptron/bPredict/yT : ERROR: [Common 17-39] 'add_wave' failed due to earlier errors.

# wv $g /TB/uut/gPerceptron/bPredict/tPercWrong  binary   "perceptron wrong"
  [waves] unknown radix 'binary' for /TB/uut/gPerceptron/bPredict/tPercWrong -- using hex
ERROR: [Wavedata 42-471] Note: Nothing was found for the following items: /TB/uut/gPerceptron/bPredict/tPercWrong 
  [waves] FAILED /TB/uut/gPerceptron/bPredict/tPercWrong : ERROR: [Common 17-39] 'add_wave' failed due to earlier errors.

# wv $g /TB/uut/gPerceptron/bPredict/tDoTrain    binary   "UPDATE WEIGHTS"
  [waves] unknown radix 'binary' for /TB/uut/gPerceptron/bPredict/tDoTrain -- using hex
ERROR: [Wavedata 42-471] Note: Nothing was found for the following items: /TB/uut/gPerceptron/bPredict/tDoTrain 
  [waves] FAILED /TB/uut/gPerceptron/bPredict/tDoTrain : ERROR: [Common 17-39] 'add_wave' failed due to earlier errors.

# wv $g /TB/uut/gPerceptron/bPredict/ghrArch     binary   "ghrArch (N1)"
  [waves] unknown radix 'binary' for /TB/uut/gPerceptron/bPredict/ghrArch -- using hex
ERROR: [Wavedata 42-471] Note: Nothing was found for the following items: /TB/uut/gPerceptron/bPredict/ghrArch 
  [waves] FAILED /TB/uut/gPerceptron/bPredict/ghrArch : ERROR: [Common 17-39] 'add_wave' failed due to earlier errors.

# set g [add_wave_group "7 - Hazard / pipeline"]
# wv $g /TB/uut/H_stallD binary
  [waves] unknown radix 'binary' for /TB/uut/H_stallD -- using hex
# wv $g /TB/uut/H_flushD binary
  [waves] unknown radix 'binary' for /TB/uut/H_flushD -- using hex
# wv $g /TB/uut/H_flushE binary
  [waves] unknown radix 'binary' for /TB/uut/H_flushE -- using hex
# wv $g /TB/uut/H_fwdAE  unsigned
  [waves] unknown radix 'unsigned' for /TB/uut/H_fwdAE -- using hex
# wv $g /TB/uut/H_fwdBE  unsigned
  [waves] unknown radix 'unsigned' for /TB/uut/H_fwdBE -- using hex
# set g [add_wave_group "8 - Statistics (live)"]
# wv $g /TB/uut/gPerceptron/bPredict/st_branches unsigned "branches"
  [waves] unknown radix 'unsigned' for /TB/uut/gPerceptron/bPredict/st_branches -- using hex
ERROR: [Wavedata 42-471] Note: Nothing was found for the following items: /TB/uut/gPerceptron/bPredict/st_branches 
  [waves] FAILED /TB/uut/gPerceptron/bPredict/st_branches : ERROR: [Common 17-39] 'add_wave' failed due to earlier errors.

# wv $g /TB/uut/gPerceptron/bPredict/st_mispred  unsigned "mispredicts"
  [waves] unknown radix 'unsigned' for /TB/uut/gPerceptron/bPredict/st_mispred -- using hex
ERROR: [Wavedata 42-471] Note: Nothing was found for the following items: /TB/uut/gPerceptron/bPredict/st_mispred 
  [waves] FAILED /TB/uut/gPerceptron/bPredict/st_mispred : ERROR: [Common 17-39] 'add_wave' failed due to earlier errors.

# wv $g /TB/uut/gPerceptron/bPredict/st_override unsigned "overrides"
  [waves] unknown radix 'unsigned' for /TB/uut/gPerceptron/bPredict/st_override -- using hex
ERROR: [Wavedata 42-471] Note: Nothing was found for the following items: /TB/uut/gPerceptron/bPredict/st_override 
  [waves] FAILED /TB/uut/gPerceptron/bPredict/st_override : ERROR: [Common 17-39] 'add_wave' failed due to earlier errors.

# wv $g /TB/uut/gPerceptron/bPredict/st_btbMiss  unsigned "btbMisses"
  [waves] unknown radix 'unsigned' for /TB/uut/gPerceptron/bPredict/st_btbMiss -- using hex
ERROR: [Wavedata 42-471] Note: Nothing was found for the following items: /TB/uut/gPerceptron/bPredict/st_btbMiss 
  [waves] FAILED /TB/uut/gPerceptron/bPredict/st_btbMiss : ERROR: [Common 17-39] 'add_wave' failed due to earlier errors.

# wv $g /TB/uut/gClassic/bPredict/st_branches    unsigned "branches"
  [waves] unknown radix 'unsigned' for /TB/uut/gClassic/bPredict/st_branches -- using hex
ERROR: [Wavedata 42-471] Note: Nothing was found for the following items: /TB/uut/gClassic/bPredict/st_branches 
  [waves] FAILED /TB/uut/gClassic/bPredict/st_branches : ERROR: [Common 17-39] 'add_wave' failed due to earlier errors.

# wv $g /TB/uut/gClassic/bPredict/st_mispred     unsigned "mispredicts"
  [waves] unknown radix 'unsigned' for /TB/uut/gClassic/bPredict/st_mispred -- using hex
ERROR: [Wavedata 42-471] Note: Nothing was found for the following items: /TB/uut/gClassic/bPredict/st_mispred 
  [waves] FAILED /TB/uut/gClassic/bPredict/st_mispred : ERROR: [Common 17-39] 'add_wave' failed due to earlier errors.

# wv $g /TB/cycles                               unsigned "cycle count"
  [waves] unknown radix 'unsigned' for /TB/cycles -- using hex
# set g [add_wave_group "9 - UART"]
# wv $g /TB/uartWen  binary
  [waves] unknown radix 'binary' for /TB/uartWen -- using hex
# wv $g /TB/uartData ascii "char"
  [waves] unknown radix 'ascii' for /TB/uartData -- using hex
# puts "\[waves\] done -- 9 groups\n"
[waves] done -- 9 groups

INFO: [USF-XSim-96] XSim completed. Design snapshot 'TB_behav' loaded.
INFO: [USF-XSim-97] XSim simulation ran for all
close_sim
INFO: [Simtcl 6-16] Simulation closed
set_property -name {xsim.elaborate.debug_level} -value {typical} -objects [get_filesets sim_1]
launch_simulation
Command: launch_simulation 
INFO: [Vivado 12-12493] Simulation top is 'TB'
WARNING: [Vivado 12-13340] Unable to auto find GCC executables from simulator install path! (path not set)
INFO: [Vivado 12-5682] Launching behavioral simulation in 'C:/Users/Prasit/Documents/ACSA_RISCV/vivado_gui/rv_perceptron/rv_perceptron.sim/sim_1/behav/xsim'
INFO: [SIM-utils-51] Simulation object is 'sim_1'
INFO: [SIM-utils-72] Using boost library from 'C:/Xilinx/Vivado/2023.2/tps/boost_1_72_0'
INFO: [SIM-utils-54] Inspecting design source files for 'TB' in fileset 'sim_1'...
INFO: [SIM-utils-43] Exported 'C:/Users/Prasit/Documents/ACSA_RISCV/vivado_gui/rv_perceptron/rv_perceptron.sim/sim_1/behav/xsim/code.mem'
INFO: [SIM-utils-43] Exported 'C:/Users/Prasit/Documents/ACSA_RISCV/vivado_gui/rv_perceptron/rv_perceptron.sim/sim_1/behav/xsim/data.mem'
INFO: [SIM-utils-43] Exported 'C:/Users/Prasit/Documents/ACSA_RISCV/vivado_gui/rv_perceptron/rv_perceptron.sim/sim_1/behav/xsim/code.mem'
INFO: [SIM-utils-43] Exported 'C:/Users/Prasit/Documents/ACSA_RISCV/vivado_gui/rv_perceptron/rv_perceptron.sim/sim_1/behav/xsim/data.mem'
INFO: [USF-XSim-97] Finding global include files...
INFO: [USF-XSim-98] Fetching design files from 'sim_1'...
INFO: [USF-XSim-2] XSim::Compile design
INFO: [USF-XSim-61] Executing 'COMPILE and ANALYZE' step in 'C:/Users/Prasit/Documents/ACSA_RISCV/vivado_gui/rv_perceptron/rv_perceptron.sim/sim_1/behav/xsim'
"xvlog --incr --relax -L uvm -d PRED_PERCEPTRON -i C:\Users\Prasit\Documents\ACSA_RISCV\vivado_gui\rv_perceptron\rv_perceptron.srcs\sources_1\new -prj TB_vlog.prj"
ECHO is off.
ECHO is off.
INFO: [USF-XSim-69] 'compile' step finished in '1' seconds
INFO: [USF-XSim-3] XSim::Elaborate design
INFO: [USF-XSim-61] Executing 'ELABORATE' step in 'C:/Users/Prasit/Documents/ACSA_RISCV/vivado_gui/rv_perceptron/rv_perceptron.sim/sim_1/behav/xsim'
"xelab --incr --debug typical --relax --mt 2 -L xil_defaultlib -L uvm -L unisims_ver -L unimacro_ver -L secureip --snapshot TB_behav xil_defaultlib.TB xil_defaultlib.glbl -log elaborate.log"
ECHO is off.
ECHO is off.
Vivado Simulator v2023.2
Copyright 1986-2022 Xilinx, Inc. All Rights Reserved.
Copyright 2022-2023 Advanced Micro Devices, Inc. All Rights Reserved.
Running: C:/Xilinx/Vivado/2023.2/bin/unwrapped/win64.o/xelab.exe --incr --debug typical --relax --mt 2 -L xil_defaultlib -L uvm -L unisims_ver -L unimacro_ver -L secureip --snapshot TB_behav xil_defaultlib.TB xil_defaultlib.glbl -log elaborate.log 
Using 2 slave threads.
Starting static elaboration
Pass Through NonSizing Optimizer
Completed static elaboration
Starting simulation data flow analysis
WARNING: [XSIM 43-4099] "C:/Users/Prasit/Documents/ACSA_RISCV/vivado_gui/rv_perceptron/rv_perceptron.srcs/sources_1/new/controlUnit.sv" Line 1. Module controlUnit doesn't have a timescale but at least one module in design has a timescale.
WARNING: [XSIM 43-4099] "C:/Users/Prasit/Documents/ACSA_RISCV/vivado_gui/rv_perceptron/rv_perceptron.srcs/sources_1/new/alu.sv" Line 1. Module alu doesn't have a timescale but at least one module in design has a timescale.
WARNING: [XSIM 43-4099] "C:/Users/Prasit/Documents/ACSA_RISCV/vivado_gui/rv_perceptron/rv_perceptron.srcs/sources_1/new/controlUnit.sv" Line 1. Module controlUnit doesn't have a timescale but at least one module in design has a timescale.
WARNING: [XSIM 43-4099] "C:/Users/Prasit/Documents/ACSA_RISCV/vivado_gui/rv_perceptron/rv_perceptron.srcs/sources_1/new/alu.sv" Line 1. Module alu doesn't have a timescale but at least one module in design has a timescale.
Completed simulation data flow analysis
Time Resolution for simulation is 1ps
Compiling module xil_defaultlib.hazardUnit
Compiling module xil_defaultlib.stageInstFetch
Compiling module xil_defaultlib.controlUnit
Compiling module xil_defaultlib.extend
Compiling module xil_defaultlib.registerFile
Compiling module xil_defaultlib.csrFile
Compiling module xil_defaultlib.stageDecode
Compiling module xil_defaultlib.alu
Compiling module xil_defaultlib.csrUnit
Compiling module xil_defaultlib.stageExecute
Compiling module xil_defaultlib.stageMem
Compiling module xil_defaultlib.stageWback
Compiling module xil_defaultlib.perceptronPredictor_default
Compiling module xil_defaultlib.core_default
Compiling module xil_defaultlib.imem_default
Compiling module xil_defaultlib.dmem
Compiling module xil_defaultlib.simUart
Compiling module xil_defaultlib.TB
Compiling module xil_defaultlib.glbl
Built simulation snapshot TB_behav
INFO: [USF-XSim-69] 'elaborate' step finished in '5' seconds
INFO: [USF-XSim-4] XSim::Simulate design
INFO: [USF-XSim-61] Executing 'SIMULATE' step in 'C:/Users/Prasit/Documents/ACSA_RISCV/vivado_gui/rv_perceptron/rv_perceptron.sim/sim_1/behav/xsim'
INFO: [USF-XSim-98] *** Running xsim
   with args "TB_behav -key {Behavioral:sim_1:Functional:TB} -tclbatch {C:/Users/Prasit/Documents/ACSA_RISCV/vivado_gui/rv_perceptron/xsim_waves.tcl} -log {simulate.log}"
INFO: [USF-XSim-8] Loading simulator feature
Time resolution is 1 ps
source C:/Users/Prasit/Documents/ACSA_RISCV/vivado_gui/rv_perceptron/xsim_waves.tcl
# array set RADIX {
#   binary   bin
#   bin      bin
#   signed   dec
#   dec      dec
#   unsigned unsigned
#   hex      hex
#   ascii    ascii
#   octal    oct
# }
# proc wv {grp path {radix hex} {label ""}} {
#   global RADIX
#   if {[info exists RADIX($radix)]} {
#     set r $RADIX($radix)
#   } else {
#     set r hex
#     puts "  \[waves\] unknown radix '$radix' for $path -- using hex"
#   }
#   if {[catch {
#     if {$label eq ""} {
#       add_wave -into $grp -radix $r $path
#     } else {
#       add_wave -into $grp -radix $r -name $label $path
#     }
#   } err]} {
#     # print the actual error: silently calling everything "not in this
#     # configuration" hides real problems (a bad radix looks identical to a
#     # missing signal, which is exactly how this script was broken once).
#     puts "  \[waves\] FAILED $path : $err"
#   }
# }
# puts "\n\[waves\] building grouped wave layout ..."

[waves] building grouped wave layout ...
# catch { remove_wave -of [get_wave_config] [get_waves *] }
# set g [add_wave_group "1 - Clock / reset"]
# wv $g /TB/clk          binary
  [waves] unknown radix 'binary' for /TB/clk -- using hex
# wv $g /TB/rst          binary
  [waves] unknown radix 'binary' for /TB/rst -- using hex
# wv $g /TB/usePredictor binary
  [waves] unknown radix 'binary' for /TB/usePredictor -- using hex
# set g [add_wave_group "2 - Fetch"]
# wv $g /TB/uut/fetch/pc          hex      "pc"
  [waves] unknown radix 'hex' for /TB/uut/fetch/pc -- using hex
# wv $g /TB/uut/F_instr           hex      "instr"
  [waves] unknown radix 'hex' for /TB/uut/F_instr -- using hex
# wv $g /TB/uut/F_pcPlus4         hex      "pc+4"
  [waves] unknown radix 'hex' for /TB/uut/F_pcPlus4 -- using hex
# wv $g /TB/uut/P_bPredictTaken   binary   "predictTaken (fast)"
  [waves] unknown radix 'binary' for /TB/uut/P_bPredictTaken -- using hex
# wv $g /TB/uut/P_btbTarget       hex      "btbTarget"
  [waves] unknown radix 'hex' for /TB/uut/P_btbTarget -- using hex
# wv $g /TB/uut/H_stallF          binary   "stallF"
  [waves] unknown radix 'binary' for /TB/uut/H_stallF -- using hex
# set g [add_wave_group "3 - Predict (fetch, fast path)"]
# wv $g /TB/uut/gPerceptron/bPredict/fBtbHit     binary   "btbHit"
  [waves] unknown radix 'binary' for /TB/uut/gPerceptron/bPredict/fBtbHit -- using hex
ERROR: [Wavedata 42-471] Note: Nothing was found for the following items: /TB/uut/gPerceptron/bPredict/fBtbHit 
  [waves] FAILED /TB/uut/gPerceptron/bPredict/fBtbHit : ERROR: [Common 17-39] 'add_wave' failed due to earlier errors.

# wv $g /TB/uut/gPerceptron/bPredict/fUncond     binary   "isJump"
  [waves] unknown radix 'binary' for /TB/uut/gPerceptron/bPredict/fUncond -- using hex
ERROR: [Wavedata 42-471] Note: Nothing was found for the following items: /TB/uut/gPerceptron/bPredict/fUncond 
  [waves] FAILED /TB/uut/gPerceptron/bPredict/fUncond : ERROR: [Common 17-39] 'add_wave' failed due to earlier errors.

# wv $g /TB/uut/gPerceptron/bPredict/fBimTaken   binary   "bimodalTaken"
  [waves] unknown radix 'binary' for /TB/uut/gPerceptron/bPredict/fBimTaken -- using hex
ERROR: [Wavedata 42-471] Note: Nothing was found for the following items: /TB/uut/gPerceptron/bPredict/fBimTaken 
  [waves] FAILED /TB/uut/gPerceptron/bPredict/fBimTaken : ERROR: [Common 17-39] 'add_wave' failed due to earlier errors.

# wv $g /TB/uut/gPerceptron/bPredict/fPredTaken  binary   "predTaken"
  [waves] unknown radix 'binary' for /TB/uut/gPerceptron/bPredict/fPredTaken -- using hex
ERROR: [Wavedata 42-471] Note: Nothing was found for the following items: /TB/uut/gPerceptron/bPredict/fPredTaken 
  [waves] FAILED /TB/uut/gPerceptron/bPredict/fPredTaken : ERROR: [Common 17-39] 'add_wave' failed due to earlier errors.

# wv $g /TB/uut/gPerceptron/bPredict/fPercIdx    unsigned "percIdx"
  [waves] unknown radix 'unsigned' for /TB/uut/gPerceptron/bPredict/fPercIdx -- using hex
ERROR: [Wavedata 42-471] Note: Nothing was found for the following items: /TB/uut/gPerceptron/bPredict/fPercIdx 
  [waves] FAILED /TB/uut/gPerceptron/bPredict/fPercIdx : ERROR: [Common 17-39] 'add_wave' failed due to earlier errors.

# wv $g /TB/uut/gPerceptron/bPredict/ghrSpec     binary   "ghrSpec (N1)"
  [waves] unknown radix 'binary' for /TB/uut/gPerceptron/bPredict/ghrSpec -- using hex
ERROR: [Wavedata 42-471] Note: Nothing was found for the following items: /TB/uut/gPerceptron/bPredict/ghrSpec 
  [waves] FAILED /TB/uut/gPerceptron/bPredict/ghrSpec : ERROR: [Common 17-39] 'add_wave' failed due to earlier errors.

# wv $g /TB/uut/gPerceptron/bPredict/theta       signed   "theta (N2)"
  [waves] unknown radix 'signed' for /TB/uut/gPerceptron/bPredict/theta -- using hex
ERROR: [Wavedata 42-471] Note: Nothing was found for the following items: /TB/uut/gPerceptron/bPredict/theta 
  [waves] FAILED /TB/uut/gPerceptron/bPredict/theta : ERROR: [Common 17-39] 'add_wave' failed due to earlier errors.

# wv $g /TB/uut/gClassic/bPredict/fBtbHit        binary   "btbHit"
  [waves] unknown radix 'binary' for /TB/uut/gClassic/bPredict/fBtbHit -- using hex
ERROR: [Wavedata 42-471] Note: Nothing was found for the following items: /TB/uut/gClassic/bPredict/fBtbHit 
  [waves] FAILED /TB/uut/gClassic/bPredict/fBtbHit : ERROR: [Common 17-39] 'add_wave' failed due to earlier errors.

# wv $g /TB/uut/gClassic/bPredict/fPredTaken     binary   "predTaken"
  [waves] unknown radix 'binary' for /TB/uut/gClassic/bPredict/fPredTaken -- using hex
ERROR: [Wavedata 42-471] Note: Nothing was found for the following items: /TB/uut/gClassic/bPredict/fPredTaken 
  [waves] FAILED /TB/uut/gClassic/bPredict/fPredTaken : ERROR: [Common 17-39] 'add_wave' failed due to earlier errors.

# wv $g /TB/uut/gClassic/bPredict/fPhtIdx        unsigned "phtIdx"
  [waves] unknown radix 'unsigned' for /TB/uut/gClassic/bPredict/fPhtIdx -- using hex
ERROR: [Wavedata 42-471] Note: Nothing was found for the following items: /TB/uut/gClassic/bPredict/fPhtIdx 
  [waves] FAILED /TB/uut/gClassic/bPredict/fPhtIdx : ERROR: [Common 17-39] 'add_wave' failed due to earlier errors.

# wv $g /TB/uut/gClassic/bPredict/ghrSpec        binary   "ghrSpec"
  [waves] unknown radix 'binary' for /TB/uut/gClassic/bPredict/ghrSpec -- using hex
ERROR: [Wavedata 42-471] Note: Nothing was found for the following items: /TB/uut/gClassic/bPredict/ghrSpec 
  [waves] FAILED /TB/uut/gClassic/bPredict/ghrSpec : ERROR: [Common 17-39] 'add_wave' failed due to earlier errors.

# set g [add_wave_group "4 - N4 override (decode)"]
# wv $g /TB/uut/gPerceptron/bPredict/gOvr/yD           signed "y (dot product)"
  [waves] unknown radix 'signed' for /TB/uut/gPerceptron/bPredict/gOvr/yD -- using hex
ERROR: [Wavedata 42-471] Note: Nothing was found for the following items: /TB/uut/gPerceptron/bPredict/gOvr/yD 
  [waves] FAILED /TB/uut/gPerceptron/bPredict/gOvr/yD : ERROR: [Common 17-39] 'add_wave' failed due to earlier errors.

# wv $g /TB/uut/gPerceptron/bPredict/gOvr/dFastTaken   binary "fast said"
  [waves] unknown radix 'binary' for /TB/uut/gPerceptron/bPredict/gOvr/dFastTaken -- using hex
ERROR: [Wavedata 42-471] Note: Nothing was found for the following items: /TB/uut/gPerceptron/bPredict/gOvr/dFastTaken 
  [waves] FAILED /TB/uut/gPerceptron/bPredict/gOvr/dFastTaken : ERROR: [Common 17-39] 'add_wave' failed due to earlier errors.

# wv $g /TB/uut/gPerceptron/bPredict/gOvr/dFinalTaken  binary "perceptron says"
  [waves] unknown radix 'binary' for /TB/uut/gPerceptron/bPredict/gOvr/dFinalTaken -- using hex
ERROR: [Wavedata 42-471] Note: Nothing was found for the following items: /TB/uut/gPerceptron/bPredict/gOvr/dFinalTaken 
  [waves] FAILED /TB/uut/gPerceptron/bPredict/gOvr/dFinalTaken : ERROR: [Common 17-39] 'add_wave' failed due to earlier errors.

# wv $g /TB/uut/gPerceptron/bPredict/gOvr/dUseBim      binary "N3 gate fired"
  [waves] unknown radix 'binary' for /TB/uut/gPerceptron/bPredict/gOvr/dUseBim -- using hex
ERROR: [Wavedata 42-471] Note: Nothing was found for the following items: /TB/uut/gPerceptron/bPredict/gOvr/dUseBim 
  [waves] FAILED /TB/uut/gPerceptron/bPredict/gOvr/dUseBim : ERROR: [Common 17-39] 'add_wave' failed due to earlier errors.

# wv $g /TB/uut/P_ovrValid                             binary "OVERRIDE"
  [waves] unknown radix 'binary' for /TB/uut/P_ovrValid -- using hex
# wv $g /TB/uut/P_ovrTaken                             binary "ovrTaken"
  [waves] unknown radix 'binary' for /TB/uut/P_ovrTaken -- using hex
# wv $g /TB/uut/P_ovrTarget                            hex    "ovrTarget"
  [waves] unknown radix 'hex' for /TB/uut/P_ovrTarget -- using hex
# set g [add_wave_group "5 - Execute (resolution)"]
# wv $g /TB/uut/E_pc           hex    "exPc"
  [waves] unknown radix 'hex' for /TB/uut/E_pc -- using hex
# wv $g /TB/uut/E_branch       binary "isBranch"
  [waves] unknown radix 'binary' for /TB/uut/E_branch -- using hex
# wv $g /TB/uut/E_controlXfer  binary "isCtrlXfer"
  [waves] unknown radix 'binary' for /TB/uut/E_controlXfer -- using hex
# wv $g /TB/uut/E_btbUpdate    binary "resolvedTaken"
  [waves] unknown radix 'binary' for /TB/uut/E_btbUpdate -- using hex
# wv $g /TB/uut/E_wrongBranch  binary "MISPREDICT"
  [waves] unknown radix 'binary' for /TB/uut/E_wrongBranch -- using hex
# wv $g /TB/uut/E_pcTarget     hex    "redirectTo"
  [waves] unknown radix 'hex' for /TB/uut/E_pcTarget -- using hex
# set g [add_wave_group "6 - Train (EX+1)"]
# wv $g /TB/uut/gPerceptron/bPredict/tValid      binary   "trainValid"
  [waves] unknown radix 'binary' for /TB/uut/gPerceptron/bPredict/tValid -- using hex
ERROR: [Wavedata 42-471] Note: Nothing was found for the following items: /TB/uut/gPerceptron/bPredict/tValid 
  [waves] FAILED /TB/uut/gPerceptron/bPredict/tValid : ERROR: [Common 17-39] 'add_wave' failed due to earlier errors.

# wv $g /TB/uut/gPerceptron/bPredict/tTaken      binary   "outcome"
  [waves] unknown radix 'binary' for /TB/uut/gPerceptron/bPredict/tTaken -- using hex
ERROR: [Wavedata 42-471] Note: Nothing was found for the following items: /TB/uut/gPerceptron/bPredict/tTaken 
  [waves] FAILED /TB/uut/gPerceptron/bPredict/tTaken : ERROR: [Common 17-39] 'add_wave' failed due to earlier errors.

# wv $g /TB/uut/gPerceptron/bPredict/tIdx        unsigned "row"
  [waves] unknown radix 'unsigned' for /TB/uut/gPerceptron/bPredict/tIdx -- using hex
ERROR: [Wavedata 42-471] Note: Nothing was found for the following items: /TB/uut/gPerceptron/bPredict/tIdx 
  [waves] FAILED /TB/uut/gPerceptron/bPredict/tIdx : ERROR: [Common 17-39] 'add_wave' failed due to earlier errors.

# wv $g /TB/uut/gPerceptron/bPredict/yT          signed   "y recomputed"
  [waves] unknown radix 'signed' for /TB/uut/gPerceptron/bPredict/yT -- using hex
ERROR: [Wavedata 42-471] Note: Nothing was found for the following items: /TB/uut/gPerceptron/bPredict/yT 
  [waves] FAILED /TB/uut/gPerceptron/bPredict/yT : ERROR: [Common 17-39] 'add_wave' failed due to earlier errors.

# wv $g /TB/uut/gPerceptron/bPredict/tPercWrong  binary   "perceptron wrong"
  [waves] unknown radix 'binary' for /TB/uut/gPerceptron/bPredict/tPercWrong -- using hex
ERROR: [Wavedata 42-471] Note: Nothing was found for the following items: /TB/uut/gPerceptron/bPredict/tPercWrong 
  [waves] FAILED /TB/uut/gPerceptron/bPredict/tPercWrong : ERROR: [Common 17-39] 'add_wave' failed due to earlier errors.

# wv $g /TB/uut/gPerceptron/bPredict/tDoTrain    binary   "UPDATE WEIGHTS"
  [waves] unknown radix 'binary' for /TB/uut/gPerceptron/bPredict/tDoTrain -- using hex
ERROR: [Wavedata 42-471] Note: Nothing was found for the following items: /TB/uut/gPerceptron/bPredict/tDoTrain 
  [waves] FAILED /TB/uut/gPerceptron/bPredict/tDoTrain : ERROR: [Common 17-39] 'add_wave' failed due to earlier errors.

# wv $g /TB/uut/gPerceptron/bPredict/ghrArch     binary   "ghrArch (N1)"
  [waves] unknown radix 'binary' for /TB/uut/gPerceptron/bPredict/ghrArch -- using hex
ERROR: [Wavedata 42-471] Note: Nothing was found for the following items: /TB/uut/gPerceptron/bPredict/ghrArch 
  [waves] FAILED /TB/uut/gPerceptron/bPredict/ghrArch : ERROR: [Common 17-39] 'add_wave' failed due to earlier errors.

# set g [add_wave_group "7 - Hazard / pipeline"]
# wv $g /TB/uut/H_stallD binary
  [waves] unknown radix 'binary' for /TB/uut/H_stallD -- using hex
# wv $g /TB/uut/H_flushD binary
  [waves] unknown radix 'binary' for /TB/uut/H_flushD -- using hex
# wv $g /TB/uut/H_flushE binary
  [waves] unknown radix 'binary' for /TB/uut/H_flushE -- using hex
# wv $g /TB/uut/H_fwdAE  unsigned
  [waves] unknown radix 'unsigned' for /TB/uut/H_fwdAE -- using hex
# wv $g /TB/uut/H_fwdBE  unsigned
  [waves] unknown radix 'unsigned' for /TB/uut/H_fwdBE -- using hex
# set g [add_wave_group "8 - Statistics (live)"]
# wv $g /TB/uut/gPerceptron/bPredict/st_branches unsigned "branches"
  [waves] unknown radix 'unsigned' for /TB/uut/gPerceptron/bPredict/st_branches -- using hex
ERROR: [Wavedata 42-471] Note: Nothing was found for the following items: /TB/uut/gPerceptron/bPredict/st_branches 
  [waves] FAILED /TB/uut/gPerceptron/bPredict/st_branches : ERROR: [Common 17-39] 'add_wave' failed due to earlier errors.

# wv $g /TB/uut/gPerceptron/bPredict/st_mispred  unsigned "mispredicts"
  [waves] unknown radix 'unsigned' for /TB/uut/gPerceptron/bPredict/st_mispred -- using hex
ERROR: [Wavedata 42-471] Note: Nothing was found for the following items: /TB/uut/gPerceptron/bPredict/st_mispred 
  [waves] FAILED /TB/uut/gPerceptron/bPredict/st_mispred : ERROR: [Common 17-39] 'add_wave' failed due to earlier errors.

# wv $g /TB/uut/gPerceptron/bPredict/st_override unsigned "overrides"
  [waves] unknown radix 'unsigned' for /TB/uut/gPerceptron/bPredict/st_override -- using hex
ERROR: [Wavedata 42-471] Note: Nothing was found for the following items: /TB/uut/gPerceptron/bPredict/st_override 
  [waves] FAILED /TB/uut/gPerceptron/bPredict/st_override : ERROR: [Common 17-39] 'add_wave' failed due to earlier errors.

# wv $g /TB/uut/gPerceptron/bPredict/st_btbMiss  unsigned "btbMisses"
  [waves] unknown radix 'unsigned' for /TB/uut/gPerceptron/bPredict/st_btbMiss -- using hex
ERROR: [Wavedata 42-471] Note: Nothing was found for the following items: /TB/uut/gPerceptron/bPredict/st_btbMiss 
  [waves] FAILED /TB/uut/gPerceptron/bPredict/st_btbMiss : ERROR: [Common 17-39] 'add_wave' failed due to earlier errors.

# wv $g /TB/uut/gClassic/bPredict/st_branches    unsigned "branches"
  [waves] unknown radix 'unsigned' for /TB/uut/gClassic/bPredict/st_branches -- using hex
ERROR: [Wavedata 42-471] Note: Nothing was found for the following items: /TB/uut/gClassic/bPredict/st_branches 
  [waves] FAILED /TB/uut/gClassic/bPredict/st_branches : ERROR: [Common 17-39] 'add_wave' failed due to earlier errors.

# wv $g /TB/uut/gClassic/bPredict/st_mispred     unsigned "mispredicts"
  [waves] unknown radix 'unsigned' for /TB/uut/gClassic/bPredict/st_mispred -- using hex
ERROR: [Wavedata 42-471] Note: Nothing was found for the following items: /TB/uut/gClassic/bPredict/st_mispred 
  [waves] FAILED /TB/uut/gClassic/bPredict/st_mispred : ERROR: [Common 17-39] 'add_wave' failed due to earlier errors.

# wv $g /TB/cycles                               unsigned "cycle count"
  [waves] unknown radix 'unsigned' for /TB/cycles -- using hex
# set g [add_wave_group "9 - UART"]
# wv $g /TB/uartWen  binary
  [waves] unknown radix 'binary' for /TB/uartWen -- using hex
# wv $g /TB/uartData ascii "char"
  [waves] unknown radix 'ascii' for /TB/uartData -- using hex
# puts "\[waves\] done -- 9 groups\n"
[waves] done -- 9 groups

INFO: [USF-XSim-96] XSim completed. Design snapshot 'TB_behav' loaded.
INFO: [USF-XSim-97] XSim simulation ran for all
launch_simulation: Time (s): cpu = 00:00:01 ; elapsed = 00:00:08 . Memory (MB): peak = 2196.738 ; gain = 38.918
close_sim
INFO: [Simtcl 6-16] Simulation closed
launch_simulation
Command: launch_simulation 
INFO: [Vivado 12-12493] Simulation top is 'TB'
WARNING: [Vivado 12-13340] Unable to auto find GCC executables from simulator install path! (path not set)
INFO: [Vivado 12-5682] Launching behavioral simulation in 'C:/Users/Prasit/Documents/ACSA_RISCV/vivado_gui/rv_perceptron/rv_perceptron.sim/sim_1/behav/xsim'
INFO: [SIM-utils-51] Simulation object is 'sim_1'
INFO: [SIM-utils-72] Using boost library from 'C:/Xilinx/Vivado/2023.2/tps/boost_1_72_0'
INFO: [SIM-utils-54] Inspecting design source files for 'TB' in fileset 'sim_1'...
INFO: [SIM-utils-43] Exported 'C:/Users/Prasit/Documents/ACSA_RISCV/vivado_gui/rv_perceptron/rv_perceptron.sim/sim_1/behav/xsim/code.mem'
INFO: [SIM-utils-43] Exported 'C:/Users/Prasit/Documents/ACSA_RISCV/vivado_gui/rv_perceptron/rv_perceptron.sim/sim_1/behav/xsim/data.mem'
INFO: [SIM-utils-43] Exported 'C:/Users/Prasit/Documents/ACSA_RISCV/vivado_gui/rv_perceptron/rv_perceptron.sim/sim_1/behav/xsim/code.mem'
INFO: [SIM-utils-43] Exported 'C:/Users/Prasit/Documents/ACSA_RISCV/vivado_gui/rv_perceptron/rv_perceptron.sim/sim_1/behav/xsim/data.mem'
INFO: [USF-XSim-97] Finding global include files...
INFO: [USF-XSim-98] Fetching design files from 'sim_1'...
INFO: [USF-XSim-2] XSim::Compile design
INFO: [USF-XSim-61] Executing 'COMPILE and ANALYZE' step in 'C:/Users/Prasit/Documents/ACSA_RISCV/vivado_gui/rv_perceptron/rv_perceptron.sim/sim_1/behav/xsim'
"xvlog --incr --relax -L uvm -d PRED_PERCEPTRON -i C:\Users\Prasit\Documents\ACSA_RISCV\vivado_gui\rv_perceptron\rv_perceptron.srcs\sources_1\new -prj TB_vlog.prj"
ECHO is off.
ECHO is off.
INFO: [USF-XSim-69] 'compile' step finished in '2' seconds
INFO: [USF-XSim-3] XSim::Elaborate design
INFO: [USF-XSim-61] Executing 'ELABORATE' step in 'C:/Users/Prasit/Documents/ACSA_RISCV/vivado_gui/rv_perceptron/rv_perceptron.sim/sim_1/behav/xsim'
"xelab --incr --debug typical --relax --mt 2 -L xil_defaultlib -L uvm -L unisims_ver -L unimacro_ver -L secureip --snapshot TB_behav xil_defaultlib.TB xil_defaultlib.glbl -log elaborate.log"
ECHO is off.
ECHO is off.
Vivado Simulator v2023.2
Copyright 1986-2022 Xilinx, Inc. All Rights Reserved.
Copyright 2022-2023 Advanced Micro Devices, Inc. All Rights Reserved.
Running: C:/Xilinx/Vivado/2023.2/bin/unwrapped/win64.o/xelab.exe --incr --debug typical --relax --mt 2 -L xil_defaultlib -L uvm -L unisims_ver -L unimacro_ver -L secureip --snapshot TB_behav xil_defaultlib.TB xil_defaultlib.glbl -log elaborate.log 
Using 2 slave threads.
Starting static elaboration
Pass Through NonSizing Optimizer
Completed static elaboration
INFO: [XSIM 43-4323] No Change in HDL. Linking previously generated obj files to create kernel
INFO: [USF-XSim-69] 'elaborate' step finished in '1' seconds
INFO: [USF-XSim-4] XSim::Simulate design
INFO: [USF-XSim-61] Executing 'SIMULATE' step in 'C:/Users/Prasit/Documents/ACSA_RISCV/vivado_gui/rv_perceptron/rv_perceptron.sim/sim_1/behav/xsim'
INFO: [USF-XSim-98] *** Running xsim
   with args "TB_behav -key {Behavioral:sim_1:Functional:TB} -tclbatch {C:/Users/Prasit/Documents/ACSA_RISCV/vivado_gui/rv_perceptron/xsim_waves.tcl} -log {simulate.log}"
INFO: [USF-XSim-8] Loading simulator feature
Time resolution is 1 ps
source C:/Users/Prasit/Documents/ACSA_RISCV/vivado_gui/rv_perceptron/xsim_waves.tcl
# proc rdx {r} {
#   switch -- $r {
#     binary   -
#     bin      { return bin }
#     signed   -
#     dec      { return dec }
#     unsigned { return unsigned }
#     ascii    { return ascii }
#     octal    -
#     oct      { return oct }
#     hex      { return hex }
#     default  { return hex }
#   }
# }
# proc wv {grp path {radix hex} {label ""}} {
#   if {$path eq ""} { return }
#   if {[catch {
#     if {$label eq ""} {
#       add_wave -into $grp -radix [rdx $radix] $path
#     } else {
#       add_wave -into $grp -radix [rdx $radix] -name $label $path
#     }
#   } err]} {
#     puts "  \[waves\] FAILED $path : $err"
#   }
# }
# proc find_scope {candidates} {
#   foreach c $candidates {
#     if {[llength [get_scopes -quiet $c]] > 0} { return $c }
#   }
#   return ""
# }
# puts "\n\[waves\] scopes under /TB/uut :"

[waves] scopes under /TB/uut :
# foreach s [get_scopes -quiet /TB/uut/*] { puts "      $s" }
      /TB/uut/hazard
      /TB/uut/fetch
      /TB/uut/decode
      /TB/uut/execute
      /TB/uut/mem
      /TB/uut/wback
      /TB/uut/\gPerceptron.bPredict 
      /TB/uut/NetRegassign27_44
      /TB/uut/NetRegassign334_642
      /TB/uut/NetRegassign335_643
      /TB/uut/NetRegassign336_644
      /TB/uut/NetRegassign337_645
      /TB/uut/NetRegassign338_646
# set BP [find_scope [list \
#   /TB/uut/gPerceptron/bPredict \
#   /TB/uut/gClassic/bPredict \
#   {/TB/uut/gPerceptron.bPredict} \
#   {/TB/uut/gClassic.bPredict} \
#   /TB/uut/bPredict ]]
# if {$BP eq ""} {
#   puts "\[waves\] could not locate the predictor scope -- groups 3/4/6/8 will"
#   puts "\[waves\] be thin. Use the list above to find its real name.\n"
# } else {
#   puts "\[waves\] predictor scope: $BP\n"
# }
[waves] predictor scope: /TB/uut/gPerceptron.bPredict

# set OV ""
# if {$BP ne ""} { set OV [find_scope [list $BP/gOvr]] }
# puts "\n\[waves\] building grouped wave layout ..."

[waves] building grouped wave layout ...
# catch { remove_wave -of [get_wave_config] [get_waves *] }
# set g [add_wave_group "1 - Clock / reset"]
# wv $g /TB/clk          binary
# wv $g /TB/rst          binary
# wv $g /TB/usePredictor binary
# set g [add_wave_group "2 - Fetch"]
# wv $g /TB/uut/fetch/pc          hex      "pc"
# wv $g /TB/uut/F_instr           hex      "instr"
# wv $g /TB/uut/F_pcPlus4         hex      "pc+4"
# wv $g /TB/uut/P_bPredictTaken   binary   "predictTaken (fast)"
# wv $g /TB/uut/P_btbTarget       hex      "btbTarget"
# wv $g /TB/uut/H_stallF          binary   "stallF"
# set g [add_wave_group "3 - Predict (fetch, fast path)"]
# if {$BP ne ""} {
#   wv $g $BP/fBtbHit     binary   "btbHit"
#   wv $g $BP/fPredTaken  binary   "predTaken"
#   wv $g $BP/ghrSpec     binary   "ghrSpec (N1)"
#   # perceptron-only
#   wv $g $BP/fUncond     binary   "isJump"
#   wv $g $BP/fBimTaken   binary   "bimodalTaken"
#   wv $g $BP/fPercIdx    unsigned "percIdx"
#   wv $g $BP/theta       signed   "theta (N2)"
#   # classic-only
#   wv $g $BP/fPhtIdx     unsigned "phtIdx"
# }
ERROR: [Wavedata 42-471] Note: Nothing was found for the following items: /TB/uut/gPerceptron.bPredict/fPhtIdx 
  [waves] FAILED /TB/uut/gPerceptron.bPredict/fPhtIdx : ERROR: [Common 17-39] 'add_wave' failed due to earlier errors.

# set g [add_wave_group "4 - N4 override (decode)"]
# if {$OV ne ""} {
#   wv $g $OV/yD          signed "y (dot product)"
#   wv $g $OV/dFastTaken  binary "fast said"
#   wv $g $OV/dFinalTaken binary "perceptron says"
#   wv $g $OV/dUseBim     binary "N3 gate fired"
# }
# wv $g /TB/uut/P_ovrValid  binary "OVERRIDE"
# wv $g /TB/uut/P_ovrTaken  binary "ovrTaken"
# wv $g /TB/uut/P_ovrTarget hex    "ovrTarget"
# set g [add_wave_group "5 - Execute (resolution)"]
# wv $g /TB/uut/E_pc           hex    "exPc"
# wv $g /TB/uut/E_branch       binary "isBranch"
# wv $g /TB/uut/E_controlXfer  binary "isCtrlXfer"
# wv $g /TB/uut/E_btbUpdate    binary "resolvedTaken"
# wv $g /TB/uut/E_wrongBranch  binary "MISPREDICT"
# wv $g /TB/uut/E_pcTarget     hex    "redirectTo"
# set g [add_wave_group "6 - Train (EX+1)"]
# if {$BP ne ""} {
#   wv $g $BP/tValid     binary   "trainValid"
#   wv $g $BP/tTaken     binary   "outcome"
#   wv $g $BP/tIdx       unsigned "row"
#   wv $g $BP/yT         signed   "y recomputed"
#   wv $g $BP/tPercWrong binary   "perceptron wrong"
#   wv $g $BP/tDoTrain   binary   "UPDATE WEIGHTS"
#   wv $g $BP/ghrArch    binary   "ghrArch (N1)"
# }
# set g [add_wave_group "7 - Hazard / pipeline"]
# wv $g /TB/uut/H_stallD binary
# wv $g /TB/uut/H_flushD binary
# wv $g /TB/uut/H_flushE binary
# wv $g /TB/uut/H_fwdAE  unsigned
# wv $g /TB/uut/H_fwdBE  unsigned
# set g [add_wave_group "8 - Statistics (live)"]
# if {$BP ne ""} {
#   wv $g $BP/st_branches unsigned "branches"
#   wv $g $BP/st_mispred  unsigned "mispredicts"
#   wv $g $BP/st_override unsigned "overrides"
#   wv $g $BP/st_btbMiss  unsigned "btbMisses"
# }
# wv $g /TB/cycles unsigned "cycle count"
# set g [add_wave_group "9 - UART"]
# wv $g /TB/uartWen  binary
# wv $g /TB/uartData ascii "char"
# puts "\[waves\] done -- 9 groups\n"
[waves] done -- 9 groups

INFO: [USF-XSim-96] XSim completed. Design snapshot 'TB_behav' loaded.
INFO: [USF-XSim-97] XSim simulation ran for all
close_sim
INFO: [Simtcl 6-16] Simulation closed
launch_simulation
Command: launch_simulation 
INFO: [Vivado 12-12493] Simulation top is 'TB'
WARNING: [Vivado 12-13340] Unable to auto find GCC executables from simulator install path! (path not set)
INFO: [Vivado 12-5682] Launching behavioral simulation in 'C:/Users/Prasit/Documents/ACSA_RISCV/vivado_gui/rv_perceptron/rv_perceptron.sim/sim_1/behav/xsim'
INFO: [SIM-utils-51] Simulation object is 'sim_1'
INFO: [SIM-utils-72] Using boost library from 'C:/Xilinx/Vivado/2023.2/tps/boost_1_72_0'
INFO: [SIM-utils-54] Inspecting design source files for 'TB' in fileset 'sim_1'...
INFO: [SIM-utils-43] Exported 'C:/Users/Prasit/Documents/ACSA_RISCV/vivado_gui/rv_perceptron/rv_perceptron.sim/sim_1/behav/xsim/code.mem'
INFO: [SIM-utils-43] Exported 'C:/Users/Prasit/Documents/ACSA_RISCV/vivado_gui/rv_perceptron/rv_perceptron.sim/sim_1/behav/xsim/data.mem'
INFO: [SIM-utils-43] Exported 'C:/Users/Prasit/Documents/ACSA_RISCV/vivado_gui/rv_perceptron/rv_perceptron.sim/sim_1/behav/xsim/code.mem'
INFO: [SIM-utils-43] Exported 'C:/Users/Prasit/Documents/ACSA_RISCV/vivado_gui/rv_perceptron/rv_perceptron.sim/sim_1/behav/xsim/data.mem'
INFO: [USF-XSim-97] Finding global include files...
INFO: [USF-XSim-98] Fetching design files from 'sim_1'...
INFO: [USF-XSim-2] XSim::Compile design
INFO: [USF-XSim-61] Executing 'COMPILE and ANALYZE' step in 'C:/Users/Prasit/Documents/ACSA_RISCV/vivado_gui/rv_perceptron/rv_perceptron.sim/sim_1/behav/xsim'
"xvlog --incr --relax -L uvm -d PRED_PERCEPTRON -i C:\Users\Prasit\Documents\ACSA_RISCV\vivado_gui\rv_perceptron\rv_perceptron.srcs\sources_1\new -prj TB_vlog.prj"
ECHO is off.
ECHO is off.
INFO: [USF-XSim-69] 'compile' step finished in '1' seconds
INFO: [USF-XSim-3] XSim::Elaborate design
INFO: [USF-XSim-61] Executing 'ELABORATE' step in 'C:/Users/Prasit/Documents/ACSA_RISCV/vivado_gui/rv_perceptron/rv_perceptron.sim/sim_1/behav/xsim'
"xelab --incr --debug typical --relax --mt 2 -L xil_defaultlib -L uvm -L unisims_ver -L unimacro_ver -L secureip --snapshot TB_behav xil_defaultlib.TB xil_defaultlib.glbl -log elaborate.log"
ECHO is off.
ECHO is off.
Vivado Simulator v2023.2
Copyright 1986-2022 Xilinx, Inc. All Rights Reserved.
Copyright 2022-2023 Advanced Micro Devices, Inc. All Rights Reserved.
Running: C:/Xilinx/Vivado/2023.2/bin/unwrapped/win64.o/xelab.exe --incr --debug typical --relax --mt 2 -L xil_defaultlib -L uvm -L unisims_ver -L unimacro_ver -L secureip --snapshot TB_behav xil_defaultlib.TB xil_defaultlib.glbl -log elaborate.log 
Using 2 slave threads.
Starting static elaboration
Pass Through NonSizing Optimizer
Completed static elaboration
INFO: [XSIM 43-4323] No Change in HDL. Linking previously generated obj files to create kernel
INFO: [USF-XSim-69] 'elaborate' step finished in '1' seconds
INFO: [USF-XSim-4] XSim::Simulate design
INFO: [USF-XSim-61] Executing 'SIMULATE' step in 'C:/Users/Prasit/Documents/ACSA_RISCV/vivado_gui/rv_perceptron/rv_perceptron.sim/sim_1/behav/xsim'
INFO: [USF-XSim-98] *** Running xsim
   with args "TB_behav -key {Behavioral:sim_1:Functional:TB} -tclbatch {C:/Users/Prasit/Documents/ACSA_RISCV/vivado_gui/rv_perceptron/xsim_waves.tcl} -log {simulate.log}"
INFO: [USF-XSim-8] Loading simulator feature
Time resolution is 1 ps
source C:/Users/Prasit/Documents/ACSA_RISCV/vivado_gui/rv_perceptron/xsim_waves.tcl
# proc rdx {r} {
#   switch -- $r {
#     binary   -
#     bin      { return bin }
#     signed   -
#     dec      { return dec }
#     unsigned { return unsigned }
#     ascii    { return ascii }
#     octal    -
#     oct      { return oct }
#     hex      { return hex }
#     default  { return hex }
#   }
# }
# proc wv {grp path {radix hex} {label ""}} {
#   if {$path eq ""} { return }
#   if {[llength [get_objects -quiet $path]] == 0} {
#     puts "  \[waves\] absent (other predictor build): $path"
#     return
#   }
#   if {[catch {
#     if {$label eq ""} {
#       add_wave -into $grp -radix [rdx $radix] $path
#     } else {
#       add_wave -into $grp -radix [rdx $radix] -name $label $path
#     }
#   } err]} {
#     puts "  \[waves\] FAILED $path : $err"
#   }
# }
# proc find_scope {candidates} {
#   foreach c $candidates {
#     if {[llength [get_scopes -quiet $c]] > 0} { return $c }
#   }
#   return ""
# }
# puts "\n\[waves\] scopes under /TB/uut :"

[waves] scopes under /TB/uut :
# foreach s [get_scopes -quiet /TB/uut/*] { puts "      $s" }
      /TB/uut/hazard
      /TB/uut/fetch
      /TB/uut/decode
      /TB/uut/execute
      /TB/uut/mem
      /TB/uut/wback
      /TB/uut/\gPerceptron.bPredict 
      /TB/uut/NetRegassign27_44
      /TB/uut/NetRegassign334_642
      /TB/uut/NetRegassign335_643
      /TB/uut/NetRegassign336_644
      /TB/uut/NetRegassign337_645
      /TB/uut/NetRegassign338_646
# set BP [find_scope [list \
#   /TB/uut/gPerceptron/bPredict \
#   /TB/uut/gClassic/bPredict \
#   {/TB/uut/gPerceptron.bPredict} \
#   {/TB/uut/gClassic.bPredict} \
#   /TB/uut/bPredict ]]
# if {$BP eq ""} {
#   puts "\[waves\] could not locate the predictor scope -- groups 3/4/6/8 will"
#   puts "\[waves\] be thin. Use the list above to find its real name.\n"
# } else {
#   puts "\[waves\] predictor scope: $BP\n"
# }
[waves] predictor scope: /TB/uut/gPerceptron.bPredict

# set OV ""
# if {$BP ne ""} { set OV [find_scope [list $BP/gOvr]] }
# puts "\n\[waves\] building grouped wave layout ..."

[waves] building grouped wave layout ...
# catch { remove_wave -of [get_wave_config] [get_waves *] }
# set g [add_wave_group "1 - Clock / reset"]
# wv $g /TB/clk          binary
# wv $g /TB/rst          binary
# wv $g /TB/usePredictor binary
# set g [add_wave_group "2 - Fetch"]
# wv $g /TB/uut/fetch/pc          hex      "pc"
# wv $g /TB/uut/F_instr           hex      "instr"
# wv $g /TB/uut/F_pcPlus4         hex      "pc+4"
# wv $g /TB/uut/P_bPredictTaken   binary   "predictTaken (fast)"
# wv $g /TB/uut/P_btbTarget       hex      "btbTarget"
# wv $g /TB/uut/H_stallF          binary   "stallF"
# set g [add_wave_group "3 - Predict (fetch, fast path)"]
# if {$BP ne ""} {
#   wv $g $BP/fBtbHit     binary   "btbHit"
#   wv $g $BP/fPredTaken  binary   "predTaken"
#   wv $g $BP/ghrSpec     binary   "ghrSpec (N1)"
#   # perceptron-only
#   wv $g $BP/fUncond     binary   "isJump"
#   wv $g $BP/fBimTaken   binary   "bimodalTaken"
#   wv $g $BP/fPercIdx    unsigned "percIdx"
#   wv $g $BP/theta       signed   "theta (N2)"
#   # classic-only
#   wv $g $BP/fPhtIdx     unsigned "phtIdx"
# }
  [waves] absent (other predictor build): /TB/uut/gPerceptron.bPredict/fPhtIdx
# set g [add_wave_group "4 - N4 override (decode)"]
# if {$OV ne ""} {
#   wv $g $OV/yD          signed "y (dot product)"
#   wv $g $OV/dFastTaken  binary "fast said"
#   wv $g $OV/dFinalTaken binary "perceptron says"
#   wv $g $OV/dUseBim     binary "N3 gate fired"
# }
# wv $g /TB/uut/P_ovrValid  binary "OVERRIDE"
# wv $g /TB/uut/P_ovrTaken  binary "ovrTaken"
# wv $g /TB/uut/P_ovrTarget hex    "ovrTarget"
# set g [add_wave_group "5 - Execute (resolution)"]
# wv $g /TB/uut/E_pc           hex    "exPc"
# wv $g /TB/uut/E_branch       binary "isBranch"
# wv $g /TB/uut/E_controlXfer  binary "isCtrlXfer"
# wv $g /TB/uut/E_btbUpdate    binary "resolvedTaken"
# wv $g /TB/uut/E_wrongBranch  binary "MISPREDICT"
# wv $g /TB/uut/E_pcTarget     hex    "redirectTo"
# set g [add_wave_group "6 - Train (EX+1)"]
# if {$BP ne ""} {
#   wv $g $BP/tValid     binary   "trainValid"
#   wv $g $BP/tTaken     binary   "outcome"
#   wv $g $BP/tIdx       unsigned "row"
#   wv $g $BP/yT         signed   "y recomputed"
#   wv $g $BP/tPercWrong binary   "perceptron wrong"
#   wv $g $BP/tDoTrain   binary   "UPDATE WEIGHTS"
#   wv $g $BP/ghrArch    binary   "ghrArch (N1)"
# }
# set g [add_wave_group "7 - Hazard / pipeline"]
# wv $g /TB/uut/H_stallD binary
# wv $g /TB/uut/H_flushD binary
# wv $g /TB/uut/H_flushE binary
# wv $g /TB/uut/H_fwdAE  unsigned
# wv $g /TB/uut/H_fwdBE  unsigned
# set g [add_wave_group "8 - Statistics (live)"]
# if {$BP ne ""} {
#   wv $g $BP/st_branches unsigned "branches"
#   wv $g $BP/st_mispred  unsigned "mispredicts"
#   wv $g $BP/st_override unsigned "overrides"
#   wv $g $BP/st_btbMiss  unsigned "btbMisses"
# }
# wv $g /TB/cycles unsigned "cycle count"
# set g [add_wave_group "9 - UART"]
# wv $g /TB/uartWen  binary
# wv $g /TB/uartData ascii "char"
# puts "\[waves\] done -- 9 groups\n"
[waves] done -- 9 groups

INFO: [USF-XSim-96] XSim completed. Design snapshot 'TB_behav' loaded.
INFO: [USF-XSim-97] XSim simulation ran for all
relaunch_sim
Command: launch_simulation -step compile -simset sim_1 -mode behavioral
INFO: [Vivado 12-12493] Simulation top is 'TB'
WARNING: [Vivado 12-13340] Unable to auto find GCC executables from simulator install path! (path not set)
INFO: [Vivado 12-5682] Launching behavioral simulation in 'C:/Users/Prasit/Documents/ACSA_RISCV/vivado_gui/rv_perceptron/rv_perceptron.sim/sim_1/behav/xsim'
INFO: [SIM-utils-51] Simulation object is 'sim_1'
INFO: [SIM-utils-72] Using boost library from 'C:/Xilinx/Vivado/2023.2/tps/boost_1_72_0'
INFO: [SIM-utils-54] Inspecting design source files for 'TB' in fileset 'sim_1'...
INFO: [SIM-utils-43] Exported 'C:/Users/Prasit/Documents/ACSA_RISCV/vivado_gui/rv_perceptron/rv_perceptron.sim/sim_1/behav/xsim/code.mem'
INFO: [SIM-utils-43] Exported 'C:/Users/Prasit/Documents/ACSA_RISCV/vivado_gui/rv_perceptron/rv_perceptron.sim/sim_1/behav/xsim/data.mem'
INFO: [SIM-utils-43] Exported 'C:/Users/Prasit/Documents/ACSA_RISCV/vivado_gui/rv_perceptron/rv_perceptron.sim/sim_1/behav/xsim/code.mem'
INFO: [SIM-utils-43] Exported 'C:/Users/Prasit/Documents/ACSA_RISCV/vivado_gui/rv_perceptron/rv_perceptron.sim/sim_1/behav/xsim/data.mem'
INFO: [USF-XSim-97] Finding global include files...
INFO: [USF-XSim-98] Fetching design files from 'sim_1'...
INFO: [USF-XSim-2] XSim::Compile design
INFO: [USF-XSim-61] Executing 'COMPILE and ANALYZE' step in 'C:/Users/Prasit/Documents/ACSA_RISCV/vivado_gui/rv_perceptron/rv_perceptron.sim/sim_1/behav/xsim'
"xvlog --incr --relax -L uvm -d PRED_PERCEPTRON -i C:\Users\Prasit\Documents\ACSA_RISCV\vivado_gui\rv_perceptron\rv_perceptron.srcs\sources_1\new -prj TB_vlog.prj"
ECHO is off.
ECHO is off.
INFO: [USF-XSim-69] 'compile' step finished in '1' seconds
Command: launch_simulation -step elaborate -simset sim_1 -mode behavioral
INFO: [Vivado 12-12493] Simulation top is 'TB'
WARNING: [Vivado 12-13340] Unable to auto find GCC executables from simulator install path! (path not set)
INFO: [Vivado 12-5682] Launching behavioral simulation in 'C:/Users/Prasit/Documents/ACSA_RISCV/vivado_gui/rv_perceptron/rv_perceptron.sim/sim_1/behav/xsim'
INFO: [SIM-utils-51] Simulation object is 'sim_1'
INFO: [USF-XSim-3] XSim::Elaborate design
INFO: [USF-XSim-61] Executing 'ELABORATE' step in 'C:/Users/Prasit/Documents/ACSA_RISCV/vivado_gui/rv_perceptron/rv_perceptron.sim/sim_1/behav/xsim'
"xelab --incr --debug typical --relax --mt 2 -L xil_defaultlib -L uvm -L unisims_ver -L unimacro_ver -L secureip --snapshot TB_behav xil_defaultlib.TB xil_defaultlib.glbl -log elaborate.log"
ECHO is off.
ECHO is off.
Vivado Simulator v2023.2
Copyright 1986-2022 Xilinx, Inc. All Rights Reserved.
Copyright 2022-2023 Advanced Micro Devices, Inc. All Rights Reserved.
Running: C:/Xilinx/Vivado/2023.2/bin/unwrapped/win64.o/xelab.exe --incr --debug typical --relax --mt 2 -L xil_defaultlib -L uvm -L unisims_ver -L unimacro_ver -L secureip --snapshot TB_behav xil_defaultlib.TB xil_defaultlib.glbl -log elaborate.log 
Using 2 slave threads.
Starting static elaboration
Pass Through NonSizing Optimizer
Completed static elaboration
INFO: [XSIM 43-4323] No Change in HDL. Linking previously generated obj files to create kernel
INFO: [USF-XSim-69] 'elaborate' step finished in '2' seconds
Time resolution is 1 ps

[waves] scopes under /TB/uut :
      /TB/uut/hazard
      /TB/uut/fetch
      /TB/uut/decode
      /TB/uut/execute
      /TB/uut/mem
      /TB/uut/wback
      /TB/uut/\gPerceptron.bPredict 
      /TB/uut/NetRegassign27_44
      /TB/uut/NetRegassign334_642
      /TB/uut/NetRegassign335_643
      /TB/uut/NetRegassign336_644
      /TB/uut/NetRegassign337_645
      /TB/uut/NetRegassign338_646
[waves] predictor scope: /TB/uut/gPerceptron.bPredict


[waves] building grouped wave layout ...
  [waves] absent (other predictor build): /TB/uut/gPerceptron.bPredict/fPhtIdx
[waves] done -- 9 groups

close_sim
INFO: [Simtcl 6-16] Simulation closed
launch_simulation
Command: launch_simulation 
INFO: [Vivado 12-12493] Simulation top is 'TB'
WARNING: [Vivado 12-13340] Unable to auto find GCC executables from simulator install path! (path not set)
INFO: [Vivado 12-5682] Launching behavioral simulation in 'C:/Users/Prasit/Documents/ACSA_RISCV/vivado_gui/rv_perceptron/rv_perceptron.sim/sim_1/behav/xsim'
INFO: [SIM-utils-51] Simulation object is 'sim_1'
INFO: [SIM-utils-72] Using boost library from 'C:/Xilinx/Vivado/2023.2/tps/boost_1_72_0'
INFO: [SIM-utils-54] Inspecting design source files for 'TB' in fileset 'sim_1'...
INFO: [SIM-utils-43] Exported 'C:/Users/Prasit/Documents/ACSA_RISCV/vivado_gui/rv_perceptron/rv_perceptron.sim/sim_1/behav/xsim/code.mem'
INFO: [SIM-utils-43] Exported 'C:/Users/Prasit/Documents/ACSA_RISCV/vivado_gui/rv_perceptron/rv_perceptron.sim/sim_1/behav/xsim/data.mem'
INFO: [SIM-utils-43] Exported 'C:/Users/Prasit/Documents/ACSA_RISCV/vivado_gui/rv_perceptron/rv_perceptron.sim/sim_1/behav/xsim/code.mem'
INFO: [SIM-utils-43] Exported 'C:/Users/Prasit/Documents/ACSA_RISCV/vivado_gui/rv_perceptron/rv_perceptron.sim/sim_1/behav/xsim/data.mem'
INFO: [USF-XSim-97] Finding global include files...
INFO: [USF-XSim-98] Fetching design files from 'sim_1'...
INFO: [USF-XSim-2] XSim::Compile design
INFO: [USF-XSim-61] Executing 'COMPILE and ANALYZE' step in 'C:/Users/Prasit/Documents/ACSA_RISCV/vivado_gui/rv_perceptron/rv_perceptron.sim/sim_1/behav/xsim'
"xvlog --incr --relax -L uvm -d PRED_PERCEPTRON -i C:\Users\Prasit\Documents\ACSA_RISCV\vivado_gui\rv_perceptron\rv_perceptron.srcs\sources_1\new -prj TB_vlog.prj"
ECHO is off.
ECHO is off.
INFO: [USF-XSim-69] 'compile' step finished in '1' seconds
INFO: [USF-XSim-3] XSim::Elaborate design
INFO: [USF-XSim-61] Executing 'ELABORATE' step in 'C:/Users/Prasit/Documents/ACSA_RISCV/vivado_gui/rv_perceptron/rv_perceptron.sim/sim_1/behav/xsim'
"xelab --incr --debug typical --relax --mt 2 -L xil_defaultlib -L uvm -L unisims_ver -L unimacro_ver -L secureip --snapshot TB_behav xil_defaultlib.TB xil_defaultlib.glbl -log elaborate.log"
ECHO is off.
ECHO is off.
Vivado Simulator v2023.2
Copyright 1986-2022 Xilinx, Inc. All Rights Reserved.
Copyright 2022-2023 Advanced Micro Devices, Inc. All Rights Reserved.
Running: C:/Xilinx/Vivado/2023.2/bin/unwrapped/win64.o/xelab.exe --incr --debug typical --relax --mt 2 -L xil_defaultlib -L uvm -L unisims_ver -L unimacro_ver -L secureip --snapshot TB_behav xil_defaultlib.TB xil_defaultlib.glbl -log elaborate.log 
Using 2 slave threads.
Starting static elaboration
Pass Through NonSizing Optimizer
Completed static elaboration
INFO: [XSIM 43-4323] No Change in HDL. Linking previously generated obj files to create kernel
INFO: [USF-XSim-69] 'elaborate' step finished in '1' seconds
INFO: [USF-XSim-4] XSim::Simulate design
INFO: [USF-XSim-61] Executing 'SIMULATE' step in 'C:/Users/Prasit/Documents/ACSA_RISCV/vivado_gui/rv_perceptron/rv_perceptron.sim/sim_1/behav/xsim'
INFO: [USF-XSim-98] *** Running xsim
   with args "TB_behav -key {Behavioral:sim_1:Functional:TB} -tclbatch {C:/Users/Prasit/Documents/ACSA_RISCV/vivado_gui/rv_perceptron/xsim_waves.tcl} -log {simulate.log}"
INFO: [USF-XSim-8] Loading simulator feature
Time resolution is 1 ps
source C:/Users/Prasit/Documents/ACSA_RISCV/vivado_gui/rv_perceptron/xsim_waves.tcl
# proc rdx {r} {
#   switch -- $r {
#     binary   -
#     bin      { return bin }
#     signed   -
#     dec      { return dec }
#     unsigned { return unsigned }
#     ascii    { return ascii }
#     octal    -
#     oct      { return oct }
#     hex      { return hex }
#     default  { return hex }
#   }
# }
# proc wv {grp path {radix hex} {label ""}} {
#   if {$path eq ""} { return }
#   if {[llength [get_objects -quiet $path]] == 0} {
#     puts "  \[waves\] absent (other predictor build): $path"
#     return
#   }
#   if {[catch {
#     if {$label eq ""} {
#       add_wave -into $grp -radix [rdx $radix] $path
#     } else {
#       add_wave -into $grp -radix [rdx $radix] -name $label $path
#     }
#   } err]} {
#     puts "  \[waves\] FAILED $path : $err"
#   }
# }
# proc find_scope {candidates} {
#   foreach c $candidates {
#     if {[llength [get_scopes -quiet $c]] > 0} { return $c }
#   }
#   return ""
# }
# puts "\n\[waves\] scopes under /TB/uut :"

[waves] scopes under /TB/uut :
# foreach s [get_scopes -quiet /TB/uut/*] { puts "      $s" }
      /TB/uut/hazard
      /TB/uut/fetch
      /TB/uut/decode
      /TB/uut/execute
      /TB/uut/mem
      /TB/uut/wback
      /TB/uut/\gPerceptron.bPredict 
      /TB/uut/NetRegassign27_44
      /TB/uut/NetRegassign334_642
      /TB/uut/NetRegassign335_643
      /TB/uut/NetRegassign336_644
      /TB/uut/NetRegassign337_645
      /TB/uut/NetRegassign338_646
# set BP [find_scope [list \
#   /TB/uut/gPerceptron/bPredict \
#   /TB/uut/gClassic/bPredict \
#   {/TB/uut/gPerceptron.bPredict} \
#   {/TB/uut/gClassic.bPredict} \
#   /TB/uut/bPredict ]]
# if {$BP eq ""} {
#   puts "\[waves\] could not locate the predictor scope -- groups 3/4/6/8 will"
#   puts "\[waves\] be thin. Use the list above to find its real name.\n"
# } else {
#   puts "\[waves\] predictor scope: $BP\n"
# }
[waves] predictor scope: /TB/uut/gPerceptron.bPredict

# set OV ""
# if {$BP ne ""} { set OV [find_scope [list $BP/gOvr]] }
# puts "\n\[waves\] building grouped wave layout ..."

[waves] building grouped wave layout ...
# catch { remove_wave -of [get_wave_config] [get_waves *] }
# set g [add_wave_group "1 - Clock / reset"]
# wv $g /TB/clk          binary
# wv $g /TB/rst          binary
# wv $g /TB/usePredictor binary
# set g [add_wave_group "2 - Fetch"]
# wv $g /TB/uut/fetch/pc          hex      "pc"
# wv $g /TB/uut/F_instr           hex      "instr"
# wv $g /TB/uut/F_pcPlus4         hex      "pc+4"
# wv $g /TB/uut/P_bPredictTaken   binary   "predictTaken (fast)"
# wv $g /TB/uut/P_btbTarget       hex      "btbTarget"
# wv $g /TB/uut/H_stallF          binary   "stallF"
# set g [add_wave_group "3 - Predict (fetch, fast path)"]
# if {$BP ne ""} {
#   wv $g $BP/fBtbHit     binary   "btbHit"
#   wv $g $BP/fPredTaken  binary   "predTaken"
#   wv $g $BP/ghrSpec     binary   "ghrSpec (N1)"
#   # perceptron-only
#   wv $g $BP/fUncond     binary   "isJump"
#   wv $g $BP/fBimTaken   binary   "bimodalTaken"
#   wv $g $BP/fPercIdx    unsigned "percIdx"
#   wv $g $BP/theta       signed   "theta (N2)"
#   # classic-only
#   wv $g $BP/fPhtIdx     unsigned "phtIdx"
# }
  [waves] absent (other predictor build): /TB/uut/gPerceptron.bPredict/fPhtIdx
# set g [add_wave_group "4 - N4 override (decode)"]
# if {$OV ne ""} {
#   wv $g $OV/yD          signed "y (dot product)"
#   wv $g $OV/dFastTaken  binary "fast said"
#   wv $g $OV/dFinalTaken binary "perceptron says"
#   wv $g $OV/dUseBim     binary "N3 gate fired"
# }
# wv $g /TB/uut/P_ovrValid  binary "OVERRIDE"
# wv $g /TB/uut/P_ovrTaken  binary "ovrTaken"
# wv $g /TB/uut/P_ovrTarget hex    "ovrTarget"
# set g [add_wave_group "5 - Execute (resolution)"]
# wv $g /TB/uut/E_pc           hex    "exPc"
# wv $g /TB/uut/E_branch       binary "isBranch"
# wv $g /TB/uut/E_controlXfer  binary "isCtrlXfer"
# wv $g /TB/uut/E_btbUpdate    binary "resolvedTaken"
# wv $g /TB/uut/E_wrongBranch  binary "MISPREDICT"
# wv $g /TB/uut/E_pcTarget     hex    "redirectTo"
# set g [add_wave_group "6 - Train (EX+1)"]
# if {$BP ne ""} {
#   wv $g $BP/tValid     binary   "trainValid"
#   wv $g $BP/tTaken     binary   "outcome"
#   wv $g $BP/tIdx       unsigned "row"
#   wv $g $BP/yT         signed   "y recomputed"
#   wv $g $BP/tPercWrong binary   "perceptron wrong"
#   wv $g $BP/tDoTrain   binary   "UPDATE WEIGHTS"
#   wv $g $BP/ghrArch    binary   "ghrArch (N1)"
# }
# set g [add_wave_group "7 - Hazard / pipeline"]
# wv $g /TB/uut/H_stallD binary
# wv $g /TB/uut/H_flushD binary
# wv $g /TB/uut/H_flushE binary
# wv $g /TB/uut/H_fwdAE  unsigned
# wv $g /TB/uut/H_fwdBE  unsigned
# set g [add_wave_group "8 - Statistics (live)"]
# if {$BP ne ""} {
#   wv $g $BP/st_branches unsigned "branches"
#   wv $g $BP/st_mispred  unsigned "mispredicts"
#   wv $g $BP/st_override unsigned "overrides"
#   wv $g $BP/st_btbMiss  unsigned "btbMisses"
# }
# wv $g /TB/cycles unsigned "cycle count"
# set g [add_wave_group "9 - UART"]
# wv $g /TB/uartWen  binary
# wv $g /TB/uartData ascii "char"
# puts "\[waves\] done -- 9 groups\n"
[waves] done -- 9 groups

INFO: [USF-XSim-96] XSim completed. Design snapshot 'TB_behav' loaded.
INFO: [USF-XSim-97] XSim simulation ran for all
relaunch_sim
Command: launch_simulation -step compile -simset sim_1 -mode behavioral
INFO: [Vivado 12-12493] Simulation top is 'TB'
WARNING: [Vivado 12-13340] Unable to auto find GCC executables from simulator install path! (path not set)
INFO: [Vivado 12-5682] Launching behavioral simulation in 'C:/Users/Prasit/Documents/ACSA_RISCV/vivado_gui/rv_perceptron/rv_perceptron.sim/sim_1/behav/xsim'
INFO: [SIM-utils-51] Simulation object is 'sim_1'
INFO: [USF-XSim-2] XSim::Compile design
INFO: [USF-XSim-61] Executing 'COMPILE and ANALYZE' step in 'C:/Users/Prasit/Documents/ACSA_RISCV/vivado_gui/rv_perceptron/rv_perceptron.sim/sim_1/behav/xsim'
"xvlog --incr --relax -L uvm -d PRED_PERCEPTRON -i C:\Users\Prasit\Documents\ACSA_RISCV\vivado_gui\rv_perceptron\rv_perceptron.srcs\sources_1\new -prj TB_vlog.prj"
ECHO is off.
ECHO is off.
INFO: [USF-XSim-69] 'compile' step finished in '1' seconds
Command: launch_simulation -step elaborate -simset sim_1 -mode behavioral
INFO: [Vivado 12-12493] Simulation top is 'TB'
WARNING: [Vivado 12-13340] Unable to auto find GCC executables from simulator install path! (path not set)
INFO: [Vivado 12-5682] Launching behavioral simulation in 'C:/Users/Prasit/Documents/ACSA_RISCV/vivado_gui/rv_perceptron/rv_perceptron.sim/sim_1/behav/xsim'
INFO: [SIM-utils-51] Simulation object is 'sim_1'
INFO: [USF-XSim-3] XSim::Elaborate design
INFO: [USF-XSim-61] Executing 'ELABORATE' step in 'C:/Users/Prasit/Documents/ACSA_RISCV/vivado_gui/rv_perceptron/rv_perceptron.sim/sim_1/behav/xsim'
"xelab --incr --debug typical --relax --mt 2 -L xil_defaultlib -L uvm -L unisims_ver -L unimacro_ver -L secureip --snapshot TB_behav xil_defaultlib.TB xil_defaultlib.glbl -log elaborate.log"
ECHO is off.
ECHO is off.
Vivado Simulator v2023.2
Copyright 1986-2022 Xilinx, Inc. All Rights Reserved.
Copyright 2022-2023 Advanced Micro Devices, Inc. All Rights Reserved.
Running: C:/Xilinx/Vivado/2023.2/bin/unwrapped/win64.o/xelab.exe --incr --debug typical --relax --mt 2 -L xil_defaultlib -L uvm -L unisims_ver -L unimacro_ver -L secureip --snapshot TB_behav xil_defaultlib.TB xil_defaultlib.glbl -log elaborate.log 
Using 2 slave threads.
Starting static elaboration
Pass Through NonSizing Optimizer
Completed static elaboration
INFO: [XSIM 43-4323] No Change in HDL. Linking previously generated obj files to create kernel
INFO: [USF-XSim-69] 'elaborate' step finished in '1' seconds
Time resolution is 1 ps

[waves] scopes under /TB/uut :
      /TB/uut/hazard
      /TB/uut/fetch
      /TB/uut/decode
      /TB/uut/execute
      /TB/uut/mem
      /TB/uut/wback
      /TB/uut/\gPerceptron.bPredict 
      /TB/uut/NetRegassign27_44
      /TB/uut/NetRegassign334_642
      /TB/uut/NetRegassign335_643
      /TB/uut/NetRegassign336_644
      /TB/uut/NetRegassign337_645
      /TB/uut/NetRegassign338_646
[waves] predictor scope: /TB/uut/gPerceptron.bPredict


[waves] building grouped wave layout ...
  [waves] absent (other predictor build): /TB/uut/gPerceptron.bPredict/fPhtIdx
[waves] done -- 9 groups

close_sim
INFO: [Simtcl 6-16] Simulation closed
launch_simulation
Command: launch_simulation 
INFO: [Vivado 12-12493] Simulation top is 'TB'
WARNING: [Vivado 12-13340] Unable to auto find GCC executables from simulator install path! (path not set)
INFO: [Vivado 12-5682] Launching behavioral simulation in 'C:/Users/Prasit/Documents/ACSA_RISCV/vivado_gui/rv_perceptron/rv_perceptron.sim/sim_1/behav/xsim'
INFO: [SIM-utils-51] Simulation object is 'sim_1'
INFO: [SIM-utils-72] Using boost library from 'C:/Xilinx/Vivado/2023.2/tps/boost_1_72_0'
INFO: [SIM-utils-54] Inspecting design source files for 'TB' in fileset 'sim_1'...
INFO: [SIM-utils-43] Exported 'C:/Users/Prasit/Documents/ACSA_RISCV/vivado_gui/rv_perceptron/rv_perceptron.sim/sim_1/behav/xsim/code.mem'
INFO: [SIM-utils-43] Exported 'C:/Users/Prasit/Documents/ACSA_RISCV/vivado_gui/rv_perceptron/rv_perceptron.sim/sim_1/behav/xsim/data.mem'
INFO: [SIM-utils-43] Exported 'C:/Users/Prasit/Documents/ACSA_RISCV/vivado_gui/rv_perceptron/rv_perceptron.sim/sim_1/behav/xsim/code.mem'
INFO: [SIM-utils-43] Exported 'C:/Users/Prasit/Documents/ACSA_RISCV/vivado_gui/rv_perceptron/rv_perceptron.sim/sim_1/behav/xsim/data.mem'
INFO: [USF-XSim-97] Finding global include files...
INFO: [USF-XSim-98] Fetching design files from 'sim_1'...
INFO: [USF-XSim-2] XSim::Compile design
INFO: [USF-XSim-61] Executing 'COMPILE and ANALYZE' step in 'C:/Users/Prasit/Documents/ACSA_RISCV/vivado_gui/rv_perceptron/rv_perceptron.sim/sim_1/behav/xsim'
"xvlog --incr --relax -L uvm -d PRED_PERCEPTRON -i C:\Users\Prasit\Documents\ACSA_RISCV\vivado_gui\rv_perceptron\rv_perceptron.srcs\sources_1\new -prj TB_vlog.prj"
ECHO is off.
ECHO is off.
INFO: [USF-XSim-69] 'compile' step finished in '1' seconds
INFO: [USF-XSim-3] XSim::Elaborate design
INFO: [USF-XSim-61] Executing 'ELABORATE' step in 'C:/Users/Prasit/Documents/ACSA_RISCV/vivado_gui/rv_perceptron/rv_perceptron.sim/sim_1/behav/xsim'
"xelab --incr --debug typical --relax --mt 2 -L xil_defaultlib -L uvm -L unisims_ver -L unimacro_ver -L secureip --snapshot TB_behav xil_defaultlib.TB xil_defaultlib.glbl -log elaborate.log"
ECHO is off.
ECHO is off.
Vivado Simulator v2023.2
Copyright 1986-2022 Xilinx, Inc. All Rights Reserved.
Copyright 2022-2023 Advanced Micro Devices, Inc. All Rights Reserved.
Running: C:/Xilinx/Vivado/2023.2/bin/unwrapped/win64.o/xelab.exe --incr --debug typical --relax --mt 2 -L xil_defaultlib -L uvm -L unisims_ver -L unimacro_ver -L secureip --snapshot TB_behav xil_defaultlib.TB xil_defaultlib.glbl -log elaborate.log 
Using 2 slave threads.
Starting static elaboration
Pass Through NonSizing Optimizer
Completed static elaboration
INFO: [XSIM 43-4323] No Change in HDL. Linking previously generated obj files to create kernel
INFO: [USF-XSim-69] 'elaborate' step finished in '1' seconds
INFO: [USF-XSim-4] XSim::Simulate design
INFO: [USF-XSim-61] Executing 'SIMULATE' step in 'C:/Users/Prasit/Documents/ACSA_RISCV/vivado_gui/rv_perceptron/rv_perceptron.sim/sim_1/behav/xsim'
INFO: [USF-XSim-98] *** Running xsim
   with args "TB_behav -key {Behavioral:sim_1:Functional:TB} -tclbatch {C:/Users/Prasit/Documents/ACSA_RISCV/vivado_gui/rv_perceptron/xsim_waves.tcl} -log {simulate.log}"
INFO: [USF-XSim-8] Loading simulator feature
Time resolution is 1 ps
source C:/Users/Prasit/Documents/ACSA_RISCV/vivado_gui/rv_perceptron/xsim_waves.tcl
# proc rdx {r} {
#   switch -- $r {
#     binary   -
#     bin      { return bin }
#     signed   -
#     dec      { return dec }
#     unsigned { return unsigned }
#     ascii    { return ascii }
#     octal    -
#     oct      { return oct }
#     hex      { return hex }
#     default  { return hex }
#   }
# }
# proc wv {grp path {radix hex} {label ""}} {
#   if {$path eq ""} { return }
#   if {[llength [get_objects -quiet $path]] == 0} {
#     puts "  \[waves\] absent (other predictor build): $path"
#     return
#   }
#   if {[catch {
#     if {$label eq ""} {
#       add_wave -into $grp -radix [rdx $radix] $path
#     } else {
#       add_wave -into $grp -radix [rdx $radix] -name $label $path
#     }
#   } err]} {
#     puts "  \[waves\] FAILED $path : $err"
#   }
# }
# proc find_scope {candidates} {
#   foreach c $candidates {
#     if {[llength [get_scopes -quiet $c]] > 0} { return $c }
#   }
#   return ""
# }
# puts "\n\[waves\] scopes under /TB/uut :"

[waves] scopes under /TB/uut :
# foreach s [get_scopes -quiet /TB/uut/*] { puts "      $s" }
      /TB/uut/hazard
      /TB/uut/fetch
      /TB/uut/decode
      /TB/uut/execute
      /TB/uut/mem
      /TB/uut/wback
      /TB/uut/\gPerceptron.bPredict 
      /TB/uut/NetRegassign27_44
      /TB/uut/NetRegassign334_642
      /TB/uut/NetRegassign335_643
      /TB/uut/NetRegassign336_644
      /TB/uut/NetRegassign337_645
      /TB/uut/NetRegassign338_646
# set BP [find_scope [list \
#   /TB/uut/gPerceptron/bPredict \
#   /TB/uut/gClassic/bPredict \
#   {/TB/uut/gPerceptron.bPredict} \
#   {/TB/uut/gClassic.bPredict} \
#   /TB/uut/bPredict ]]
# if {$BP eq ""} {
#   puts "\[waves\] could not locate the predictor scope -- groups 3/4/6/8 will"
#   puts "\[waves\] be thin. Use the list above to find its real name.\n"
# } else {
#   puts "\[waves\] predictor scope: $BP\n"
# }
[waves] predictor scope: /TB/uut/gPerceptron.bPredict

# set OV ""
# if {$BP ne ""} { set OV [find_scope [list $BP/gOvr]] }
# puts "\n\[waves\] building grouped wave layout ..."

[waves] building grouped wave layout ...
# catch { remove_wave -of [get_wave_config] [get_waves *] }
# set g [add_wave_group "1 - Clock / reset"]
# wv $g /TB/clk          binary
# wv $g /TB/rst          binary
# wv $g /TB/usePredictor binary
# set g [add_wave_group "2 - Fetch"]
# wv $g /TB/uut/fetch/pc          hex      "pc"
# wv $g /TB/uut/F_instr           hex      "instr"
# wv $g /TB/uut/F_pcPlus4         hex      "pc+4"
# wv $g /TB/uut/P_bPredictTaken   binary   "predictTaken (fast)"
# wv $g /TB/uut/P_btbTarget       hex      "btbTarget"
# wv $g /TB/uut/H_stallF          binary   "stallF"
# set g [add_wave_group "3 - Predict (fetch, fast path)"]
# if {$BP ne ""} {
#   wv $g $BP/fBtbHit     binary   "btbHit"
#   wv $g $BP/fPredTaken  binary   "predTaken"
#   wv $g $BP/ghrSpec     binary   "ghrSpec (N1)"
#   # perceptron-only
#   wv $g $BP/fUncond     binary   "isJump"
#   wv $g $BP/fBimTaken   binary   "bimodalTaken"
#   wv $g $BP/fPercIdx    unsigned "percIdx"
#   wv $g $BP/theta       signed   "theta (N2)"
#   # classic-only
#   wv $g $BP/fPhtIdx     unsigned "phtIdx"
# }
  [waves] absent (other predictor build): /TB/uut/gPerceptron.bPredict/fPhtIdx
# set g [add_wave_group "4 - N4 override (decode)"]
# if {$OV ne ""} {
#   wv $g $OV/yD          signed "y (dot product)"
#   wv $g $OV/dFastTaken  binary "fast said"
#   wv $g $OV/dFinalTaken binary "perceptron says"
#   wv $g $OV/dUseBim     binary "N3 gate fired"
# }
# wv $g /TB/uut/P_ovrValid  binary "OVERRIDE"
# wv $g /TB/uut/P_ovrTaken  binary "ovrTaken"
# wv $g /TB/uut/P_ovrTarget hex    "ovrTarget"
# set g [add_wave_group "5 - Execute (resolution)"]
# wv $g /TB/uut/E_pc           hex    "exPc"
# wv $g /TB/uut/E_branch       binary "isBranch"
# wv $g /TB/uut/E_controlXfer  binary "isCtrlXfer"
# wv $g /TB/uut/E_btbUpdate    binary "resolvedTaken"
# wv $g /TB/uut/E_wrongBranch  binary "MISPREDICT"
# wv $g /TB/uut/E_pcTarget     hex    "redirectTo"
# set g [add_wave_group "6 - Train (EX+1)"]
# if {$BP ne ""} {
#   wv $g $BP/tValid     binary   "trainValid"
#   wv $g $BP/tTaken     binary   "outcome"
#   wv $g $BP/tIdx       unsigned "row"
#   wv $g $BP/yT         signed   "y recomputed"
#   wv $g $BP/tPercWrong binary   "perceptron wrong"
#   wv $g $BP/tDoTrain   binary   "UPDATE WEIGHTS"
#   wv $g $BP/ghrArch    binary   "ghrArch (N1)"
# }
# set g [add_wave_group "7 - Hazard / pipeline"]
# wv $g /TB/uut/H_stallD binary
# wv $g /TB/uut/H_flushD binary
# wv $g /TB/uut/H_flushE binary
# wv $g /TB/uut/H_fwdAE  unsigned
# wv $g /TB/uut/H_fwdBE  unsigned
# set g [add_wave_group "8 - Statistics (live)"]
# if {$BP ne ""} {
#   wv $g $BP/st_branches unsigned "branches"
#   wv $g $BP/st_mispred  unsigned "mispredicts"
#   wv $g $BP/st_override unsigned "overrides"
#   wv $g $BP/st_btbMiss  unsigned "btbMisses"
# }
# wv $g /TB/cycles unsigned "cycle count"
# set g [add_wave_group "9 - UART"]
# wv $g /TB/uartWen  binary
# wv $g /TB/uartData ascii "char"
# puts "\[waves\] done -- 9 groups\n"
[waves] done -- 9 groups

INFO: [USF-XSim-96] XSim completed. Design snapshot 'TB_behav' loaded.
INFO: [USF-XSim-97] XSim simulation ran for all
close_sim
INFO: [Simtcl 6-16] Simulation closed
launch_simulation
Command: launch_simulation 
INFO: [Vivado 12-12493] Simulation top is 'TB'
WARNING: [Vivado 12-13340] Unable to auto find GCC executables from simulator install path! (path not set)
INFO: [Vivado 12-5682] Launching behavioral simulation in 'C:/Users/Prasit/Documents/ACSA_RISCV/vivado_gui/rv_perceptron/rv_perceptron.sim/sim_1/behav/xsim'
INFO: [SIM-utils-51] Simulation object is 'sim_1'
INFO: [SIM-utils-72] Using boost library from 'C:/Xilinx/Vivado/2023.2/tps/boost_1_72_0'
INFO: [SIM-utils-54] Inspecting design source files for 'TB' in fileset 'sim_1'...
INFO: [SIM-utils-43] Exported 'C:/Users/Prasit/Documents/ACSA_RISCV/vivado_gui/rv_perceptron/rv_perceptron.sim/sim_1/behav/xsim/code.mem'
INFO: [SIM-utils-43] Exported 'C:/Users/Prasit/Documents/ACSA_RISCV/vivado_gui/rv_perceptron/rv_perceptron.sim/sim_1/behav/xsim/data.mem'
INFO: [SIM-utils-43] Exported 'C:/Users/Prasit/Documents/ACSA_RISCV/vivado_gui/rv_perceptron/rv_perceptron.sim/sim_1/behav/xsim/code.mem'
INFO: [SIM-utils-43] Exported 'C:/Users/Prasit/Documents/ACSA_RISCV/vivado_gui/rv_perceptron/rv_perceptron.sim/sim_1/behav/xsim/data.mem'
INFO: [USF-XSim-97] Finding global include files...
INFO: [USF-XSim-98] Fetching design files from 'sim_1'...
INFO: [USF-XSim-2] XSim::Compile design
INFO: [USF-XSim-61] Executing 'COMPILE and ANALYZE' step in 'C:/Users/Prasit/Documents/ACSA_RISCV/vivado_gui/rv_perceptron/rv_perceptron.sim/sim_1/behav/xsim'
"xvlog --incr --relax -L uvm -d PRED_PERCEPTRON -i C:\Users\Prasit\Documents\ACSA_RISCV\vivado_gui\rv_perceptron\rv_perceptron.srcs\sources_1\new -prj TB_vlog.prj"
ECHO is off.
ECHO is off.
INFO: [USF-XSim-69] 'compile' step finished in '1' seconds
INFO: [USF-XSim-3] XSim::Elaborate design
INFO: [USF-XSim-61] Executing 'ELABORATE' step in 'C:/Users/Prasit/Documents/ACSA_RISCV/vivado_gui/rv_perceptron/rv_perceptron.sim/sim_1/behav/xsim'
"xelab --incr --debug typical --relax --mt 2 -L xil_defaultlib -L uvm -L unisims_ver -L unimacro_ver -L secureip --snapshot TB_behav xil_defaultlib.TB xil_defaultlib.glbl -log elaborate.log"
ECHO is off.
ECHO is off.
Vivado Simulator v2023.2
Copyright 1986-2022 Xilinx, Inc. All Rights Reserved.
Copyright 2022-2023 Advanced Micro Devices, Inc. All Rights Reserved.
Running: C:/Xilinx/Vivado/2023.2/bin/unwrapped/win64.o/xelab.exe --incr --debug typical --relax --mt 2 -L xil_defaultlib -L uvm -L unisims_ver -L unimacro_ver -L secureip --snapshot TB_behav xil_defaultlib.TB xil_defaultlib.glbl -log elaborate.log 
Using 2 slave threads.
Starting static elaboration
Pass Through NonSizing Optimizer
Completed static elaboration
INFO: [XSIM 43-4323] No Change in HDL. Linking previously generated obj files to create kernel
INFO: [USF-XSim-69] 'elaborate' step finished in '1' seconds
INFO: [USF-XSim-4] XSim::Simulate design
INFO: [USF-XSim-61] Executing 'SIMULATE' step in 'C:/Users/Prasit/Documents/ACSA_RISCV/vivado_gui/rv_perceptron/rv_perceptron.sim/sim_1/behav/xsim'
INFO: [USF-XSim-98] *** Running xsim
   with args "TB_behav -key {Behavioral:sim_1:Functional:TB} -tclbatch {C:/Users/Prasit/Documents/ACSA_RISCV/vivado_gui/rv_perceptron/xsim_waves.tcl} -log {simulate.log}"
INFO: [USF-XSim-8] Loading simulator feature
Time resolution is 1 ps
source C:/Users/Prasit/Documents/ACSA_RISCV/vivado_gui/rv_perceptron/xsim_waves.tcl
# proc rdx {r} {
#   switch -- $r {
#     binary   -
#     bin      { return bin }
#     signed   -
#     dec      { return dec }
#     unsigned { return unsigned }
#     ascii    { return ascii }
#     octal    -
#     oct      { return oct }
#     hex      { return hex }
#     default  { return hex }
#   }
# }
# proc wv {grp path {radix hex} {label ""}} {
#   if {$path eq ""} { return }
#   if {[llength [get_objects -quiet $path]] == 0} {
#     puts "  \[waves\] absent (other predictor build): $path"
#     return
#   }
#   if {[catch {
#     if {$label eq ""} {
#       add_wave -into $grp -radix [rdx $radix] $path
#     } else {
#       add_wave -into $grp -radix [rdx $radix] -name $label $path
#     }
#   } err]} {
#     puts "  \[waves\] FAILED $path : $err"
#   }
# }
# proc find_scope {candidates} {
#   foreach c $candidates {
#     if {[llength [get_scopes -quiet $c]] > 0} { return $c }
#   }
#   return ""
# }
# puts "\n\[waves\] scopes under /TB/uut :"

[waves] scopes under /TB/uut :
# foreach s [get_scopes -quiet /TB/uut/*] { puts "      $s" }
      /TB/uut/hazard
      /TB/uut/fetch
      /TB/uut/decode
      /TB/uut/execute
      /TB/uut/mem
      /TB/uut/wback
      /TB/uut/\gPerceptron.bPredict 
      /TB/uut/NetRegassign27_44
      /TB/uut/NetRegassign334_642
      /TB/uut/NetRegassign335_643
      /TB/uut/NetRegassign336_644
      /TB/uut/NetRegassign337_645
      /TB/uut/NetRegassign338_646
# set BP [find_scope [list \
#   /TB/uut/gPerceptron/bPredict \
#   /TB/uut/gClassic/bPredict \
#   {/TB/uut/gPerceptron.bPredict} \
#   {/TB/uut/gClassic.bPredict} \
#   /TB/uut/bPredict ]]
# if {$BP eq ""} {
#   puts "\[waves\] could not locate the predictor scope -- groups 3/4/6/8 will"
#   puts "\[waves\] be thin. Use the list above to find its real name.\n"
# } else {
#   puts "\[waves\] predictor scope: $BP\n"
# }
[waves] predictor scope: /TB/uut/gPerceptron.bPredict

# set OV ""
# if {$BP ne ""} { set OV [find_scope [list $BP/gOvr]] }
# puts "\n\[waves\] building grouped wave layout ..."

[waves] building grouped wave layout ...
# catch { remove_wave -of [get_wave_config] [get_waves *] }
# set g [add_wave_group "1 - Clock / reset"]
# wv $g /TB/clk          binary
# wv $g /TB/rst          binary
# wv $g /TB/usePredictor binary
# set g [add_wave_group "2 - Fetch"]
# wv $g /TB/uut/fetch/pc          hex      "pc"
# wv $g /TB/uut/F_instr           hex      "instr"
# wv $g /TB/uut/F_pcPlus4         hex      "pc+4"
# wv $g /TB/uut/P_bPredictTaken   binary   "predictTaken (fast)"
# wv $g /TB/uut/P_btbTarget       hex      "btbTarget"
# wv $g /TB/uut/H_stallF          binary   "stallF"
# set g [add_wave_group "3 - Predict (fetch, fast path)"]
# if {$BP ne ""} {
#   wv $g $BP/fBtbHit     binary   "btbHit"
#   wv $g $BP/fPredTaken  binary   "predTaken"
#   wv $g $BP/ghrSpec     binary   "ghrSpec (N1)"
#   # perceptron-only
#   wv $g $BP/fUncond     binary   "isJump"
#   wv $g $BP/fBimTaken   binary   "bimodalTaken"
#   wv $g $BP/fPercIdx    unsigned "percIdx"
#   wv $g $BP/theta       signed   "theta (N2)"
#   # classic-only
#   wv $g $BP/fPhtIdx     unsigned "phtIdx"
# }
  [waves] absent (other predictor build): /TB/uut/gPerceptron.bPredict/fPhtIdx
# set g [add_wave_group "4 - N4 override (decode)"]
# if {$OV ne ""} {
#   wv $g $OV/yD          signed "y (dot product)"
#   wv $g $OV/dFastTaken  binary "fast said"
#   wv $g $OV/dFinalTaken binary "perceptron says"
#   wv $g $OV/dUseBim     binary "N3 gate fired"
# }
# wv $g /TB/uut/P_ovrValid  binary "OVERRIDE"
# wv $g /TB/uut/P_ovrTaken  binary "ovrTaken"
# wv $g /TB/uut/P_ovrTarget hex    "ovrTarget"
# set g [add_wave_group "5 - Execute (resolution)"]
# wv $g /TB/uut/E_pc           hex    "exPc"
# wv $g /TB/uut/E_branch       binary "isBranch"
# wv $g /TB/uut/E_controlXfer  binary "isCtrlXfer"
# wv $g /TB/uut/E_btbUpdate    binary "resolvedTaken"
# wv $g /TB/uut/E_wrongBranch  binary "MISPREDICT"
# wv $g /TB/uut/E_pcTarget     hex    "redirectTo"
# set g [add_wave_group "6 - Train (EX+1)"]
# if {$BP ne ""} {
#   wv $g $BP/tValid     binary   "trainValid"
#   wv $g $BP/tTaken     binary   "outcome"
#   wv $g $BP/tIdx       unsigned "row"
#   wv $g $BP/yT         signed   "y recomputed"
#   wv $g $BP/tPercWrong binary   "perceptron wrong"
#   wv $g $BP/tDoTrain   binary   "UPDATE WEIGHTS"
#   wv $g $BP/ghrArch    binary   "ghrArch (N1)"
# }
# set g [add_wave_group "7 - Hazard / pipeline"]
# wv $g /TB/uut/H_stallD binary
# wv $g /TB/uut/H_flushD binary
# wv $g /TB/uut/H_flushE binary
# wv $g /TB/uut/H_fwdAE  unsigned
# wv $g /TB/uut/H_fwdBE  unsigned
# set g [add_wave_group "8 - Statistics (live)"]
# if {$BP ne ""} {
#   wv $g $BP/st_branches unsigned "branches"
#   wv $g $BP/st_mispred  unsigned "mispredicts"
#   wv $g $BP/st_override unsigned "overrides"
#   wv $g $BP/st_btbMiss  unsigned "btbMisses"
# }
# wv $g /TB/cycles unsigned "cycle count"
# set g [add_wave_group "9 - UART"]
# wv $g /TB/uartWen  binary
# wv $g /TB/uartData ascii "char"
# puts "\[waves\] done -- 9 groups\n"
[waves] done -- 9 groups

# puts "\[waves\] running to \$finish ...\n"
[waves] running to $finish ...

# run all

=========================================================
 RV32I pipeline -- predictor: perceptron
=========================================================
Branch predictor test (RV32I)
Total Cycles (dec):        13571
Number of Control Xfers:   3572
Number of Instructions:    12457
Wrong Branches:            246
CPI:                       1.089
Misprediction Rate (%):    6.8
Final sink:                801
Done.

---------------------------------------------------------
 RESULT (program reached HALT)
---------------------------------------------------------
 predictor              : perceptron
 cycles                 : 36416
 instructions retired   : 35016
 CPI                    : 1.0400
 control transfers      : 12005
 mispredictions         : 382
 misprediction rate     : 3.18 %

 -- perceptron breakdown (conditional branches only) --
 conditional branches   : 11786
 cond. mispredictions   : 307
 cond. mispred rate     : 2.60 %
 BTB misses             : 117
 final theta            : 44
 N4 overrides (1 cycle) : 262
 override rate          : 2.22 % of branches

  confidence gate (N3):
   perceptron chosen     : 11650  (wrong 283)
   bimodal chosen        : 136  (wrong 33)

  if each ran alone:
   perceptron only wrong : 332  (2.82 %)
   bimodal only wrong    : 479  (4.06 %)
   hybrid (actual) wrong : 316  (2.68 %)
---------------------------------------------------------

$finish called at time : 36419500 ps : File "C:/Users/Prasit/Documents/ACSA_RISCV/vivado_gui/rv_perceptron/rv_perceptron.srcs/sim_1/new/TB.sv" Line 122
INFO: [USF-XSim-96] XSim completed. Design snapshot 'TB_behav' loaded.
INFO: [USF-XSim-97] XSim simulation ran for all
launch_simulation: Time (s): cpu = 00:00:02 ; elapsed = 00:00:06 . Memory (MB): peak = 2196.738 ; gain = 0.000
