Copyright 1986-2022 Xilinx, Inc. All Rights Reserved. Copyright 2022-2023 Advanced Micro Devices, Inc. All Rights Reserved.
--------------------------------------------------------------------------------------------------------------------------------------------------
| Tool Version : Vivado v.2023.2 (win64) Build 4029153 Fri Oct 13 20:14:34 MDT 2023
| Date         : Sat Sep 12 12:41:32 2026
| Host         : DESKTOP-LP0DM3H running 64-bit major release  (build 9200)
| Command      : report_methodology -file core_methodology_drc_routed.rpt -pb core_methodology_drc_routed.pb -rpx core_methodology_drc_routed.rpx
| Design       : core
| Device       : xc7a35tcpg236-1
| Speed File   : -1
| Design State : Fully Routed
--------------------------------------------------------------------------------------------------------------------------------------------------

Report Methodology

Table of Contents
-----------------
1. REPORT SUMMARY
2. REPORT DETAILS

1. REPORT SUMMARY
-----------------
            Netlist: netlist
          Floorplan: design_1
      Design limits: <entire design considered>
             Max violations: <unlimited>
             Violations found: 946
+-----------+----------+-----------------------------------------------------------+------------+
| Rule      | Severity | Description                                               | Violations |
+-----------+----------+-----------------------------------------------------------+------------+
| SYNTH-5   | Warning  | Mapped onto distributed RAM because of timing constraints | 56         |
| TIMING-16 | Warning  | Large setup violation                                     | 724        |
| XDCH-2    | Warning  | Same min and max delay values on IO port                  | 166        |
+-----------+----------+-----------------------------------------------------------+------------+

2. REPORT DETAILS
-----------------
SYNTH-5#1 Warning
Mapped onto distributed RAM because of timing constraints  
The instance gPerceptron.bPredict/btbCount_reg_0_127_0_0 is implemented as distributed LUT RAM for the following reason: The timing constraints suggest that the chosen mapping will yield a better timing.
Related violations: <none>

SYNTH-5#2 Warning
Mapped onto distributed RAM because of timing constraints  
The instance gPerceptron.bPredict/btbCount_reg_0_127_1_1 is implemented as distributed LUT RAM for the following reason: The timing constraints suggest that the chosen mapping will yield a better timing.
Related violations: <none>

SYNTH-5#3 Warning
Mapped onto distributed RAM because of timing constraints  
The instance gPerceptron.bPredict/btbCount_reg_128_255_0_0 is implemented as distributed LUT RAM for the following reason: The timing constraints suggest that the chosen mapping will yield a better timing.
Related violations: <none>

SYNTH-5#4 Warning
Mapped onto distributed RAM because of timing constraints  
The instance gPerceptron.bPredict/btbCount_reg_128_255_1_1 is implemented as distributed LUT RAM for the following reason: The timing constraints suggest that the chosen mapping will yield a better timing.
Related violations: <none>

SYNTH-5#5 Warning
Mapped onto distributed RAM because of timing constraints  
The instance gPerceptron.bPredict/btbTag_reg_0_127_0_0 is implemented as distributed LUT RAM for the following reason: The timing constraints suggest that the chosen mapping will yield a better timing.
Related violations: <none>

SYNTH-5#6 Warning
Mapped onto distributed RAM because of timing constraints  
The instance gPerceptron.bPredict/btbTag_reg_0_127_10_10 is implemented as distributed LUT RAM for the following reason: The timing constraints suggest that the chosen mapping will yield a better timing.
Related violations: <none>

SYNTH-5#7 Warning
Mapped onto distributed RAM because of timing constraints  
The instance gPerceptron.bPredict/btbTag_reg_0_127_11_11 is implemented as distributed LUT RAM for the following reason: The timing constraints suggest that the chosen mapping will yield a better timing.
Related violations: <none>

SYNTH-5#8 Warning
Mapped onto distributed RAM because of timing constraints  
The instance gPerceptron.bPredict/btbTag_reg_0_127_12_12 is implemented as distributed LUT RAM for the following reason: The timing constraints suggest that the chosen mapping will yield a better timing.
Related violations: <none>

SYNTH-5#9 Warning
Mapped onto distributed RAM because of timing constraints  
The instance gPerceptron.bPredict/btbTag_reg_0_127_13_13 is implemented as distributed LUT RAM for the following reason: The timing constraints suggest that the chosen mapping will yield a better timing.
Related violations: <none>

SYNTH-5#10 Warning
Mapped onto distributed RAM because of timing constraints  
The instance gPerceptron.bPredict/btbTag_reg_0_127_14_14 is implemented as distributed LUT RAM for the following reason: The timing constraints suggest that the chosen mapping will yield a better timing.
Related violations: <none>

SYNTH-5#11 Warning
Mapped onto distributed RAM because of timing constraints  
The instance gPerceptron.bPredict/btbTag_reg_0_127_15_15 is implemented as distributed LUT RAM for the following reason: The timing constraints suggest that the chosen mapping will yield a better timing.
Related violations: <none>

SYNTH-5#12 Warning
Mapped onto distributed RAM because of timing constraints  
The instance gPerceptron.bPredict/btbTag_reg_0_127_16_16 is implemented as distributed LUT RAM for the following reason: The timing constraints suggest that the chosen mapping will yield a better timing.
Related violations: <none>

SYNTH-5#13 Warning
Mapped onto distributed RAM because of timing constraints  
The instance gPerceptron.bPredict/btbTag_reg_0_127_17_17 is implemented as distributed LUT RAM for the following reason: The timing constraints suggest that the chosen mapping will yield a better timing.
Related violations: <none>

SYNTH-5#14 Warning
Mapped onto distributed RAM because of timing constraints  
The instance gPerceptron.bPredict/btbTag_reg_0_127_18_18 is implemented as distributed LUT RAM for the following reason: The timing constraints suggest that the chosen mapping will yield a better timing.
Related violations: <none>

SYNTH-5#15 Warning
Mapped onto distributed RAM because of timing constraints  
The instance gPerceptron.bPredict/btbTag_reg_0_127_19_19 is implemented as distributed LUT RAM for the following reason: The timing constraints suggest that the chosen mapping will yield a better timing.
Related violations: <none>

SYNTH-5#16 Warning
Mapped onto distributed RAM because of timing constraints  
The instance gPerceptron.bPredict/btbTag_reg_0_127_1_1 is implemented as distributed LUT RAM for the following reason: The timing constraints suggest that the chosen mapping will yield a better timing.
Related violations: <none>

SYNTH-5#17 Warning
Mapped onto distributed RAM because of timing constraints  
The instance gPerceptron.bPredict/btbTag_reg_0_127_20_20 is implemented as distributed LUT RAM for the following reason: The timing constraints suggest that the chosen mapping will yield a better timing.
Related violations: <none>

SYNTH-5#18 Warning
Mapped onto distributed RAM because of timing constraints  
The instance gPerceptron.bPredict/btbTag_reg_0_127_21_21 is implemented as distributed LUT RAM for the following reason: The timing constraints suggest that the chosen mapping will yield a better timing.
Related violations: <none>

SYNTH-5#19 Warning
Mapped onto distributed RAM because of timing constraints  
The instance gPerceptron.bPredict/btbTag_reg_0_127_22_22 is implemented as distributed LUT RAM for the following reason: The timing constraints suggest that the chosen mapping will yield a better timing.
Related violations: <none>

SYNTH-5#20 Warning
Mapped onto distributed RAM because of timing constraints  
The instance gPerceptron.bPredict/btbTag_reg_0_127_23_23 is implemented as distributed LUT RAM for the following reason: The timing constraints suggest that the chosen mapping will yield a better timing.
Related violations: <none>

SYNTH-5#21 Warning
Mapped onto distributed RAM because of timing constraints  
The instance gPerceptron.bPredict/btbTag_reg_0_127_2_2 is implemented as distributed LUT RAM for the following reason: The timing constraints suggest that the chosen mapping will yield a better timing.
Related violations: <none>

SYNTH-5#22 Warning
Mapped onto distributed RAM because of timing constraints  
The instance gPerceptron.bPredict/btbTag_reg_0_127_3_3 is implemented as distributed LUT RAM for the following reason: The timing constraints suggest that the chosen mapping will yield a better timing.
Related violations: <none>

SYNTH-5#23 Warning
Mapped onto distributed RAM because of timing constraints  
The instance gPerceptron.bPredict/btbTag_reg_0_127_4_4 is implemented as distributed LUT RAM for the following reason: The timing constraints suggest that the chosen mapping will yield a better timing.
Related violations: <none>

SYNTH-5#24 Warning
Mapped onto distributed RAM because of timing constraints  
The instance gPerceptron.bPredict/btbTag_reg_0_127_5_5 is implemented as distributed LUT RAM for the following reason: The timing constraints suggest that the chosen mapping will yield a better timing.
Related violations: <none>

SYNTH-5#25 Warning
Mapped onto distributed RAM because of timing constraints  
The instance gPerceptron.bPredict/btbTag_reg_0_127_6_6 is implemented as distributed LUT RAM for the following reason: The timing constraints suggest that the chosen mapping will yield a better timing.
Related violations: <none>

SYNTH-5#26 Warning
Mapped onto distributed RAM because of timing constraints  
The instance gPerceptron.bPredict/btbTag_reg_0_127_7_7 is implemented as distributed LUT RAM for the following reason: The timing constraints suggest that the chosen mapping will yield a better timing.
Related violations: <none>

SYNTH-5#27 Warning
Mapped onto distributed RAM because of timing constraints  
The instance gPerceptron.bPredict/btbTag_reg_0_127_8_8 is implemented as distributed LUT RAM for the following reason: The timing constraints suggest that the chosen mapping will yield a better timing.
Related violations: <none>

SYNTH-5#28 Warning
Mapped onto distributed RAM because of timing constraints  
The instance gPerceptron.bPredict/btbTag_reg_0_127_9_9 is implemented as distributed LUT RAM for the following reason: The timing constraints suggest that the chosen mapping will yield a better timing.
Related violations: <none>

SYNTH-5#29 Warning
Mapped onto distributed RAM because of timing constraints  
The instance gPerceptron.bPredict/btbTag_reg_128_255_0_0 is implemented as distributed LUT RAM for the following reason: The timing constraints suggest that the chosen mapping will yield a better timing.
Related violations: <none>

SYNTH-5#30 Warning
Mapped onto distributed RAM because of timing constraints  
The instance gPerceptron.bPredict/btbTag_reg_128_255_10_10 is implemented as distributed LUT RAM for the following reason: The timing constraints suggest that the chosen mapping will yield a better timing.
Related violations: <none>

SYNTH-5#31 Warning
Mapped onto distributed RAM because of timing constraints  
The instance gPerceptron.bPredict/btbTag_reg_128_255_11_11 is implemented as distributed LUT RAM for the following reason: The timing constraints suggest that the chosen mapping will yield a better timing.
Related violations: <none>

SYNTH-5#32 Warning
Mapped onto distributed RAM because of timing constraints  
The instance gPerceptron.bPredict/btbTag_reg_128_255_12_12 is implemented as distributed LUT RAM for the following reason: The timing constraints suggest that the chosen mapping will yield a better timing.
Related violations: <none>

SYNTH-5#33 Warning
Mapped onto distributed RAM because of timing constraints  
The instance gPerceptron.bPredict/btbTag_reg_128_255_13_13 is implemented as distributed LUT RAM for the following reason: The timing constraints suggest that the chosen mapping will yield a better timing.
Related violations: <none>

SYNTH-5#34 Warning
Mapped onto distributed RAM because of timing constraints  
The instance gPerceptron.bPredict/btbTag_reg_128_255_14_14 is implemented as distributed LUT RAM for the following reason: The timing constraints suggest that the chosen mapping will yield a better timing.
Related violations: <none>

SYNTH-5#35 Warning
Mapped onto distributed RAM because of timing constraints  
The instance gPerceptron.bPredict/btbTag_reg_128_255_15_15 is implemented as distributed LUT RAM for the following reason: The timing constraints suggest that the chosen mapping will yield a better timing.
Related violations: <none>

SYNTH-5#36 Warning
Mapped onto distributed RAM because of timing constraints  
The instance gPerceptron.bPredict/btbTag_reg_128_255_16_16 is implemented as distributed LUT RAM for the following reason: The timing constraints suggest that the chosen mapping will yield a better timing.
Related violations: <none>

SYNTH-5#37 Warning
Mapped onto distributed RAM because of timing constraints  
The instance gPerceptron.bPredict/btbTag_reg_128_255_17_17 is implemented as distributed LUT RAM for the following reason: The timing constraints suggest that the chosen mapping will yield a better timing.
Related violations: <none>

SYNTH-5#38 Warning
Mapped onto distributed RAM because of timing constraints  
The instance gPerceptron.bPredict/btbTag_reg_128_255_18_18 is implemented as distributed LUT RAM for the following reason: The timing constraints suggest that the chosen mapping will yield a better timing.
Related violations: <none>

SYNTH-5#39 Warning
Mapped onto distributed RAM because of timing constraints  
The instance gPerceptron.bPredict/btbTag_reg_128_255_19_19 is implemented as distributed LUT RAM for the following reason: The timing constraints suggest that the chosen mapping will yield a better timing.
Related violations: <none>

SYNTH-5#40 Warning
Mapped onto distributed RAM because of timing constraints  
The instance gPerceptron.bPredict/btbTag_reg_128_255_1_1 is implemented as distributed LUT RAM for the following reason: The timing constraints suggest that the chosen mapping will yield a better timing.
Related violations: <none>

SYNTH-5#41 Warning
Mapped onto distributed RAM because of timing constraints  
The instance gPerceptron.bPredict/btbTag_reg_128_255_20_20 is implemented as distributed LUT RAM for the following reason: The timing constraints suggest that the chosen mapping will yield a better timing.
Related violations: <none>

SYNTH-5#42 Warning
Mapped onto distributed RAM because of timing constraints  
The instance gPerceptron.bPredict/btbTag_reg_128_255_21_21 is implemented as distributed LUT RAM for the following reason: The timing constraints suggest that the chosen mapping will yield a better timing.
Related violations: <none>

SYNTH-5#43 Warning
Mapped onto distributed RAM because of timing constraints  
The instance gPerceptron.bPredict/btbTag_reg_128_255_22_22 is implemented as distributed LUT RAM for the following reason: The timing constraints suggest that the chosen mapping will yield a better timing.
Related violations: <none>

SYNTH-5#44 Warning
Mapped onto distributed RAM because of timing constraints  
The instance gPerceptron.bPredict/btbTag_reg_128_255_23_23 is implemented as distributed LUT RAM for the following reason: The timing constraints suggest that the chosen mapping will yield a better timing.
Related violations: <none>

SYNTH-5#45 Warning
Mapped onto distributed RAM because of timing constraints  
The instance gPerceptron.bPredict/btbTag_reg_128_255_2_2 is implemented as distributed LUT RAM for the following reason: The timing constraints suggest that the chosen mapping will yield a better timing.
Related violations: <none>

SYNTH-5#46 Warning
Mapped onto distributed RAM because of timing constraints  
The instance gPerceptron.bPredict/btbTag_reg_128_255_3_3 is implemented as distributed LUT RAM for the following reason: The timing constraints suggest that the chosen mapping will yield a better timing.
Related violations: <none>

SYNTH-5#47 Warning
Mapped onto distributed RAM because of timing constraints  
The instance gPerceptron.bPredict/btbTag_reg_128_255_4_4 is implemented as distributed LUT RAM for the following reason: The timing constraints suggest that the chosen mapping will yield a better timing.
Related violations: <none>

SYNTH-5#48 Warning
Mapped onto distributed RAM because of timing constraints  
The instance gPerceptron.bPredict/btbTag_reg_128_255_5_5 is implemented as distributed LUT RAM for the following reason: The timing constraints suggest that the chosen mapping will yield a better timing.
Related violations: <none>

SYNTH-5#49 Warning
Mapped onto distributed RAM because of timing constraints  
The instance gPerceptron.bPredict/btbTag_reg_128_255_6_6 is implemented as distributed LUT RAM for the following reason: The timing constraints suggest that the chosen mapping will yield a better timing.
Related violations: <none>

SYNTH-5#50 Warning
Mapped onto distributed RAM because of timing constraints  
The instance gPerceptron.bPredict/btbTag_reg_128_255_7_7 is implemented as distributed LUT RAM for the following reason: The timing constraints suggest that the chosen mapping will yield a better timing.
Related violations: <none>

SYNTH-5#51 Warning
Mapped onto distributed RAM because of timing constraints  
The instance gPerceptron.bPredict/btbTag_reg_128_255_8_8 is implemented as distributed LUT RAM for the following reason: The timing constraints suggest that the chosen mapping will yield a better timing.
Related violations: <none>

SYNTH-5#52 Warning
Mapped onto distributed RAM because of timing constraints  
The instance gPerceptron.bPredict/btbTag_reg_128_255_9_9 is implemented as distributed LUT RAM for the following reason: The timing constraints suggest that the chosen mapping will yield a better timing.
Related violations: <none>

SYNTH-5#53 Warning
Mapped onto distributed RAM because of timing constraints  
The instance gPerceptron.bPredict/btbUncond_reg_0_127_0_0 is implemented as distributed LUT RAM for the following reason: The timing constraints suggest that the chosen mapping will yield a better timing.
Related violations: <none>

SYNTH-5#54 Warning
Mapped onto distributed RAM because of timing constraints  
The instance gPerceptron.bPredict/btbUncond_reg_128_255_0_0 is implemented as distributed LUT RAM for the following reason: The timing constraints suggest that the chosen mapping will yield a better timing.
Related violations: <none>

SYNTH-5#55 Warning
Mapped onto distributed RAM because of timing constraints  
The instance gPerceptron.bPredict/btbValid_reg_0_127_0_0 is implemented as distributed LUT RAM for the following reason: The timing constraints suggest that the chosen mapping will yield a better timing.
Related violations: <none>

SYNTH-5#56 Warning
Mapped onto distributed RAM because of timing constraints  
The instance gPerceptron.bPredict/btbValid_reg_128_255_0_0 is implemented as distributed LUT RAM for the following reason: The timing constraints suggest that the chosen mapping will yield a better timing.
Related violations: <none>

TIMING-16#1 Warning
Large setup violation  
There is a large setup violation of -1.002 ns between execute/r2AddrSv_reg[2]/C (clocked by clk) and fetch/pc_reg[5]_rep__1/D (clocked by clk). Large setup violations at the end of those stages might be difficult to fix during the post-placement implementation flow and could be the result of non-optimal XDC constraints or non-optimal design architecture
Related violations: <none>

TIMING-16#2 Warning
Large setup violation  
There is a large setup violation of -1.002 ns between execute/r2AddrSv_reg[2]/C (clocked by clk) and gPerceptron.bPredict/btbCount_reg_0_127_1_1/DP.HIGH/I (clocked by clk). Large setup violations at the end of those stages might be difficult to fix during the post-placement implementation flow and could be the result of non-optimal XDC constraints or non-optimal design architecture
Related violations: <none>

TIMING-16#3 Warning
Large setup violation  
There is a large setup violation of -1.004 ns between execute/r2AddrSv_reg[2]/C (clocked by clk) and decode/bpBusSv_reg[24]/R (clocked by clk). Large setup violations at the end of those stages might be difficult to fix during the post-placement implementation flow and could be the result of non-optimal XDC constraints or non-optimal design architecture
Related violations: <none>

TIMING-16#4 Warning
Large setup violation  
There is a large setup violation of -1.004 ns between execute/r2AddrSv_reg[2]/C (clocked by clk) and decode/instrSv_reg[15]/R (clocked by clk). Large setup violations at the end of those stages might be difficult to fix during the post-placement implementation flow and could be the result of non-optimal XDC constraints or non-optimal design architecture
Related violations: <none>

TIMING-16#5 Warning
Large setup violation  
There is a large setup violation of -1.004 ns between execute/r2AddrSv_reg[2]/C (clocked by clk) and decode/instrSv_reg[20]/R (clocked by clk). Large setup violations at the end of those stages might be difficult to fix during the post-placement implementation flow and could be the result of non-optimal XDC constraints or non-optimal design architecture
Related violations: <none>

TIMING-16#6 Warning
Large setup violation  
There is a large setup violation of -1.004 ns between execute/r2AddrSv_reg[2]/C (clocked by clk) and decode/instrSv_reg[21]/R (clocked by clk). Large setup violations at the end of those stages might be difficult to fix during the post-placement implementation flow and could be the result of non-optimal XDC constraints or non-optimal design architecture
Related violations: <none>

TIMING-16#7 Warning
Large setup violation  
There is a large setup violation of -1.004 ns between execute/r2AddrSv_reg[2]/C (clocked by clk) and decode/instrSv_reg[22]/R (clocked by clk). Large setup violations at the end of those stages might be difficult to fix during the post-placement implementation flow and could be the result of non-optimal XDC constraints or non-optimal design architecture
Related violations: <none>

TIMING-16#8 Warning
Large setup violation  
There is a large setup violation of -1.004 ns between execute/r2AddrSv_reg[2]/C (clocked by clk) and decode/instrSv_reg[23]/R (clocked by clk). Large setup violations at the end of those stages might be difficult to fix during the post-placement implementation flow and could be the result of non-optimal XDC constraints or non-optimal design architecture
Related violations: <none>

TIMING-16#9 Warning
Large setup violation  
There is a large setup violation of -1.004 ns between execute/r2AddrSv_reg[2]/C (clocked by clk) and decode/pcSv_reg[15]/R (clocked by clk). Large setup violations at the end of those stages might be difficult to fix during the post-placement implementation flow and could be the result of non-optimal XDC constraints or non-optimal design architecture
Related violations: <none>

TIMING-16#10 Warning
Large setup violation  
There is a large setup violation of -1.004 ns between execute/r2AddrSv_reg[2]/C (clocked by clk) and decode/pcSv_reg[19]/R (clocked by clk). Large setup violations at the end of those stages might be difficult to fix during the post-placement implementation flow and could be the result of non-optimal XDC constraints or non-optimal design architecture
Related violations: <none>

TIMING-16#11 Warning
Large setup violation  
There is a large setup violation of -1.005 ns between execute/r2AddrSv_reg[2]/C (clocked by clk) and execute/bpBusSv_reg[10]/R (clocked by clk). Large setup violations at the end of those stages might be difficult to fix during the post-placement implementation flow and could be the result of non-optimal XDC constraints or non-optimal design architecture
Related violations: <none>

TIMING-16#12 Warning
Large setup violation  
There is a large setup violation of -1.006 ns between execute/r2AddrSv_reg[2]/C (clocked by clk) and fetch/pc_reg[26]/D (clocked by clk). Large setup violations at the end of those stages might be difficult to fix during the post-placement implementation flow and could be the result of non-optimal XDC constraints or non-optimal design architecture
Related violations: <none>

TIMING-16#13 Warning
Large setup violation  
There is a large setup violation of -1.012 ns between execute/r2AddrSv_reg[2]/C (clocked by clk) and gPerceptron.bPredict/btbCount_reg_128_255_0_0/DP.LOW/I (clocked by clk). Large setup violations at the end of those stages might be difficult to fix during the post-placement implementation flow and could be the result of non-optimal XDC constraints or non-optimal design architecture
Related violations: <none>

TIMING-16#14 Warning
Large setup violation  
There is a large setup violation of -1.012 ns between execute/r2AddrSv_reg[2]/C (clocked by clk) and gPerceptron.bPredict/btbTag_reg_128_255_7_7/DP.HIGH/WE (clocked by clk). Large setup violations at the end of those stages might be difficult to fix during the post-placement implementation flow and could be the result of non-optimal XDC constraints or non-optimal design architecture
Related violations: <none>

TIMING-16#15 Warning
Large setup violation  
There is a large setup violation of -1.012 ns between execute/r2AddrSv_reg[2]/C (clocked by clk) and gPerceptron.bPredict/btbTag_reg_128_255_7_7/DP.LOW/WE (clocked by clk). Large setup violations at the end of those stages might be difficult to fix during the post-placement implementation flow and could be the result of non-optimal XDC constraints or non-optimal design architecture
Related violations: <none>

TIMING-16#16 Warning
Large setup violation  
There is a large setup violation of -1.012 ns between execute/r2AddrSv_reg[2]/C (clocked by clk) and gPerceptron.bPredict/btbTag_reg_128_255_7_7/SP.HIGH/WE (clocked by clk). Large setup violations at the end of those stages might be difficult to fix during the post-placement implementation flow and could be the result of non-optimal XDC constraints or non-optimal design architecture
Related violations: <none>

TIMING-16#17 Warning
Large setup violation  
There is a large setup violation of -1.012 ns between execute/r2AddrSv_reg[2]/C (clocked by clk) and gPerceptron.bPredict/btbTag_reg_128_255_7_7/SP.LOW/WE (clocked by clk). Large setup violations at the end of those stages might be difficult to fix during the post-placement implementation flow and could be the result of non-optimal XDC constraints or non-optimal design architecture
Related violations: <none>

TIMING-16#18 Warning
Large setup violation  
There is a large setup violation of -1.012 ns between execute/r2AddrSv_reg[2]/C (clocked by clk) and gPerceptron.bPredict/btbTgt_reg_192_255_18_20/RAMA/WE (clocked by clk). Large setup violations at the end of those stages might be difficult to fix during the post-placement implementation flow and could be the result of non-optimal XDC constraints or non-optimal design architecture
Related violations: <none>

TIMING-16#19 Warning
Large setup violation  
There is a large setup violation of -1.012 ns between execute/r2AddrSv_reg[2]/C (clocked by clk) and gPerceptron.bPredict/btbTgt_reg_192_255_18_20/RAMB/WE (clocked by clk). Large setup violations at the end of those stages might be difficult to fix during the post-placement implementation flow and could be the result of non-optimal XDC constraints or non-optimal design architecture
Related violations: <none>

TIMING-16#20 Warning
Large setup violation  
There is a large setup violation of -1.012 ns between execute/r2AddrSv_reg[2]/C (clocked by clk) and gPerceptron.bPredict/btbTgt_reg_192_255_18_20/RAMC/WE (clocked by clk). Large setup violations at the end of those stages might be difficult to fix during the post-placement implementation flow and could be the result of non-optimal XDC constraints or non-optimal design architecture
Related violations: <none>

TIMING-16#21 Warning
Large setup violation  
There is a large setup violation of -1.012 ns between execute/r2AddrSv_reg[2]/C (clocked by clk) and gPerceptron.bPredict/btbTgt_reg_192_255_18_20/RAMD/WE (clocked by clk). Large setup violations at the end of those stages might be difficult to fix during the post-placement implementation flow and could be the result of non-optimal XDC constraints or non-optimal design architecture
Related violations: <none>

TIMING-16#22 Warning
Large setup violation  
There is a large setup violation of -1.013 ns between execute/r2AddrSv_reg[2]/C (clocked by clk) and gPerceptron.bPredict/btbCount_reg_128_255_0_0/SP.HIGH/I (clocked by clk). Large setup violations at the end of those stages might be difficult to fix during the post-placement implementation flow and could be the result of non-optimal XDC constraints or non-optimal design architecture
Related violations: <none>

TIMING-16#23 Warning
Large setup violation  
There is a large setup violation of -1.014 ns between execute/r2AddrSv_reg[2]/C (clocked by clk) and gPerceptron.bPredict/btbTgt_reg_64_127_12_14/RAMA/WE (clocked by clk). Large setup violations at the end of those stages might be difficult to fix during the post-placement implementation flow and could be the result of non-optimal XDC constraints or non-optimal design architecture
Related violations: <none>

TIMING-16#24 Warning
Large setup violation  
There is a large setup violation of -1.014 ns between execute/r2AddrSv_reg[2]/C (clocked by clk) and gPerceptron.bPredict/btbTgt_reg_64_127_12_14/RAMB/WE (clocked by clk). Large setup violations at the end of those stages might be difficult to fix during the post-placement implementation flow and could be the result of non-optimal XDC constraints or non-optimal design architecture
Related violations: <none>

TIMING-16#25 Warning
Large setup violation  
There is a large setup violation of -1.014 ns between execute/r2AddrSv_reg[2]/C (clocked by clk) and gPerceptron.bPredict/btbTgt_reg_64_127_12_14/RAMC/WE (clocked by clk). Large setup violations at the end of those stages might be difficult to fix during the post-placement implementation flow and could be the result of non-optimal XDC constraints or non-optimal design architecture
Related violations: <none>

TIMING-16#26 Warning
Large setup violation  
There is a large setup violation of -1.014 ns between execute/r2AddrSv_reg[2]/C (clocked by clk) and gPerceptron.bPredict/btbTgt_reg_64_127_12_14/RAMD/WE (clocked by clk). Large setup violations at the end of those stages might be difficult to fix during the post-placement implementation flow and could be the result of non-optimal XDC constraints or non-optimal design architecture
Related violations: <none>

TIMING-16#27 Warning
Large setup violation  
There is a large setup violation of -1.016 ns between execute/r2AddrSv_reg[2]/C (clocked by clk) and fetch/pc_reg[3]_rep__3/D (clocked by clk). Large setup violations at the end of those stages might be difficult to fix during the post-placement implementation flow and could be the result of non-optimal XDC constraints or non-optimal design architecture
Related violations: <none>

TIMING-16#28 Warning
Large setup violation  
There is a large setup violation of -1.018 ns between execute/r2AddrSv_reg[2]/C (clocked by clk) and gPerceptron.bPredict/btbTag_reg_0_127_12_12/DP.HIGH/WE (clocked by clk). Large setup violations at the end of those stages might be difficult to fix during the post-placement implementation flow and could be the result of non-optimal XDC constraints or non-optimal design architecture
Related violations: <none>

TIMING-16#29 Warning
Large setup violation  
There is a large setup violation of -1.018 ns between execute/r2AddrSv_reg[2]/C (clocked by clk) and gPerceptron.bPredict/btbTag_reg_0_127_12_12/DP.LOW/WE (clocked by clk). Large setup violations at the end of those stages might be difficult to fix during the post-placement implementation flow and could be the result of non-optimal XDC constraints or non-optimal design architecture
Related violations: <none>

TIMING-16#30 Warning
Large setup violation  
There is a large setup violation of -1.018 ns between execute/r2AddrSv_reg[2]/C (clocked by clk) and gPerceptron.bPredict/btbTag_reg_0_127_12_12/SP.HIGH/WE (clocked by clk). Large setup violations at the end of those stages might be difficult to fix during the post-placement implementation flow and could be the result of non-optimal XDC constraints or non-optimal design architecture
Related violations: <none>

TIMING-16#31 Warning
Large setup violation  
There is a large setup violation of -1.018 ns between execute/r2AddrSv_reg[2]/C (clocked by clk) and gPerceptron.bPredict/btbTag_reg_0_127_12_12/SP.LOW/WE (clocked by clk). Large setup violations at the end of those stages might be difficult to fix during the post-placement implementation flow and could be the result of non-optimal XDC constraints or non-optimal design architecture
Related violations: <none>

TIMING-16#32 Warning
Large setup violation  
There is a large setup violation of -1.019 ns between execute/r2AddrSv_reg[2]/C (clocked by clk) and fetch/pc_reg[5]_rep__2/D (clocked by clk). Large setup violations at the end of those stages might be difficult to fix during the post-placement implementation flow and could be the result of non-optimal XDC constraints or non-optimal design architecture
Related violations: <none>

TIMING-16#33 Warning
Large setup violation  
There is a large setup violation of -1.019 ns between execute/r2AddrSv_reg[2]/C (clocked by clk) and gPerceptron.bPredict/btbCount_reg_0_127_0_0/DP.HIGH/I (clocked by clk). Large setup violations at the end of those stages might be difficult to fix during the post-placement implementation flow and could be the result of non-optimal XDC constraints or non-optimal design architecture
Related violations: <none>

TIMING-16#34 Warning
Large setup violation  
There is a large setup violation of -1.019 ns between execute/r2AddrSv_reg[2]/C (clocked by clk) and gPerceptron.bPredict/btbTag_reg_0_127_8_8/DP.HIGH/WE (clocked by clk). Large setup violations at the end of those stages might be difficult to fix during the post-placement implementation flow and could be the result of non-optimal XDC constraints or non-optimal design architecture
Related violations: <none>

TIMING-16#35 Warning
Large setup violation  
There is a large setup violation of -1.019 ns between execute/r2AddrSv_reg[2]/C (clocked by clk) and gPerceptron.bPredict/btbTag_reg_0_127_8_8/DP.LOW/WE (clocked by clk). Large setup violations at the end of those stages might be difficult to fix during the post-placement implementation flow and could be the result of non-optimal XDC constraints or non-optimal design architecture
Related violations: <none>

TIMING-16#36 Warning
Large setup violation  
There is a large setup violation of -1.019 ns between execute/r2AddrSv_reg[2]/C (clocked by clk) and gPerceptron.bPredict/btbTag_reg_0_127_8_8/SP.HIGH/WE (clocked by clk). Large setup violations at the end of those stages might be difficult to fix during the post-placement implementation flow and could be the result of non-optimal XDC constraints or non-optimal design architecture
Related violations: <none>

TIMING-16#37 Warning
Large setup violation  
There is a large setup violation of -1.019 ns between execute/r2AddrSv_reg[2]/C (clocked by clk) and gPerceptron.bPredict/btbTag_reg_0_127_8_8/SP.LOW/WE (clocked by clk). Large setup violations at the end of those stages might be difficult to fix during the post-placement implementation flow and could be the result of non-optimal XDC constraints or non-optimal design architecture
Related violations: <none>

TIMING-16#38 Warning
Large setup violation  
There is a large setup violation of -1.021 ns between execute/r2AddrSv_reg[2]/C (clocked by clk) and fetch/pc_reg[5]_rep/D (clocked by clk). Large setup violations at the end of those stages might be difficult to fix during the post-placement implementation flow and could be the result of non-optimal XDC constraints or non-optimal design architecture
Related violations: <none>

TIMING-16#39 Warning
Large setup violation  
There is a large setup violation of -1.025 ns between execute/r2AddrSv_reg[2]/C (clocked by clk) and fetch/pc_reg[5]_rep__3/D (clocked by clk). Large setup violations at the end of those stages might be difficult to fix during the post-placement implementation flow and could be the result of non-optimal XDC constraints or non-optimal design architecture
Related violations: <none>

TIMING-16#40 Warning
Large setup violation  
There is a large setup violation of -1.027 ns between execute/r2AddrSv_reg[2]/C (clocked by clk) and fetch/pc_reg[5]/D (clocked by clk). Large setup violations at the end of those stages might be difficult to fix during the post-placement implementation flow and could be the result of non-optimal XDC constraints or non-optimal design architecture
Related violations: <none>

TIMING-16#41 Warning
Large setup violation  
There is a large setup violation of -1.027 ns between execute/r2AddrSv_reg[2]/C (clocked by clk) and fetch/pc_reg[5]_rep__4_replica/D (clocked by clk). Large setup violations at the end of those stages might be difficult to fix during the post-placement implementation flow and could be the result of non-optimal XDC constraints or non-optimal design architecture
Related violations: <none>

TIMING-16#42 Warning
Large setup violation  
There is a large setup violation of -1.028 ns between execute/r2AddrSv_reg[2]/C (clocked by clk) and decode/instrSv_reg[17]/R (clocked by clk). Large setup violations at the end of those stages might be difficult to fix during the post-placement implementation flow and could be the result of non-optimal XDC constraints or non-optimal design architecture
Related violations: <none>

TIMING-16#43 Warning
Large setup violation  
There is a large setup violation of -1.028 ns between execute/r2AddrSv_reg[2]/C (clocked by clk) and decode/instrSv_reg[31]/R (clocked by clk). Large setup violations at the end of those stages might be difficult to fix during the post-placement implementation flow and could be the result of non-optimal XDC constraints or non-optimal design architecture
Related violations: <none>

TIMING-16#44 Warning
Large setup violation  
There is a large setup violation of -1.028 ns between execute/r2AddrSv_reg[2]/C (clocked by clk) and decode/instrSv_reg[4]/R (clocked by clk). Large setup violations at the end of those stages might be difficult to fix during the post-placement implementation flow and could be the result of non-optimal XDC constraints or non-optimal design architecture
Related violations: <none>

TIMING-16#45 Warning
Large setup violation  
There is a large setup violation of -1.028 ns between execute/r2AddrSv_reg[2]/C (clocked by clk) and gPerceptron.bPredict/gOvr.dPart_reg[3][5]/R (clocked by clk). Large setup violations at the end of those stages might be difficult to fix during the post-placement implementation flow and could be the result of non-optimal XDC constraints or non-optimal design architecture
Related violations: <none>

TIMING-16#46 Warning
Large setup violation  
There is a large setup violation of -1.029 ns between execute/r2AddrSv_reg[2]/C (clocked by clk) and gPerceptron.bPredict/btbTag_reg_0_127_20_20/DP.HIGH/WE (clocked by clk). Large setup violations at the end of those stages might be difficult to fix during the post-placement implementation flow and could be the result of non-optimal XDC constraints or non-optimal design architecture
Related violations: <none>

TIMING-16#47 Warning
Large setup violation  
There is a large setup violation of -1.029 ns between execute/r2AddrSv_reg[2]/C (clocked by clk) and gPerceptron.bPredict/btbTag_reg_0_127_20_20/DP.LOW/WE (clocked by clk). Large setup violations at the end of those stages might be difficult to fix during the post-placement implementation flow and could be the result of non-optimal XDC constraints or non-optimal design architecture
Related violations: <none>

TIMING-16#48 Warning
Large setup violation  
There is a large setup violation of -1.029 ns between execute/r2AddrSv_reg[2]/C (clocked by clk) and gPerceptron.bPredict/btbTag_reg_0_127_20_20/SP.HIGH/WE (clocked by clk). Large setup violations at the end of those stages might be difficult to fix during the post-placement implementation flow and could be the result of non-optimal XDC constraints or non-optimal design architecture
Related violations: <none>

TIMING-16#49 Warning
Large setup violation  
There is a large setup violation of -1.029 ns between execute/r2AddrSv_reg[2]/C (clocked by clk) and gPerceptron.bPredict/btbTag_reg_0_127_20_20/SP.LOW/WE (clocked by clk). Large setup violations at the end of those stages might be difficult to fix during the post-placement implementation flow and could be the result of non-optimal XDC constraints or non-optimal design architecture
Related violations: <none>

TIMING-16#50 Warning
Large setup violation  
There is a large setup violation of -1.029 ns between execute/r2AddrSv_reg[2]/C (clocked by clk) and gPerceptron.bPredict/btbTag_reg_128_255_21_21/DP.HIGH/WE (clocked by clk). Large setup violations at the end of those stages might be difficult to fix during the post-placement implementation flow and could be the result of non-optimal XDC constraints or non-optimal design architecture
Related violations: <none>

TIMING-16#51 Warning
Large setup violation  
There is a large setup violation of -1.029 ns between execute/r2AddrSv_reg[2]/C (clocked by clk) and gPerceptron.bPredict/btbTag_reg_128_255_21_21/DP.LOW/WE (clocked by clk). Large setup violations at the end of those stages might be difficult to fix during the post-placement implementation flow and could be the result of non-optimal XDC constraints or non-optimal design architecture
Related violations: <none>

TIMING-16#52 Warning
Large setup violation  
There is a large setup violation of -1.029 ns between execute/r2AddrSv_reg[2]/C (clocked by clk) and gPerceptron.bPredict/btbTag_reg_128_255_21_21/SP.HIGH/WE (clocked by clk). Large setup violations at the end of those stages might be difficult to fix during the post-placement implementation flow and could be the result of non-optimal XDC constraints or non-optimal design architecture
Related violations: <none>

TIMING-16#53 Warning
Large setup violation  
There is a large setup violation of -1.029 ns between execute/r2AddrSv_reg[2]/C (clocked by clk) and gPerceptron.bPredict/btbTag_reg_128_255_21_21/SP.LOW/WE (clocked by clk). Large setup violations at the end of those stages might be difficult to fix during the post-placement implementation flow and could be the result of non-optimal XDC constraints or non-optimal design architecture
Related violations: <none>

TIMING-16#54 Warning
Large setup violation  
There is a large setup violation of -1.029 ns between execute/r2AddrSv_reg[2]/C (clocked by clk) and gPerceptron.bPredict/btbTgt_reg_0_63_3_5/RAMA/WE (clocked by clk). Large setup violations at the end of those stages might be difficult to fix during the post-placement implementation flow and could be the result of non-optimal XDC constraints or non-optimal design architecture
Related violations: <none>

TIMING-16#55 Warning
Large setup violation  
There is a large setup violation of -1.029 ns between execute/r2AddrSv_reg[2]/C (clocked by clk) and gPerceptron.bPredict/btbTgt_reg_0_63_3_5/RAMB/WE (clocked by clk). Large setup violations at the end of those stages might be difficult to fix during the post-placement implementation flow and could be the result of non-optimal XDC constraints or non-optimal design architecture
Related violations: <none>

TIMING-16#56 Warning
Large setup violation  
There is a large setup violation of -1.029 ns between execute/r2AddrSv_reg[2]/C (clocked by clk) and gPerceptron.bPredict/btbTgt_reg_0_63_3_5/RAMC/WE (clocked by clk). Large setup violations at the end of those stages might be difficult to fix during the post-placement implementation flow and could be the result of non-optimal XDC constraints or non-optimal design architecture
Related violations: <none>

TIMING-16#57 Warning
Large setup violation  
There is a large setup violation of -1.029 ns between execute/r2AddrSv_reg[2]/C (clocked by clk) and gPerceptron.bPredict/btbTgt_reg_0_63_3_5/RAMD/WE (clocked by clk). Large setup violations at the end of those stages might be difficult to fix during the post-placement implementation flow and could be the result of non-optimal XDC constraints or non-optimal design architecture
Related violations: <none>

TIMING-16#58 Warning
Large setup violation  
There is a large setup violation of -1.031 ns between execute/r2AddrSv_reg[2]/C (clocked by clk) and gPerceptron.bPredict/btbTgt_reg_64_127_0_2/RAMA/WE (clocked by clk). Large setup violations at the end of those stages might be difficult to fix during the post-placement implementation flow and could be the result of non-optimal XDC constraints or non-optimal design architecture
Related violations: <none>

TIMING-16#59 Warning
Large setup violation  
There is a large setup violation of -1.031 ns between execute/r2AddrSv_reg[2]/C (clocked by clk) and gPerceptron.bPredict/btbTgt_reg_64_127_0_2/RAMB/WE (clocked by clk). Large setup violations at the end of those stages might be difficult to fix during the post-placement implementation flow and could be the result of non-optimal XDC constraints or non-optimal design architecture
Related violations: <none>

TIMING-16#60 Warning
Large setup violation  
There is a large setup violation of -1.031 ns between execute/r2AddrSv_reg[2]/C (clocked by clk) and gPerceptron.bPredict/btbTgt_reg_64_127_0_2/RAMC/WE (clocked by clk). Large setup violations at the end of those stages might be difficult to fix during the post-placement implementation flow and could be the result of non-optimal XDC constraints or non-optimal design architecture
Related violations: <none>

TIMING-16#61 Warning
Large setup violation  
There is a large setup violation of -1.031 ns between execute/r2AddrSv_reg[2]/C (clocked by clk) and gPerceptron.bPredict/btbTgt_reg_64_127_0_2/RAMD/WE (clocked by clk). Large setup violations at the end of those stages might be difficult to fix during the post-placement implementation flow and could be the result of non-optimal XDC constraints or non-optimal design architecture
Related violations: <none>

TIMING-16#62 Warning
Large setup violation  
There is a large setup violation of -1.034 ns between execute/r2AddrSv_reg[2]/C (clocked by clk) and gPerceptron.bPredict/btbTgt_reg_64_127_6_8/RAMA/WE (clocked by clk). Large setup violations at the end of those stages might be difficult to fix during the post-placement implementation flow and could be the result of non-optimal XDC constraints or non-optimal design architecture
Related violations: <none>

TIMING-16#63 Warning
Large setup violation  
There is a large setup violation of -1.034 ns between execute/r2AddrSv_reg[2]/C (clocked by clk) and gPerceptron.bPredict/btbTgt_reg_64_127_6_8/RAMB/WE (clocked by clk). Large setup violations at the end of those stages might be difficult to fix during the post-placement implementation flow and could be the result of non-optimal XDC constraints or non-optimal design architecture
Related violations: <none>

TIMING-16#64 Warning
Large setup violation  
There is a large setup violation of -1.034 ns between execute/r2AddrSv_reg[2]/C (clocked by clk) and gPerceptron.bPredict/btbTgt_reg_64_127_6_8/RAMC/WE (clocked by clk). Large setup violations at the end of those stages might be difficult to fix during the post-placement implementation flow and could be the result of non-optimal XDC constraints or non-optimal design architecture
Related violations: <none>

TIMING-16#65 Warning
Large setup violation  
There is a large setup violation of -1.034 ns between execute/r2AddrSv_reg[2]/C (clocked by clk) and gPerceptron.bPredict/btbTgt_reg_64_127_6_8/RAMD/WE (clocked by clk). Large setup violations at the end of those stages might be difficult to fix during the post-placement implementation flow and could be the result of non-optimal XDC constraints or non-optimal design architecture
Related violations: <none>

TIMING-16#66 Warning
Large setup violation  
There is a large setup violation of -1.036 ns between execute/r2AddrSv_reg[2]/C (clocked by clk) and gPerceptron.bPredict/btbTag_reg_0_127_21_21/DP.HIGH/WE (clocked by clk). Large setup violations at the end of those stages might be difficult to fix during the post-placement implementation flow and could be the result of non-optimal XDC constraints or non-optimal design architecture
Related violations: <none>

TIMING-16#67 Warning
Large setup violation  
There is a large setup violation of -1.036 ns between execute/r2AddrSv_reg[2]/C (clocked by clk) and gPerceptron.bPredict/btbTag_reg_0_127_21_21/DP.LOW/WE (clocked by clk). Large setup violations at the end of those stages might be difficult to fix during the post-placement implementation flow and could be the result of non-optimal XDC constraints or non-optimal design architecture
Related violations: <none>

TIMING-16#68 Warning
Large setup violation  
There is a large setup violation of -1.036 ns between execute/r2AddrSv_reg[2]/C (clocked by clk) and gPerceptron.bPredict/btbTag_reg_0_127_21_21/SP.HIGH/WE (clocked by clk). Large setup violations at the end of those stages might be difficult to fix during the post-placement implementation flow and could be the result of non-optimal XDC constraints or non-optimal design architecture
Related violations: <none>

TIMING-16#69 Warning
Large setup violation  
There is a large setup violation of -1.036 ns between execute/r2AddrSv_reg[2]/C (clocked by clk) and gPerceptron.bPredict/btbTag_reg_0_127_21_21/SP.LOW/WE (clocked by clk). Large setup violations at the end of those stages might be difficult to fix during the post-placement implementation flow and could be the result of non-optimal XDC constraints or non-optimal design architecture
Related violations: <none>

TIMING-16#70 Warning
Large setup violation  
There is a large setup violation of -1.038 ns between execute/r2AddrSv_reg[2]/C (clocked by clk) and fetch/pc_reg[5]_rep__0_replica/D (clocked by clk). Large setup violations at the end of those stages might be difficult to fix during the post-placement implementation flow and could be the result of non-optimal XDC constraints or non-optimal design architecture
Related violations: <none>

TIMING-16#71 Warning
Large setup violation  
There is a large setup violation of -1.039 ns between execute/r2AddrSv_reg[2]/C (clocked by clk) and fetch/pc_reg[3]_rep__4/D (clocked by clk). Large setup violations at the end of those stages might be difficult to fix during the post-placement implementation flow and could be the result of non-optimal XDC constraints or non-optimal design architecture
Related violations: <none>

TIMING-16#72 Warning
Large setup violation  
There is a large setup violation of -1.040 ns between execute/r2AddrSv_reg[2]/C (clocked by clk) and decode/pcSv_reg[17]/R (clocked by clk). Large setup violations at the end of those stages might be difficult to fix during the post-placement implementation flow and could be the result of non-optimal XDC constraints or non-optimal design architecture
Related violations: <none>

TIMING-16#73 Warning
Large setup violation  
There is a large setup violation of -1.040 ns between execute/r2AddrSv_reg[2]/C (clocked by clk) and gPerceptron.bPredict/gOvr.dGhr_reg[11]/R (clocked by clk). Large setup violations at the end of those stages might be difficult to fix during the post-placement implementation flow and could be the result of non-optimal XDC constraints or non-optimal design architecture
Related violations: <none>

TIMING-16#74 Warning
Large setup violation  
There is a large setup violation of -1.040 ns between execute/r2AddrSv_reg[2]/C (clocked by clk) and gPerceptron.bPredict/gOvr.dGhr_reg[17]/R (clocked by clk). Large setup violations at the end of those stages might be difficult to fix during the post-placement implementation flow and could be the result of non-optimal XDC constraints or non-optimal design architecture
Related violations: <none>

TIMING-16#75 Warning
Large setup violation  
There is a large setup violation of -1.040 ns between execute/r2AddrSv_reg[2]/C (clocked by clk) and gPerceptron.bPredict/gOvr.dGhr_reg[1]/R (clocked by clk). Large setup violations at the end of those stages might be difficult to fix during the post-placement implementation flow and could be the result of non-optimal XDC constraints or non-optimal design architecture
Related violations: <none>

TIMING-16#76 Warning
Large setup violation  
There is a large setup violation of -1.040 ns between execute/r2AddrSv_reg[2]/C (clocked by clk) and gPerceptron.bPredict/gOvr.dPcPlus4_reg[10]/R (clocked by clk). Large setup violations at the end of those stages might be difficult to fix during the post-placement implementation flow and could be the result of non-optimal XDC constraints or non-optimal design architecture
Related violations: <none>

TIMING-16#77 Warning
Large setup violation  
There is a large setup violation of -1.040 ns between execute/r2AddrSv_reg[2]/C (clocked by clk) and gPerceptron.bPredict/gOvr.dPcPlus4_reg[11]/R (clocked by clk). Large setup violations at the end of those stages might be difficult to fix during the post-placement implementation flow and could be the result of non-optimal XDC constraints or non-optimal design architecture
Related violations: <none>

TIMING-16#78 Warning
Large setup violation  
There is a large setup violation of -1.040 ns between execute/r2AddrSv_reg[2]/C (clocked by clk) and gPerceptron.bPredict/gOvr.dPcPlus4_reg[12]/R (clocked by clk). Large setup violations at the end of those stages might be difficult to fix during the post-placement implementation flow and could be the result of non-optimal XDC constraints or non-optimal design architecture
Related violations: <none>

TIMING-16#79 Warning
Large setup violation  
There is a large setup violation of -1.040 ns between execute/r2AddrSv_reg[2]/C (clocked by clk) and gPerceptron.bPredict/gOvr.dPcPlus4_reg[9]/R (clocked by clk). Large setup violations at the end of those stages might be difficult to fix during the post-placement implementation flow and could be the result of non-optimal XDC constraints or non-optimal design architecture
Related violations: <none>

TIMING-16#80 Warning
Large setup violation  
There is a large setup violation of -1.043 ns between execute/r2AddrSv_reg[2]/C (clocked by clk) and gPerceptron.bPredict/ghrSpec_reg[9]/D (clocked by clk). Large setup violations at the end of those stages might be difficult to fix during the post-placement implementation flow and could be the result of non-optimal XDC constraints or non-optimal design architecture
Related violations: <none>

TIMING-16#81 Warning
Large setup violation  
There is a large setup violation of -1.044 ns between execute/r2AddrSv_reg[2]/C (clocked by clk) and decode/pcPlus4Sv_reg[5]/R (clocked by clk). Large setup violations at the end of those stages might be difficult to fix during the post-placement implementation flow and could be the result of non-optimal XDC constraints or non-optimal design architecture
Related violations: <none>

TIMING-16#82 Warning
Large setup violation  
There is a large setup violation of -1.044 ns between execute/r2AddrSv_reg[2]/C (clocked by clk) and decode/pcPlus4Sv_reg[6]/R (clocked by clk). Large setup violations at the end of those stages might be difficult to fix during the post-placement implementation flow and could be the result of non-optimal XDC constraints or non-optimal design architecture
Related violations: <none>

TIMING-16#83 Warning
Large setup violation  
There is a large setup violation of -1.044 ns between execute/r2AddrSv_reg[2]/C (clocked by clk) and decode/pcPlus4Sv_reg[7]/R (clocked by clk). Large setup violations at the end of those stages might be difficult to fix during the post-placement implementation flow and could be the result of non-optimal XDC constraints or non-optimal design architecture
Related violations: <none>

TIMING-16#84 Warning
Large setup violation  
There is a large setup violation of -1.044 ns between execute/r2AddrSv_reg[2]/C (clocked by clk) and decode/pcPlus4Sv_reg[8]/R (clocked by clk). Large setup violations at the end of those stages might be difficult to fix during the post-placement implementation flow and could be the result of non-optimal XDC constraints or non-optimal design architecture
Related violations: <none>

TIMING-16#85 Warning
Large setup violation  
There is a large setup violation of -1.045 ns between execute/r2AddrSv_reg[2]/C (clocked by clk) and gPerceptron.bPredict/btbTag_reg_0_127_19_19/DP.HIGH/WE (clocked by clk). Large setup violations at the end of those stages might be difficult to fix during the post-placement implementation flow and could be the result of non-optimal XDC constraints or non-optimal design architecture
Related violations: <none>

TIMING-16#86 Warning
Large setup violation  
There is a large setup violation of -1.045 ns between execute/r2AddrSv_reg[2]/C (clocked by clk) and gPerceptron.bPredict/btbTag_reg_0_127_19_19/DP.LOW/WE (clocked by clk). Large setup violations at the end of those stages might be difficult to fix during the post-placement implementation flow and could be the result of non-optimal XDC constraints or non-optimal design architecture
Related violations: <none>

TIMING-16#87 Warning
Large setup violation  
There is a large setup violation of -1.045 ns between execute/r2AddrSv_reg[2]/C (clocked by clk) and gPerceptron.bPredict/btbTag_reg_0_127_19_19/SP.HIGH/WE (clocked by clk). Large setup violations at the end of those stages might be difficult to fix during the post-placement implementation flow and could be the result of non-optimal XDC constraints or non-optimal design architecture
Related violations: <none>

TIMING-16#88 Warning
Large setup violation  
There is a large setup violation of -1.045 ns between execute/r2AddrSv_reg[2]/C (clocked by clk) and gPerceptron.bPredict/btbTag_reg_0_127_19_19/SP.LOW/WE (clocked by clk). Large setup violations at the end of those stages might be difficult to fix during the post-placement implementation flow and could be the result of non-optimal XDC constraints or non-optimal design architecture
Related violations: <none>

TIMING-16#89 Warning
Large setup violation  
There is a large setup violation of -1.045 ns between execute/r2AddrSv_reg[2]/C (clocked by clk) and gPerceptron.bPredict/btbTag_reg_0_127_22_22/DP.HIGH/WE (clocked by clk). Large setup violations at the end of those stages might be difficult to fix during the post-placement implementation flow and could be the result of non-optimal XDC constraints or non-optimal design architecture
Related violations: <none>

TIMING-16#90 Warning
Large setup violation  
There is a large setup violation of -1.045 ns between execute/r2AddrSv_reg[2]/C (clocked by clk) and gPerceptron.bPredict/btbTag_reg_0_127_22_22/DP.LOW/WE (clocked by clk). Large setup violations at the end of those stages might be difficult to fix during the post-placement implementation flow and could be the result of non-optimal XDC constraints or non-optimal design architecture
Related violations: <none>

TIMING-16#91 Warning
Large setup violation  
There is a large setup violation of -1.045 ns between execute/r2AddrSv_reg[2]/C (clocked by clk) and gPerceptron.bPredict/btbTag_reg_0_127_22_22/SP.HIGH/WE (clocked by clk). Large setup violations at the end of those stages might be difficult to fix during the post-placement implementation flow and could be the result of non-optimal XDC constraints or non-optimal design architecture
Related violations: <none>

TIMING-16#92 Warning
Large setup violation  
There is a large setup violation of -1.045 ns between execute/r2AddrSv_reg[2]/C (clocked by clk) and gPerceptron.bPredict/btbTag_reg_0_127_22_22/SP.LOW/WE (clocked by clk). Large setup violations at the end of those stages might be difficult to fix during the post-placement implementation flow and could be the result of non-optimal XDC constraints or non-optimal design architecture
Related violations: <none>

TIMING-16#93 Warning
Large setup violation  
There is a large setup violation of -1.045 ns between execute/r2AddrSv_reg[2]/C (clocked by clk) and gPerceptron.bPredict/btbTgt_reg_64_127_27_29/RAMA/WE (clocked by clk). Large setup violations at the end of those stages might be difficult to fix during the post-placement implementation flow and could be the result of non-optimal XDC constraints or non-optimal design architecture
Related violations: <none>

TIMING-16#94 Warning
Large setup violation  
There is a large setup violation of -1.045 ns between execute/r2AddrSv_reg[2]/C (clocked by clk) and gPerceptron.bPredict/btbTgt_reg_64_127_27_29/RAMB/WE (clocked by clk). Large setup violations at the end of those stages might be difficult to fix during the post-placement implementation flow and could be the result of non-optimal XDC constraints or non-optimal design architecture
Related violations: <none>

TIMING-16#95 Warning
Large setup violation  
There is a large setup violation of -1.045 ns between execute/r2AddrSv_reg[2]/C (clocked by clk) and gPerceptron.bPredict/btbTgt_reg_64_127_27_29/RAMC/WE (clocked by clk). Large setup violations at the end of those stages might be difficult to fix during the post-placement implementation flow and could be the result of non-optimal XDC constraints or non-optimal design architecture
Related violations: <none>

TIMING-16#96 Warning
Large setup violation  
There is a large setup violation of -1.045 ns between execute/r2AddrSv_reg[2]/C (clocked by clk) and gPerceptron.bPredict/btbTgt_reg_64_127_27_29/RAMD/WE (clocked by clk). Large setup violations at the end of those stages might be difficult to fix during the post-placement implementation flow and could be the result of non-optimal XDC constraints or non-optimal design architecture
Related violations: <none>

TIMING-16#97 Warning
Large setup violation  
There is a large setup violation of -1.047 ns between execute/r2AddrSv_reg[2]/C (clocked by clk) and execute/bpBusSv_reg[24]/R (clocked by clk). Large setup violations at the end of those stages might be difficult to fix during the post-placement implementation flow and could be the result of non-optimal XDC constraints or non-optimal design architecture
Related violations: <none>

TIMING-16#98 Warning
Large setup violation  
There is a large setup violation of -1.047 ns between execute/r2AddrSv_reg[2]/C (clocked by clk) and execute/pcPlus4Sv_reg[12]/R (clocked by clk). Large setup violations at the end of those stages might be difficult to fix during the post-placement implementation flow and could be the result of non-optimal XDC constraints or non-optimal design architecture
Related violations: <none>

TIMING-16#99 Warning
Large setup violation  
There is a large setup violation of -1.047 ns between execute/r2AddrSv_reg[2]/C (clocked by clk) and execute/pcSv_reg[0]/R (clocked by clk). Large setup violations at the end of those stages might be difficult to fix during the post-placement implementation flow and could be the result of non-optimal XDC constraints or non-optimal design architecture
Related violations: <none>

TIMING-16#100 Warning
Large setup violation  
There is a large setup violation of -1.047 ns between execute/r2AddrSv_reg[2]/C (clocked by clk) and execute/pcSv_reg[16]/R (clocked by clk). Large setup violations at the end of those stages might be difficult to fix during the post-placement implementation flow and could be the result of non-optimal XDC constraints or non-optimal design architecture
Related violations: <none>

TIMING-16#101 Warning
Large setup violation  
There is a large setup violation of -1.047 ns between execute/r2AddrSv_reg[2]/C (clocked by clk) and execute/pcSv_reg[21]/R (clocked by clk). Large setup violations at the end of those stages might be difficult to fix during the post-placement implementation flow and could be the result of non-optimal XDC constraints or non-optimal design architecture
Related violations: <none>

TIMING-16#102 Warning
Large setup violation  
There is a large setup violation of -1.047 ns between execute/r2AddrSv_reg[2]/C (clocked by clk) and execute/pcSv_reg[23]/R (clocked by clk). Large setup violations at the end of those stages might be difficult to fix during the post-placement implementation flow and could be the result of non-optimal XDC constraints or non-optimal design architecture
Related violations: <none>

TIMING-16#103 Warning
Large setup violation  
There is a large setup violation of -1.051 ns between execute/r2AddrSv_reg[2]/C (clocked by clk) and gPerceptron.bPredict/btbUncond_reg_128_255_0_0/DP.HIGH/WE (clocked by clk). Large setup violations at the end of those stages might be difficult to fix during the post-placement implementation flow and could be the result of non-optimal XDC constraints or non-optimal design architecture
Related violations: <none>

TIMING-16#104 Warning
Large setup violation  
There is a large setup violation of -1.051 ns between execute/r2AddrSv_reg[2]/C (clocked by clk) and gPerceptron.bPredict/btbUncond_reg_128_255_0_0/DP.LOW/WE (clocked by clk). Large setup violations at the end of those stages might be difficult to fix during the post-placement implementation flow and could be the result of non-optimal XDC constraints or non-optimal design architecture
Related violations: <none>

TIMING-16#105 Warning
Large setup violation  
There is a large setup violation of -1.051 ns between execute/r2AddrSv_reg[2]/C (clocked by clk) and gPerceptron.bPredict/btbUncond_reg_128_255_0_0/SP.HIGH/WE (clocked by clk). Large setup violations at the end of those stages might be difficult to fix during the post-placement implementation flow and could be the result of non-optimal XDC constraints or non-optimal design architecture
Related violations: <none>

TIMING-16#106 Warning
Large setup violation  
There is a large setup violation of -1.051 ns between execute/r2AddrSv_reg[2]/C (clocked by clk) and gPerceptron.bPredict/btbUncond_reg_128_255_0_0/SP.LOW/WE (clocked by clk). Large setup violations at the end of those stages might be difficult to fix during the post-placement implementation flow and could be the result of non-optimal XDC constraints or non-optimal design architecture
Related violations: <none>

TIMING-16#107 Warning
Large setup violation  
There is a large setup violation of -1.051 ns between execute/r2AddrSv_reg[2]/C (clocked by clk) and gPerceptron.bPredict/ghrSpec_reg[5]/D (clocked by clk). Large setup violations at the end of those stages might be difficult to fix during the post-placement implementation flow and could be the result of non-optimal XDC constraints or non-optimal design architecture
Related violations: <none>

TIMING-16#108 Warning
Large setup violation  
There is a large setup violation of -1.052 ns between execute/r2AddrSv_reg[2]/C (clocked by clk) and fetch/pc_reg[27]/D (clocked by clk). Large setup violations at the end of those stages might be difficult to fix during the post-placement implementation flow and could be the result of non-optimal XDC constraints or non-optimal design architecture
Related violations: <none>

TIMING-16#109 Warning
Large setup violation  
There is a large setup violation of -1.052 ns between execute/r2AddrSv_reg[2]/C (clocked by clk) and gPerceptron.bPredict/btbTgt_reg_0_63_6_8/RAMA/WE (clocked by clk). Large setup violations at the end of those stages might be difficult to fix during the post-placement implementation flow and could be the result of non-optimal XDC constraints or non-optimal design architecture
Related violations: <none>

TIMING-16#110 Warning
Large setup violation  
There is a large setup violation of -1.052 ns between execute/r2AddrSv_reg[2]/C (clocked by clk) and gPerceptron.bPredict/btbTgt_reg_0_63_6_8/RAMB/WE (clocked by clk). Large setup violations at the end of those stages might be difficult to fix during the post-placement implementation flow and could be the result of non-optimal XDC constraints or non-optimal design architecture
Related violations: <none>

TIMING-16#111 Warning
Large setup violation  
There is a large setup violation of -1.052 ns between execute/r2AddrSv_reg[2]/C (clocked by clk) and gPerceptron.bPredict/btbTgt_reg_0_63_6_8/RAMC/WE (clocked by clk). Large setup violations at the end of those stages might be difficult to fix during the post-placement implementation flow and could be the result of non-optimal XDC constraints or non-optimal design architecture
Related violations: <none>

TIMING-16#112 Warning
Large setup violation  
There is a large setup violation of -1.052 ns between execute/r2AddrSv_reg[2]/C (clocked by clk) and gPerceptron.bPredict/btbTgt_reg_0_63_6_8/RAMD/WE (clocked by clk). Large setup violations at the end of those stages might be difficult to fix during the post-placement implementation flow and could be the result of non-optimal XDC constraints or non-optimal design architecture
Related violations: <none>

TIMING-16#113 Warning
Large setup violation  
There is a large setup violation of -1.053 ns between execute/r2AddrSv_reg[2]/C (clocked by clk) and fetch/pc_reg[31]/D (clocked by clk). Large setup violations at the end of those stages might be difficult to fix during the post-placement implementation flow and could be the result of non-optimal XDC constraints or non-optimal design architecture
Related violations: <none>

TIMING-16#114 Warning
Large setup violation  
There is a large setup violation of -1.053 ns between execute/r2AddrSv_reg[2]/C (clocked by clk) and gPerceptron.bPredict/btbTgt_reg_64_127_30_31/RAMA/WE (clocked by clk). Large setup violations at the end of those stages might be difficult to fix during the post-placement implementation flow and could be the result of non-optimal XDC constraints or non-optimal design architecture
Related violations: <none>

TIMING-16#115 Warning
Large setup violation  
There is a large setup violation of -1.053 ns between execute/r2AddrSv_reg[2]/C (clocked by clk) and gPerceptron.bPredict/btbTgt_reg_64_127_30_31/RAMB/WE (clocked by clk). Large setup violations at the end of those stages might be difficult to fix during the post-placement implementation flow and could be the result of non-optimal XDC constraints or non-optimal design architecture
Related violations: <none>

TIMING-16#116 Warning
Large setup violation  
There is a large setup violation of -1.053 ns between execute/r2AddrSv_reg[2]/C (clocked by clk) and gPerceptron.bPredict/btbTgt_reg_64_127_30_31/RAMC/WE (clocked by clk). Large setup violations at the end of those stages might be difficult to fix during the post-placement implementation flow and could be the result of non-optimal XDC constraints or non-optimal design architecture
Related violations: <none>

TIMING-16#117 Warning
Large setup violation  
There is a large setup violation of -1.053 ns between execute/r2AddrSv_reg[2]/C (clocked by clk) and gPerceptron.bPredict/btbTgt_reg_64_127_30_31/RAMD/WE (clocked by clk). Large setup violations at the end of those stages might be difficult to fix during the post-placement implementation flow and could be the result of non-optimal XDC constraints or non-optimal design architecture
Related violations: <none>

TIMING-16#118 Warning
Large setup violation  
There is a large setup violation of -1.055 ns between execute/r2AddrSv_reg[2]/C (clocked by clk) and execute/bpBusSv_reg[23]/R (clocked by clk). Large setup violations at the end of those stages might be difficult to fix during the post-placement implementation flow and could be the result of non-optimal XDC constraints or non-optimal design architecture
Related violations: <none>

TIMING-16#119 Warning
Large setup violation  
There is a large setup violation of -1.055 ns between execute/r2AddrSv_reg[2]/C (clocked by clk) and execute/bpBusSv_reg[4]/R (clocked by clk). Large setup violations at the end of those stages might be difficult to fix during the post-placement implementation flow and could be the result of non-optimal XDC constraints or non-optimal design architecture
Related violations: <none>

TIMING-16#120 Warning
Large setup violation  
There is a large setup violation of -1.055 ns between execute/r2AddrSv_reg[2]/C (clocked by clk) and execute/bpBusSv_reg[6]/R (clocked by clk). Large setup violations at the end of those stages might be difficult to fix during the post-placement implementation flow and could be the result of non-optimal XDC constraints or non-optimal design architecture
Related violations: <none>

TIMING-16#121 Warning
Large setup violation  
There is a large setup violation of -1.055 ns between execute/r2AddrSv_reg[2]/C (clocked by clk) and fetch/pc_reg[15]/D (clocked by clk). Large setup violations at the end of those stages might be difficult to fix during the post-placement implementation flow and could be the result of non-optimal XDC constraints or non-optimal design architecture
Related violations: <none>

TIMING-16#122 Warning
Large setup violation  
There is a large setup violation of -1.055 ns between execute/r2AddrSv_reg[2]/C (clocked by clk) and gPerceptron.bPredict/btbTgt_reg_0_63_27_29/RAMA/WE (clocked by clk). Large setup violations at the end of those stages might be difficult to fix during the post-placement implementation flow and could be the result of non-optimal XDC constraints or non-optimal design architecture
Related violations: <none>

TIMING-16#123 Warning
Large setup violation  
There is a large setup violation of -1.055 ns between execute/r2AddrSv_reg[2]/C (clocked by clk) and gPerceptron.bPredict/btbTgt_reg_0_63_27_29/RAMB/WE (clocked by clk). Large setup violations at the end of those stages might be difficult to fix during the post-placement implementation flow and could be the result of non-optimal XDC constraints or non-optimal design architecture
Related violations: <none>

TIMING-16#124 Warning
Large setup violation  
There is a large setup violation of -1.055 ns between execute/r2AddrSv_reg[2]/C (clocked by clk) and gPerceptron.bPredict/btbTgt_reg_0_63_27_29/RAMC/WE (clocked by clk). Large setup violations at the end of those stages might be difficult to fix during the post-placement implementation flow and could be the result of non-optimal XDC constraints or non-optimal design architecture
Related violations: <none>

TIMING-16#125 Warning
Large setup violation  
There is a large setup violation of -1.055 ns between execute/r2AddrSv_reg[2]/C (clocked by clk) and gPerceptron.bPredict/btbTgt_reg_0_63_27_29/RAMD/WE (clocked by clk). Large setup violations at the end of those stages might be difficult to fix during the post-placement implementation flow and could be the result of non-optimal XDC constraints or non-optimal design architecture
Related violations: <none>

TIMING-16#126 Warning
Large setup violation  
There is a large setup violation of -1.056 ns between execute/r2AddrSv_reg[2]/C (clocked by clk) and fetch/pc_reg[28]/D (clocked by clk). Large setup violations at the end of those stages might be difficult to fix during the post-placement implementation flow and could be the result of non-optimal XDC constraints or non-optimal design architecture
Related violations: <none>

TIMING-16#127 Warning
Large setup violation  
There is a large setup violation of -1.060 ns between execute/r2AddrSv_reg[2]/C (clocked by clk) and gPerceptron.bPredict/gOvr.dBimTaken_reg/R (clocked by clk). Large setup violations at the end of those stages might be difficult to fix during the post-placement implementation flow and could be the result of non-optimal XDC constraints or non-optimal design architecture
Related violations: <none>

TIMING-16#128 Warning
Large setup violation  
There is a large setup violation of -1.060 ns between execute/r2AddrSv_reg[2]/C (clocked by clk) and gPerceptron.bPredict/gOvr.dTgt_reg[16]/R (clocked by clk). Large setup violations at the end of those stages might be difficult to fix during the post-placement implementation flow and could be the result of non-optimal XDC constraints or non-optimal design architecture
Related violations: <none>

TIMING-16#129 Warning
Large setup violation  
There is a large setup violation of -1.060 ns between execute/r2AddrSv_reg[2]/C (clocked by clk) and gPerceptron.bPredict/gOvr.dTgt_reg[19]/R (clocked by clk). Large setup violations at the end of those stages might be difficult to fix during the post-placement implementation flow and could be the result of non-optimal XDC constraints or non-optimal design architecture
Related violations: <none>

TIMING-16#130 Warning
Large setup violation  
There is a large setup violation of -1.060 ns between execute/r2AddrSv_reg[2]/C (clocked by clk) and gPerceptron.bPredict/gOvr.dTgt_reg[30]/R (clocked by clk). Large setup violations at the end of those stages might be difficult to fix during the post-placement implementation flow and could be the result of non-optimal XDC constraints or non-optimal design architecture
Related violations: <none>

TIMING-16#131 Warning
Large setup violation  
There is a large setup violation of -1.063 ns between execute/r2AddrSv_reg[2]/C (clocked by clk) and gPerceptron.bPredict/btbTag_reg_128_255_0_0/DP.HIGH/WE (clocked by clk). Large setup violations at the end of those stages might be difficult to fix during the post-placement implementation flow and could be the result of non-optimal XDC constraints or non-optimal design architecture
Related violations: <none>

TIMING-16#132 Warning
Large setup violation  
There is a large setup violation of -1.063 ns between execute/r2AddrSv_reg[2]/C (clocked by clk) and gPerceptron.bPredict/btbTag_reg_128_255_0_0/DP.LOW/WE (clocked by clk). Large setup violations at the end of those stages might be difficult to fix during the post-placement implementation flow and could be the result of non-optimal XDC constraints or non-optimal design architecture
Related violations: <none>

TIMING-16#133 Warning
Large setup violation  
There is a large setup violation of -1.063 ns between execute/r2AddrSv_reg[2]/C (clocked by clk) and gPerceptron.bPredict/btbTag_reg_128_255_0_0/SP.HIGH/WE (clocked by clk). Large setup violations at the end of those stages might be difficult to fix during the post-placement implementation flow and could be the result of non-optimal XDC constraints or non-optimal design architecture
Related violations: <none>

TIMING-16#134 Warning
Large setup violation  
There is a large setup violation of -1.063 ns between execute/r2AddrSv_reg[2]/C (clocked by clk) and gPerceptron.bPredict/btbTag_reg_128_255_0_0/SP.LOW/WE (clocked by clk). Large setup violations at the end of those stages might be difficult to fix during the post-placement implementation flow and could be the result of non-optimal XDC constraints or non-optimal design architecture
Related violations: <none>

TIMING-16#135 Warning
Large setup violation  
There is a large setup violation of -1.068 ns between execute/r2AddrSv_reg[2]/C (clocked by clk) and gPerceptron.bPredict/btbTgt_reg_0_63_12_14/RAMA/WE (clocked by clk). Large setup violations at the end of those stages might be difficult to fix during the post-placement implementation flow and could be the result of non-optimal XDC constraints or non-optimal design architecture
Related violations: <none>

TIMING-16#136 Warning
Large setup violation  
There is a large setup violation of -1.068 ns between execute/r2AddrSv_reg[2]/C (clocked by clk) and gPerceptron.bPredict/btbTgt_reg_0_63_12_14/RAMB/WE (clocked by clk). Large setup violations at the end of those stages might be difficult to fix during the post-placement implementation flow and could be the result of non-optimal XDC constraints or non-optimal design architecture
Related violations: <none>

TIMING-16#137 Warning
Large setup violation  
There is a large setup violation of -1.068 ns between execute/r2AddrSv_reg[2]/C (clocked by clk) and gPerceptron.bPredict/btbTgt_reg_0_63_12_14/RAMC/WE (clocked by clk). Large setup violations at the end of those stages might be difficult to fix during the post-placement implementation flow and could be the result of non-optimal XDC constraints or non-optimal design architecture
Related violations: <none>

TIMING-16#138 Warning
Large setup violation  
There is a large setup violation of -1.068 ns between execute/r2AddrSv_reg[2]/C (clocked by clk) and gPerceptron.bPredict/btbTgt_reg_0_63_12_14/RAMD/WE (clocked by clk). Large setup violations at the end of those stages might be difficult to fix during the post-placement implementation flow and could be the result of non-optimal XDC constraints or non-optimal design architecture
Related violations: <none>

TIMING-16#139 Warning
Large setup violation  
There is a large setup violation of -1.070 ns between execute/r2AddrSv_reg[2]/C (clocked by clk) and execute/pcSv_reg[7]_rep__2/R (clocked by clk). Large setup violations at the end of those stages might be difficult to fix during the post-placement implementation flow and could be the result of non-optimal XDC constraints or non-optimal design architecture
Related violations: <none>

TIMING-16#140 Warning
Large setup violation  
There is a large setup violation of -1.070 ns between execute/r2AddrSv_reg[2]/C (clocked by clk) and execute/pcSv_reg[7]_rep__3/R (clocked by clk). Large setup violations at the end of those stages might be difficult to fix during the post-placement implementation flow and could be the result of non-optimal XDC constraints or non-optimal design architecture
Related violations: <none>

TIMING-16#141 Warning
Large setup violation  
There is a large setup violation of -1.072 ns between execute/r2AddrSv_reg[2]/C (clocked by clk) and execute/aSv_reg[1]/R (clocked by clk). Large setup violations at the end of those stages might be difficult to fix during the post-placement implementation flow and could be the result of non-optimal XDC constraints or non-optimal design architecture
Related violations: <none>

TIMING-16#142 Warning
Large setup violation  
There is a large setup violation of -1.072 ns between execute/r2AddrSv_reg[2]/C (clocked by clk) and execute/bSv_reg[20]/R (clocked by clk). Large setup violations at the end of those stages might be difficult to fix during the post-placement implementation flow and could be the result of non-optimal XDC constraints or non-optimal design architecture
Related violations: <none>

TIMING-16#143 Warning
Large setup violation  
There is a large setup violation of -1.072 ns between execute/r2AddrSv_reg[2]/C (clocked by clk) and execute/bSv_reg[4]/R (clocked by clk). Large setup violations at the end of those stages might be difficult to fix during the post-placement implementation flow and could be the result of non-optimal XDC constraints or non-optimal design architecture
Related violations: <none>

TIMING-16#144 Warning
Large setup violation  
There is a large setup violation of -1.072 ns between execute/r2AddrSv_reg[2]/C (clocked by clk) and execute/r1AddrSv_reg[1]/R (clocked by clk). Large setup violations at the end of those stages might be difficult to fix during the post-placement implementation flow and could be the result of non-optimal XDC constraints or non-optimal design architecture
Related violations: <none>

TIMING-16#145 Warning
Large setup violation  
There is a large setup violation of -1.072 ns between execute/r2AddrSv_reg[2]/C (clocked by clk) and execute/r1AddrSv_reg[2]/R (clocked by clk). Large setup violations at the end of those stages might be difficult to fix during the post-placement implementation flow and could be the result of non-optimal XDC constraints or non-optimal design architecture
Related violations: <none>

TIMING-16#146 Warning
Large setup violation  
There is a large setup violation of -1.072 ns between execute/r2AddrSv_reg[2]/C (clocked by clk) and execute/r1AddrSv_reg[4]/R (clocked by clk). Large setup violations at the end of those stages might be difficult to fix during the post-placement implementation flow and could be the result of non-optimal XDC constraints or non-optimal design architecture
Related violations: <none>

TIMING-16#147 Warning
Large setup violation  
There is a large setup violation of -1.072 ns between execute/r2AddrSv_reg[2]/C (clocked by clk) and gPerceptron.bPredict/btbTag_reg_0_127_9_9/DP.HIGH/WE (clocked by clk). Large setup violations at the end of those stages might be difficult to fix during the post-placement implementation flow and could be the result of non-optimal XDC constraints or non-optimal design architecture
Related violations: <none>

TIMING-16#148 Warning
Large setup violation  
There is a large setup violation of -1.072 ns between execute/r2AddrSv_reg[2]/C (clocked by clk) and gPerceptron.bPredict/btbTag_reg_0_127_9_9/DP.LOW/WE (clocked by clk). Large setup violations at the end of those stages might be difficult to fix during the post-placement implementation flow and could be the result of non-optimal XDC constraints or non-optimal design architecture
Related violations: <none>

TIMING-16#149 Warning
Large setup violation  
There is a large setup violation of -1.072 ns between execute/r2AddrSv_reg[2]/C (clocked by clk) and gPerceptron.bPredict/btbTag_reg_0_127_9_9/SP.HIGH/WE (clocked by clk). Large setup violations at the end of those stages might be difficult to fix during the post-placement implementation flow and could be the result of non-optimal XDC constraints or non-optimal design architecture
Related violations: <none>

TIMING-16#150 Warning
Large setup violation  
There is a large setup violation of -1.072 ns between execute/r2AddrSv_reg[2]/C (clocked by clk) and gPerceptron.bPredict/btbTag_reg_0_127_9_9/SP.LOW/WE (clocked by clk). Large setup violations at the end of those stages might be difficult to fix during the post-placement implementation flow and could be the result of non-optimal XDC constraints or non-optimal design architecture
Related violations: <none>

TIMING-16#151 Warning
Large setup violation  
There is a large setup violation of -1.073 ns between execute/r2AddrSv_reg[2]/C (clocked by clk) and gPerceptron.bPredict/ghrSpec_reg[19]/D (clocked by clk). Large setup violations at the end of those stages might be difficult to fix during the post-placement implementation flow and could be the result of non-optimal XDC constraints or non-optimal design architecture
Related violations: <none>

TIMING-16#152 Warning
Large setup violation  
There is a large setup violation of -1.080 ns between execute/r2AddrSv_reg[2]/C (clocked by clk) and gPerceptron.bPredict/btbTag_reg_128_255_5_5/DP.HIGH/WE (clocked by clk). Large setup violations at the end of those stages might be difficult to fix during the post-placement implementation flow and could be the result of non-optimal XDC constraints or non-optimal design architecture
Related violations: <none>

TIMING-16#153 Warning
Large setup violation  
There is a large setup violation of -1.080 ns between execute/r2AddrSv_reg[2]/C (clocked by clk) and gPerceptron.bPredict/btbTag_reg_128_255_5_5/DP.LOW/WE (clocked by clk). Large setup violations at the end of those stages might be difficult to fix during the post-placement implementation flow and could be the result of non-optimal XDC constraints or non-optimal design architecture
Related violations: <none>

TIMING-16#154 Warning
Large setup violation  
There is a large setup violation of -1.080 ns between execute/r2AddrSv_reg[2]/C (clocked by clk) and gPerceptron.bPredict/btbTag_reg_128_255_5_5/SP.HIGH/WE (clocked by clk). Large setup violations at the end of those stages might be difficult to fix during the post-placement implementation flow and could be the result of non-optimal XDC constraints or non-optimal design architecture
Related violations: <none>

TIMING-16#155 Warning
Large setup violation  
There is a large setup violation of -1.080 ns between execute/r2AddrSv_reg[2]/C (clocked by clk) and gPerceptron.bPredict/btbTag_reg_128_255_5_5/SP.LOW/WE (clocked by clk). Large setup violations at the end of those stages might be difficult to fix during the post-placement implementation flow and could be the result of non-optimal XDC constraints or non-optimal design architecture
Related violations: <none>

TIMING-16#156 Warning
Large setup violation  
There is a large setup violation of -1.085 ns between execute/r2AddrSv_reg[2]/C (clocked by clk) and fetch/pc_reg[13]/D (clocked by clk). Large setup violations at the end of those stages might be difficult to fix during the post-placement implementation flow and could be the result of non-optimal XDC constraints or non-optimal design architecture
Related violations: <none>

TIMING-16#157 Warning
Large setup violation  
There is a large setup violation of -1.098 ns between execute/r2AddrSv_reg[2]/C (clocked by clk) and execute/bpBusSv_reg[2]/R (clocked by clk). Large setup violations at the end of those stages might be difficult to fix during the post-placement implementation flow and could be the result of non-optimal XDC constraints or non-optimal design architecture
Related violations: <none>

TIMING-16#158 Warning
Large setup violation  
There is a large setup violation of -1.098 ns between execute/r2AddrSv_reg[2]/C (clocked by clk) and gPerceptron.bPredict/btbTgt_reg_0_63_30_31/RAMA/WE (clocked by clk). Large setup violations at the end of those stages might be difficult to fix during the post-placement implementation flow and could be the result of non-optimal XDC constraints or non-optimal design architecture
Related violations: <none>

TIMING-16#159 Warning
Large setup violation  
There is a large setup violation of -1.098 ns between execute/r2AddrSv_reg[2]/C (clocked by clk) and gPerceptron.bPredict/btbTgt_reg_0_63_30_31/RAMB/WE (clocked by clk). Large setup violations at the end of those stages might be difficult to fix during the post-placement implementation flow and could be the result of non-optimal XDC constraints or non-optimal design architecture
Related violations: <none>

TIMING-16#160 Warning
Large setup violation  
There is a large setup violation of -1.098 ns between execute/r2AddrSv_reg[2]/C (clocked by clk) and gPerceptron.bPredict/btbTgt_reg_0_63_30_31/RAMC/WE (clocked by clk). Large setup violations at the end of those stages might be difficult to fix during the post-placement implementation flow and could be the result of non-optimal XDC constraints or non-optimal design architecture
Related violations: <none>

TIMING-16#161 Warning
Large setup violation  
There is a large setup violation of -1.098 ns between execute/r2AddrSv_reg[2]/C (clocked by clk) and gPerceptron.bPredict/btbTgt_reg_0_63_30_31/RAMD/WE (clocked by clk). Large setup violations at the end of those stages might be difficult to fix during the post-placement implementation flow and could be the result of non-optimal XDC constraints or non-optimal design architecture
Related violations: <none>

TIMING-16#162 Warning
Large setup violation  
There is a large setup violation of -1.098 ns between execute/r2AddrSv_reg[2]/C (clocked by clk) and gPerceptron.bPredict/btbTgt_reg_192_255_21_23/RAMA/WE (clocked by clk). Large setup violations at the end of those stages might be difficult to fix during the post-placement implementation flow and could be the result of non-optimal XDC constraints or non-optimal design architecture
Related violations: <none>

TIMING-16#163 Warning
Large setup violation  
There is a large setup violation of -1.098 ns between execute/r2AddrSv_reg[2]/C (clocked by clk) and gPerceptron.bPredict/btbTgt_reg_192_255_21_23/RAMB/WE (clocked by clk). Large setup violations at the end of those stages might be difficult to fix during the post-placement implementation flow and could be the result of non-optimal XDC constraints or non-optimal design architecture
Related violations: <none>

TIMING-16#164 Warning
Large setup violation  
There is a large setup violation of -1.098 ns between execute/r2AddrSv_reg[2]/C (clocked by clk) and gPerceptron.bPredict/btbTgt_reg_192_255_21_23/RAMC/WE (clocked by clk). Large setup violations at the end of those stages might be difficult to fix during the post-placement implementation flow and could be the result of non-optimal XDC constraints or non-optimal design architecture
Related violations: <none>

TIMING-16#165 Warning
Large setup violation  
There is a large setup violation of -1.098 ns between execute/r2AddrSv_reg[2]/C (clocked by clk) and gPerceptron.bPredict/btbTgt_reg_192_255_21_23/RAMD/WE (clocked by clk). Large setup violations at the end of those stages might be difficult to fix during the post-placement implementation flow and could be the result of non-optimal XDC constraints or non-optimal design architecture
Related violations: <none>

TIMING-16#166 Warning
Large setup violation  
There is a large setup violation of -1.101 ns between execute/r2AddrSv_reg[2]/C (clocked by clk) and gPerceptron.bPredict/btbTag_reg_0_127_23_23/DP.HIGH/WE (clocked by clk). Large setup violations at the end of those stages might be difficult to fix during the post-placement implementation flow and could be the result of non-optimal XDC constraints or non-optimal design architecture
Related violations: <none>

TIMING-16#167 Warning
Large setup violation  
There is a large setup violation of -1.101 ns between execute/r2AddrSv_reg[2]/C (clocked by clk) and gPerceptron.bPredict/btbTag_reg_0_127_23_23/DP.LOW/WE (clocked by clk). Large setup violations at the end of those stages might be difficult to fix during the post-placement implementation flow and could be the result of non-optimal XDC constraints or non-optimal design architecture
Related violations: <none>

TIMING-16#168 Warning
Large setup violation  
There is a large setup violation of -1.101 ns between execute/r2AddrSv_reg[2]/C (clocked by clk) and gPerceptron.bPredict/btbTag_reg_0_127_23_23/SP.HIGH/WE (clocked by clk). Large setup violations at the end of those stages might be difficult to fix during the post-placement implementation flow and could be the result of non-optimal XDC constraints or non-optimal design architecture
Related violations: <none>

TIMING-16#169 Warning
Large setup violation  
There is a large setup violation of -1.101 ns between execute/r2AddrSv_reg[2]/C (clocked by clk) and gPerceptron.bPredict/btbTag_reg_0_127_23_23/SP.LOW/WE (clocked by clk). Large setup violations at the end of those stages might be difficult to fix during the post-placement implementation flow and could be the result of non-optimal XDC constraints or non-optimal design architecture
Related violations: <none>

TIMING-16#170 Warning
Large setup violation  
There is a large setup violation of -1.104 ns between execute/r2AddrSv_reg[2]/C (clocked by clk) and gPerceptron.bPredict/btbTag_reg_128_255_9_9/DP.HIGH/WE (clocked by clk). Large setup violations at the end of those stages might be difficult to fix during the post-placement implementation flow and could be the result of non-optimal XDC constraints or non-optimal design architecture
Related violations: <none>

TIMING-16#171 Warning
Large setup violation  
There is a large setup violation of -1.104 ns between execute/r2AddrSv_reg[2]/C (clocked by clk) and gPerceptron.bPredict/btbTag_reg_128_255_9_9/DP.LOW/WE (clocked by clk). Large setup violations at the end of those stages might be difficult to fix during the post-placement implementation flow and could be the result of non-optimal XDC constraints or non-optimal design architecture
Related violations: <none>

TIMING-16#172 Warning
Large setup violation  
There is a large setup violation of -1.104 ns between execute/r2AddrSv_reg[2]/C (clocked by clk) and gPerceptron.bPredict/btbTag_reg_128_255_9_9/SP.HIGH/WE (clocked by clk). Large setup violations at the end of those stages might be difficult to fix during the post-placement implementation flow and could be the result of non-optimal XDC constraints or non-optimal design architecture
Related violations: <none>

TIMING-16#173 Warning
Large setup violation  
There is a large setup violation of -1.104 ns between execute/r2AddrSv_reg[2]/C (clocked by clk) and gPerceptron.bPredict/btbTag_reg_128_255_9_9/SP.LOW/WE (clocked by clk). Large setup violations at the end of those stages might be difficult to fix during the post-placement implementation flow and could be the result of non-optimal XDC constraints or non-optimal design architecture
Related violations: <none>

TIMING-16#174 Warning
Large setup violation  
There is a large setup violation of -1.105 ns between execute/r2AddrSv_reg[2]/C (clocked by clk) and execute/bSv_reg[10]/R (clocked by clk). Large setup violations at the end of those stages might be difficult to fix during the post-placement implementation flow and could be the result of non-optimal XDC constraints or non-optimal design architecture
Related violations: <none>

TIMING-16#175 Warning
Large setup violation  
There is a large setup violation of -1.105 ns between execute/r2AddrSv_reg[2]/C (clocked by clk) and execute/bSv_reg[3]/R (clocked by clk). Large setup violations at the end of those stages might be difficult to fix during the post-placement implementation flow and could be the result of non-optimal XDC constraints or non-optimal design architecture
Related violations: <none>

TIMING-16#176 Warning
Large setup violation  
There is a large setup violation of -1.106 ns between execute/r2AddrSv_reg[2]/C (clocked by clk) and gPerceptron.bPredict/btbTgt_reg_192_255_12_14/RAMA/WE (clocked by clk). Large setup violations at the end of those stages might be difficult to fix during the post-placement implementation flow and could be the result of non-optimal XDC constraints or non-optimal design architecture
Related violations: <none>

TIMING-16#177 Warning
Large setup violation  
There is a large setup violation of -1.106 ns between execute/r2AddrSv_reg[2]/C (clocked by clk) and gPerceptron.bPredict/btbTgt_reg_192_255_12_14/RAMB/WE (clocked by clk). Large setup violations at the end of those stages might be difficult to fix during the post-placement implementation flow and could be the result of non-optimal XDC constraints or non-optimal design architecture
Related violations: <none>

TIMING-16#178 Warning
Large setup violation  
There is a large setup violation of -1.106 ns between execute/r2AddrSv_reg[2]/C (clocked by clk) and gPerceptron.bPredict/btbTgt_reg_192_255_12_14/RAMC/WE (clocked by clk). Large setup violations at the end of those stages might be difficult to fix during the post-placement implementation flow and could be the result of non-optimal XDC constraints or non-optimal design architecture
Related violations: <none>

TIMING-16#179 Warning
Large setup violation  
There is a large setup violation of -1.106 ns between execute/r2AddrSv_reg[2]/C (clocked by clk) and gPerceptron.bPredict/btbTgt_reg_192_255_12_14/RAMD/WE (clocked by clk). Large setup violations at the end of those stages might be difficult to fix during the post-placement implementation flow and could be the result of non-optimal XDC constraints or non-optimal design architecture
Related violations: <none>

TIMING-16#180 Warning
Large setup violation  
There is a large setup violation of -1.107 ns between execute/r2AddrSv_reg[2]/C (clocked by clk) and gPerceptron.bPredict/btbUncond_reg_0_127_0_0/DP.HIGH/WE (clocked by clk). Large setup violations at the end of those stages might be difficult to fix during the post-placement implementation flow and could be the result of non-optimal XDC constraints or non-optimal design architecture
Related violations: <none>

TIMING-16#181 Warning
Large setup violation  
There is a large setup violation of -1.107 ns between execute/r2AddrSv_reg[2]/C (clocked by clk) and gPerceptron.bPredict/btbUncond_reg_0_127_0_0/DP.LOW/WE (clocked by clk). Large setup violations at the end of those stages might be difficult to fix during the post-placement implementation flow and could be the result of non-optimal XDC constraints or non-optimal design architecture
Related violations: <none>

TIMING-16#182 Warning
Large setup violation  
There is a large setup violation of -1.107 ns between execute/r2AddrSv_reg[2]/C (clocked by clk) and gPerceptron.bPredict/btbUncond_reg_0_127_0_0/SP.HIGH/WE (clocked by clk). Large setup violations at the end of those stages might be difficult to fix during the post-placement implementation flow and could be the result of non-optimal XDC constraints or non-optimal design architecture
Related violations: <none>

TIMING-16#183 Warning
Large setup violation  
There is a large setup violation of -1.107 ns between execute/r2AddrSv_reg[2]/C (clocked by clk) and gPerceptron.bPredict/btbUncond_reg_0_127_0_0/SP.LOW/WE (clocked by clk). Large setup violations at the end of those stages might be difficult to fix during the post-placement implementation flow and could be the result of non-optimal XDC constraints or non-optimal design architecture
Related violations: <none>

TIMING-16#184 Warning
Large setup violation  
There is a large setup violation of -1.108 ns between execute/r2AddrSv_reg[2]/C (clocked by clk) and fetch/pc_reg[23]/D (clocked by clk). Large setup violations at the end of those stages might be difficult to fix during the post-placement implementation flow and could be the result of non-optimal XDC constraints or non-optimal design architecture
Related violations: <none>

TIMING-16#185 Warning
Large setup violation  
There is a large setup violation of -1.108 ns between execute/r2AddrSv_reg[2]/C (clocked by clk) and gPerceptron.bPredict/ghrSpec_reg[16]/D (clocked by clk). Large setup violations at the end of those stages might be difficult to fix during the post-placement implementation flow and could be the result of non-optimal XDC constraints or non-optimal design architecture
Related violations: <none>

TIMING-16#186 Warning
Large setup violation  
There is a large setup violation of -1.110 ns between execute/r2AddrSv_reg[2]/C (clocked by clk) and execute/aSv_reg[2]/R (clocked by clk). Large setup violations at the end of those stages might be difficult to fix during the post-placement implementation flow and could be the result of non-optimal XDC constraints or non-optimal design architecture
Related violations: <none>

TIMING-16#187 Warning
Large setup violation  
There is a large setup violation of -1.110 ns between execute/r2AddrSv_reg[2]/C (clocked by clk) and execute/pcSv_reg[13]/R (clocked by clk). Large setup violations at the end of those stages might be difficult to fix during the post-placement implementation flow and could be the result of non-optimal XDC constraints or non-optimal design architecture
Related violations: <none>

TIMING-16#188 Warning
Large setup violation  
There is a large setup violation of -1.110 ns between execute/r2AddrSv_reg[2]/C (clocked by clk) and execute/pcSv_reg[30]/R (clocked by clk). Large setup violations at the end of those stages might be difficult to fix during the post-placement implementation flow and could be the result of non-optimal XDC constraints or non-optimal design architecture
Related violations: <none>

TIMING-16#189 Warning
Large setup violation  
There is a large setup violation of -1.110 ns between execute/r2AddrSv_reg[2]/C (clocked by clk) and execute/pcSv_reg[31]/R (clocked by clk). Large setup violations at the end of those stages might be difficult to fix during the post-placement implementation flow and could be the result of non-optimal XDC constraints or non-optimal design architecture
Related violations: <none>

TIMING-16#190 Warning
Large setup violation  
There is a large setup violation of -1.110 ns between execute/r2AddrSv_reg[2]/C (clocked by clk) and execute/rdAddrSv_reg[3]/R (clocked by clk). Large setup violations at the end of those stages might be difficult to fix during the post-placement implementation flow and could be the result of non-optimal XDC constraints or non-optimal design architecture
Related violations: <none>

TIMING-16#191 Warning
Large setup violation  
There is a large setup violation of -1.111 ns between execute/r2AddrSv_reg[2]/C (clocked by clk) and gPerceptron.bPredict/btbTag_reg_0_127_3_3/DP.HIGH/WE (clocked by clk). Large setup violations at the end of those stages might be difficult to fix during the post-placement implementation flow and could be the result of non-optimal XDC constraints or non-optimal design architecture
Related violations: <none>

TIMING-16#192 Warning
Large setup violation  
There is a large setup violation of -1.111 ns between execute/r2AddrSv_reg[2]/C (clocked by clk) and gPerceptron.bPredict/btbTag_reg_0_127_3_3/DP.LOW/WE (clocked by clk). Large setup violations at the end of those stages might be difficult to fix during the post-placement implementation flow and could be the result of non-optimal XDC constraints or non-optimal design architecture
Related violations: <none>

TIMING-16#193 Warning
Large setup violation  
There is a large setup violation of -1.111 ns between execute/r2AddrSv_reg[2]/C (clocked by clk) and gPerceptron.bPredict/btbTag_reg_0_127_3_3/SP.HIGH/WE (clocked by clk). Large setup violations at the end of those stages might be difficult to fix during the post-placement implementation flow and could be the result of non-optimal XDC constraints or non-optimal design architecture
Related violations: <none>

TIMING-16#194 Warning
Large setup violation  
There is a large setup violation of -1.111 ns between execute/r2AddrSv_reg[2]/C (clocked by clk) and gPerceptron.bPredict/btbTag_reg_0_127_3_3/SP.LOW/WE (clocked by clk). Large setup violations at the end of those stages might be difficult to fix during the post-placement implementation flow and could be the result of non-optimal XDC constraints or non-optimal design architecture
Related violations: <none>

TIMING-16#195 Warning
Large setup violation  
There is a large setup violation of -1.113 ns between execute/r2AddrSv_reg[2]/C (clocked by clk) and gPerceptron.bPredict/btbTgt_reg_192_255_0_2/RAMA/WE (clocked by clk). Large setup violations at the end of those stages might be difficult to fix during the post-placement implementation flow and could be the result of non-optimal XDC constraints or non-optimal design architecture
Related violations: <none>

TIMING-16#196 Warning
Large setup violation  
There is a large setup violation of -1.113 ns between execute/r2AddrSv_reg[2]/C (clocked by clk) and gPerceptron.bPredict/btbTgt_reg_192_255_0_2/RAMB/WE (clocked by clk). Large setup violations at the end of those stages might be difficult to fix during the post-placement implementation flow and could be the result of non-optimal XDC constraints or non-optimal design architecture
Related violations: <none>

TIMING-16#197 Warning
Large setup violation  
There is a large setup violation of -1.113 ns between execute/r2AddrSv_reg[2]/C (clocked by clk) and gPerceptron.bPredict/btbTgt_reg_192_255_0_2/RAMC/WE (clocked by clk). Large setup violations at the end of those stages might be difficult to fix during the post-placement implementation flow and could be the result of non-optimal XDC constraints or non-optimal design architecture
Related violations: <none>

TIMING-16#198 Warning
Large setup violation  
There is a large setup violation of -1.113 ns between execute/r2AddrSv_reg[2]/C (clocked by clk) and gPerceptron.bPredict/btbTgt_reg_192_255_0_2/RAMD/WE (clocked by clk). Large setup violations at the end of those stages might be difficult to fix during the post-placement implementation flow and could be the result of non-optimal XDC constraints or non-optimal design architecture
Related violations: <none>

TIMING-16#199 Warning
Large setup violation  
There is a large setup violation of -1.117 ns between execute/r2AddrSv_reg[2]/C (clocked by clk) and gPerceptron.bPredict/ghrSpec_reg[13]/D (clocked by clk). Large setup violations at the end of those stages might be difficult to fix during the post-placement implementation flow and could be the result of non-optimal XDC constraints or non-optimal design architecture
Related violations: <none>

TIMING-16#200 Warning
Large setup violation  
There is a large setup violation of -1.119 ns between execute/r2AddrSv_reg[2]/C (clocked by clk) and execute/aSv_reg[18]/R (clocked by clk). Large setup violations at the end of those stages might be difficult to fix during the post-placement implementation flow and could be the result of non-optimal XDC constraints or non-optimal design architecture
Related violations: <none>

TIMING-16#201 Warning
Large setup violation  
There is a large setup violation of -1.119 ns between execute/r2AddrSv_reg[2]/C (clocked by clk) and execute/aSv_reg[22]/R (clocked by clk). Large setup violations at the end of those stages might be difficult to fix during the post-placement implementation flow and could be the result of non-optimal XDC constraints or non-optimal design architecture
Related violations: <none>

TIMING-16#202 Warning
Large setup violation  
There is a large setup violation of -1.119 ns between execute/r2AddrSv_reg[2]/C (clocked by clk) and gPerceptron.bPredict/btbTgt_reg_192_255_24_26/RAMA/WE (clocked by clk). Large setup violations at the end of those stages might be difficult to fix during the post-placement implementation flow and could be the result of non-optimal XDC constraints or non-optimal design architecture
Related violations: <none>

TIMING-16#203 Warning
Large setup violation  
There is a large setup violation of -1.119 ns between execute/r2AddrSv_reg[2]/C (clocked by clk) and gPerceptron.bPredict/btbTgt_reg_192_255_24_26/RAMB/WE (clocked by clk). Large setup violations at the end of those stages might be difficult to fix during the post-placement implementation flow and could be the result of non-optimal XDC constraints or non-optimal design architecture
Related violations: <none>

TIMING-16#204 Warning
Large setup violation  
There is a large setup violation of -1.119 ns between execute/r2AddrSv_reg[2]/C (clocked by clk) and gPerceptron.bPredict/btbTgt_reg_192_255_24_26/RAMC/WE (clocked by clk). Large setup violations at the end of those stages might be difficult to fix during the post-placement implementation flow and could be the result of non-optimal XDC constraints or non-optimal design architecture
Related violations: <none>

TIMING-16#205 Warning
Large setup violation  
There is a large setup violation of -1.119 ns between execute/r2AddrSv_reg[2]/C (clocked by clk) and gPerceptron.bPredict/btbTgt_reg_192_255_24_26/RAMD/WE (clocked by clk). Large setup violations at the end of those stages might be difficult to fix during the post-placement implementation flow and could be the result of non-optimal XDC constraints or non-optimal design architecture
Related violations: <none>

TIMING-16#206 Warning
Large setup violation  
There is a large setup violation of -1.120 ns between execute/r2AddrSv_reg[2]/C (clocked by clk) and gPerceptron.bPredict/btbTgt_reg_192_255_27_29/RAMA/WE (clocked by clk). Large setup violations at the end of those stages might be difficult to fix during the post-placement implementation flow and could be the result of non-optimal XDC constraints or non-optimal design architecture
Related violations: <none>

TIMING-16#207 Warning
Large setup violation  
There is a large setup violation of -1.120 ns between execute/r2AddrSv_reg[2]/C (clocked by clk) and gPerceptron.bPredict/btbTgt_reg_192_255_27_29/RAMB/WE (clocked by clk). Large setup violations at the end of those stages might be difficult to fix during the post-placement implementation flow and could be the result of non-optimal XDC constraints or non-optimal design architecture
Related violations: <none>

TIMING-16#208 Warning
Large setup violation  
There is a large setup violation of -1.120 ns between execute/r2AddrSv_reg[2]/C (clocked by clk) and gPerceptron.bPredict/btbTgt_reg_192_255_27_29/RAMC/WE (clocked by clk). Large setup violations at the end of those stages might be difficult to fix during the post-placement implementation flow and could be the result of non-optimal XDC constraints or non-optimal design architecture
Related violations: <none>

TIMING-16#209 Warning
Large setup violation  
There is a large setup violation of -1.120 ns between execute/r2AddrSv_reg[2]/C (clocked by clk) and gPerceptron.bPredict/btbTgt_reg_192_255_27_29/RAMD/WE (clocked by clk). Large setup violations at the end of those stages might be difficult to fix during the post-placement implementation flow and could be the result of non-optimal XDC constraints or non-optimal design architecture
Related violations: <none>

TIMING-16#210 Warning
Large setup violation  
There is a large setup violation of -1.122 ns between execute/r2AddrSv_reg[2]/C (clocked by clk) and gPerceptron.bPredict/ghrSpec_reg[12]/D (clocked by clk). Large setup violations at the end of those stages might be difficult to fix during the post-placement implementation flow and could be the result of non-optimal XDC constraints or non-optimal design architecture
Related violations: <none>

TIMING-16#211 Warning
Large setup violation  
There is a large setup violation of -1.123 ns between execute/r2AddrSv_reg[2]/C (clocked by clk) and decode/instrSv_reg[3]/R (clocked by clk). Large setup violations at the end of those stages might be difficult to fix during the post-placement implementation flow and could be the result of non-optimal XDC constraints or non-optimal design architecture
Related violations: <none>

TIMING-16#212 Warning
Large setup violation  
There is a large setup violation of -1.123 ns between execute/r2AddrSv_reg[2]/C (clocked by clk) and decode/instrSv_reg[5]/R (clocked by clk). Large setup violations at the end of those stages might be difficult to fix during the post-placement implementation flow and could be the result of non-optimal XDC constraints or non-optimal design architecture
Related violations: <none>

TIMING-16#213 Warning
Large setup violation  
There is a large setup violation of -1.123 ns between execute/r2AddrSv_reg[2]/C (clocked by clk) and decode/instrSv_reg[9]/R (clocked by clk). Large setup violations at the end of those stages might be difficult to fix during the post-placement implementation flow and could be the result of non-optimal XDC constraints or non-optimal design architecture
Related violations: <none>

TIMING-16#214 Warning
Large setup violation  
There is a large setup violation of -1.123 ns between execute/r2AddrSv_reg[2]/C (clocked by clk) and gPerceptron.bPredict/gOvr.dPart_reg[3][6]/R (clocked by clk). Large setup violations at the end of those stages might be difficult to fix during the post-placement implementation flow and could be the result of non-optimal XDC constraints or non-optimal design architecture
Related violations: <none>

TIMING-16#215 Warning
Large setup violation  
There is a large setup violation of -1.128 ns between execute/r2AddrSv_reg[2]/C (clocked by clk) and fetch/pc_reg[9]/D (clocked by clk). Large setup violations at the end of those stages might be difficult to fix during the post-placement implementation flow and could be the result of non-optimal XDC constraints or non-optimal design architecture
Related violations: <none>

TIMING-16#216 Warning
Large setup violation  
There is a large setup violation of -1.132 ns between execute/r2AddrSv_reg[2]/C (clocked by clk) and gPerceptron.bPredict/btbTgt_reg_192_255_6_8/RAMA/WE (clocked by clk). Large setup violations at the end of those stages might be difficult to fix during the post-placement implementation flow and could be the result of non-optimal XDC constraints or non-optimal design architecture
Related violations: <none>

TIMING-16#217 Warning
Large setup violation  
There is a large setup violation of -1.132 ns between execute/r2AddrSv_reg[2]/C (clocked by clk) and gPerceptron.bPredict/btbTgt_reg_192_255_6_8/RAMB/WE (clocked by clk). Large setup violations at the end of those stages might be difficult to fix during the post-placement implementation flow and could be the result of non-optimal XDC constraints or non-optimal design architecture
Related violations: <none>

TIMING-16#218 Warning
Large setup violation  
There is a large setup violation of -1.132 ns between execute/r2AddrSv_reg[2]/C (clocked by clk) and gPerceptron.bPredict/btbTgt_reg_192_255_6_8/RAMC/WE (clocked by clk). Large setup violations at the end of those stages might be difficult to fix during the post-placement implementation flow and could be the result of non-optimal XDC constraints or non-optimal design architecture
Related violations: <none>

TIMING-16#219 Warning
Large setup violation  
There is a large setup violation of -1.132 ns between execute/r2AddrSv_reg[2]/C (clocked by clk) and gPerceptron.bPredict/btbTgt_reg_192_255_6_8/RAMD/WE (clocked by clk). Large setup violations at the end of those stages might be difficult to fix during the post-placement implementation flow and could be the result of non-optimal XDC constraints or non-optimal design architecture
Related violations: <none>

TIMING-16#220 Warning
Large setup violation  
There is a large setup violation of -1.133 ns between execute/r2AddrSv_reg[2]/C (clocked by clk) and fetch/pc_reg[4]_rep__1/D (clocked by clk). Large setup violations at the end of those stages might be difficult to fix during the post-placement implementation flow and could be the result of non-optimal XDC constraints or non-optimal design architecture
Related violations: <none>

TIMING-16#221 Warning
Large setup violation  
There is a large setup violation of -1.133 ns between execute/r2AddrSv_reg[2]/C (clocked by clk) and gPerceptron.bPredict/btbTag_reg_128_255_12_12/DP.HIGH/WE (clocked by clk). Large setup violations at the end of those stages might be difficult to fix during the post-placement implementation flow and could be the result of non-optimal XDC constraints or non-optimal design architecture
Related violations: <none>

TIMING-16#222 Warning
Large setup violation  
There is a large setup violation of -1.133 ns between execute/r2AddrSv_reg[2]/C (clocked by clk) and gPerceptron.bPredict/btbTag_reg_128_255_12_12/DP.LOW/WE (clocked by clk). Large setup violations at the end of those stages might be difficult to fix during the post-placement implementation flow and could be the result of non-optimal XDC constraints or non-optimal design architecture
Related violations: <none>

TIMING-16#223 Warning
Large setup violation  
There is a large setup violation of -1.133 ns between execute/r2AddrSv_reg[2]/C (clocked by clk) and gPerceptron.bPredict/btbTag_reg_128_255_12_12/SP.HIGH/WE (clocked by clk). Large setup violations at the end of those stages might be difficult to fix during the post-placement implementation flow and could be the result of non-optimal XDC constraints or non-optimal design architecture
Related violations: <none>

TIMING-16#224 Warning
Large setup violation  
There is a large setup violation of -1.133 ns between execute/r2AddrSv_reg[2]/C (clocked by clk) and gPerceptron.bPredict/btbTag_reg_128_255_12_12/SP.LOW/WE (clocked by clk). Large setup violations at the end of those stages might be difficult to fix during the post-placement implementation flow and could be the result of non-optimal XDC constraints or non-optimal design architecture
Related violations: <none>

TIMING-16#225 Warning
Large setup violation  
There is a large setup violation of -1.134 ns between execute/r2AddrSv_reg[2]/C (clocked by clk) and gPerceptron.bPredict/ghrSpec_reg[18]/D (clocked by clk). Large setup violations at the end of those stages might be difficult to fix during the post-placement implementation flow and could be the result of non-optimal XDC constraints or non-optimal design architecture
Related violations: <none>

TIMING-16#226 Warning
Large setup violation  
There is a large setup violation of -1.139 ns between execute/r2AddrSv_reg[2]/C (clocked by clk) and execute/bpBusSv_reg[16]/R (clocked by clk). Large setup violations at the end of those stages might be difficult to fix during the post-placement implementation flow and could be the result of non-optimal XDC constraints or non-optimal design architecture
Related violations: <none>

TIMING-16#227 Warning
Large setup violation  
There is a large setup violation of -1.139 ns between execute/r2AddrSv_reg[2]/C (clocked by clk) and gPerceptron.bPredict/btbTag_reg_128_255_3_3/DP.HIGH/WE (clocked by clk). Large setup violations at the end of those stages might be difficult to fix during the post-placement implementation flow and could be the result of non-optimal XDC constraints or non-optimal design architecture
Related violations: <none>

TIMING-16#228 Warning
Large setup violation  
There is a large setup violation of -1.139 ns between execute/r2AddrSv_reg[2]/C (clocked by clk) and gPerceptron.bPredict/btbTag_reg_128_255_3_3/DP.LOW/WE (clocked by clk). Large setup violations at the end of those stages might be difficult to fix during the post-placement implementation flow and could be the result of non-optimal XDC constraints or non-optimal design architecture
Related violations: <none>

TIMING-16#229 Warning
Large setup violation  
There is a large setup violation of -1.139 ns between execute/r2AddrSv_reg[2]/C (clocked by clk) and gPerceptron.bPredict/btbTag_reg_128_255_3_3/SP.HIGH/WE (clocked by clk). Large setup violations at the end of those stages might be difficult to fix during the post-placement implementation flow and could be the result of non-optimal XDC constraints or non-optimal design architecture
Related violations: <none>

TIMING-16#230 Warning
Large setup violation  
There is a large setup violation of -1.139 ns between execute/r2AddrSv_reg[2]/C (clocked by clk) and gPerceptron.bPredict/btbTag_reg_128_255_3_3/SP.LOW/WE (clocked by clk). Large setup violations at the end of those stages might be difficult to fix during the post-placement implementation flow and could be the result of non-optimal XDC constraints or non-optimal design architecture
Related violations: <none>

TIMING-16#231 Warning
Large setup violation  
There is a large setup violation of -1.140 ns between execute/r2AddrSv_reg[2]/C (clocked by clk) and fetch/pc_reg[8]_rep__2/D (clocked by clk). Large setup violations at the end of those stages might be difficult to fix during the post-placement implementation flow and could be the result of non-optimal XDC constraints or non-optimal design architecture
Related violations: <none>

TIMING-16#232 Warning
Large setup violation  
There is a large setup violation of -1.140 ns between execute/r2AddrSv_reg[2]/C (clocked by clk) and gPerceptron.bPredict/ghrSpec_reg[22]/D (clocked by clk). Large setup violations at the end of those stages might be difficult to fix during the post-placement implementation flow and could be the result of non-optimal XDC constraints or non-optimal design architecture
Related violations: <none>

TIMING-16#233 Warning
Large setup violation  
There is a large setup violation of -1.141 ns between execute/r2AddrSv_reg[2]/C (clocked by clk) and gPerceptron.bPredict/btbTgt_reg_192_255_15_17/RAMA/WE (clocked by clk). Large setup violations at the end of those stages might be difficult to fix during the post-placement implementation flow and could be the result of non-optimal XDC constraints or non-optimal design architecture
Related violations: <none>

TIMING-16#234 Warning
Large setup violation  
There is a large setup violation of -1.141 ns between execute/r2AddrSv_reg[2]/C (clocked by clk) and gPerceptron.bPredict/btbTgt_reg_192_255_15_17/RAMB/WE (clocked by clk). Large setup violations at the end of those stages might be difficult to fix during the post-placement implementation flow and could be the result of non-optimal XDC constraints or non-optimal design architecture
Related violations: <none>

TIMING-16#235 Warning
Large setup violation  
There is a large setup violation of -1.141 ns between execute/r2AddrSv_reg[2]/C (clocked by clk) and gPerceptron.bPredict/btbTgt_reg_192_255_15_17/RAMC/WE (clocked by clk). Large setup violations at the end of those stages might be difficult to fix during the post-placement implementation flow and could be the result of non-optimal XDC constraints or non-optimal design architecture
Related violations: <none>

TIMING-16#236 Warning
Large setup violation  
There is a large setup violation of -1.141 ns between execute/r2AddrSv_reg[2]/C (clocked by clk) and gPerceptron.bPredict/btbTgt_reg_192_255_15_17/RAMD/WE (clocked by clk). Large setup violations at the end of those stages might be difficult to fix during the post-placement implementation flow and could be the result of non-optimal XDC constraints or non-optimal design architecture
Related violations: <none>

TIMING-16#237 Warning
Large setup violation  
There is a large setup violation of -1.143 ns between execute/r2AddrSv_reg[2]/C (clocked by clk) and execute/bpBusSv_reg[9]/R (clocked by clk). Large setup violations at the end of those stages might be difficult to fix during the post-placement implementation flow and could be the result of non-optimal XDC constraints or non-optimal design architecture
Related violations: <none>

TIMING-16#238 Warning
Large setup violation  
There is a large setup violation of -1.144 ns between execute/r2AddrSv_reg[2]/C (clocked by clk) and execute/pcSv_reg[8]_rep__1/R (clocked by clk). Large setup violations at the end of those stages might be difficult to fix during the post-placement implementation flow and could be the result of non-optimal XDC constraints or non-optimal design architecture
Related violations: <none>

TIMING-16#239 Warning
Large setup violation  
There is a large setup violation of -1.144 ns between execute/r2AddrSv_reg[2]/C (clocked by clk) and gPerceptron.bPredict/btbCount_reg_128_255_1_1/DP.HIGH/I (clocked by clk). Large setup violations at the end of those stages might be difficult to fix during the post-placement implementation flow and could be the result of non-optimal XDC constraints or non-optimal design architecture
Related violations: <none>

TIMING-16#240 Warning
Large setup violation  
There is a large setup violation of -1.144 ns between execute/r2AddrSv_reg[2]/C (clocked by clk) and gPerceptron.bPredict/btbTgt_reg_192_255_9_11/RAMA/WE (clocked by clk). Large setup violations at the end of those stages might be difficult to fix during the post-placement implementation flow and could be the result of non-optimal XDC constraints or non-optimal design architecture
Related violations: <none>

TIMING-16#241 Warning
Large setup violation  
There is a large setup violation of -1.144 ns between execute/r2AddrSv_reg[2]/C (clocked by clk) and gPerceptron.bPredict/btbTgt_reg_192_255_9_11/RAMB/WE (clocked by clk). Large setup violations at the end of those stages might be difficult to fix during the post-placement implementation flow and could be the result of non-optimal XDC constraints or non-optimal design architecture
Related violations: <none>

TIMING-16#242 Warning
Large setup violation  
There is a large setup violation of -1.144 ns between execute/r2AddrSv_reg[2]/C (clocked by clk) and gPerceptron.bPredict/btbTgt_reg_192_255_9_11/RAMC/WE (clocked by clk). Large setup violations at the end of those stages might be difficult to fix during the post-placement implementation flow and could be the result of non-optimal XDC constraints or non-optimal design architecture
Related violations: <none>

TIMING-16#243 Warning
Large setup violation  
There is a large setup violation of -1.144 ns between execute/r2AddrSv_reg[2]/C (clocked by clk) and gPerceptron.bPredict/btbTgt_reg_192_255_9_11/RAMD/WE (clocked by clk). Large setup violations at the end of those stages might be difficult to fix during the post-placement implementation flow and could be the result of non-optimal XDC constraints or non-optimal design architecture
Related violations: <none>

TIMING-16#244 Warning
Large setup violation  
There is a large setup violation of -1.145 ns between execute/r2AddrSv_reg[2]/C (clocked by clk) and execute/bpBusSv_reg[19]/R (clocked by clk). Large setup violations at the end of those stages might be difficult to fix during the post-placement implementation flow and could be the result of non-optimal XDC constraints or non-optimal design architecture
Related violations: <none>

TIMING-16#245 Warning
Large setup violation  
There is a large setup violation of -1.145 ns between execute/r2AddrSv_reg[2]/C (clocked by clk) and execute/pcSv_reg[6]_rep__0/R (clocked by clk). Large setup violations at the end of those stages might be difficult to fix during the post-placement implementation flow and could be the result of non-optimal XDC constraints or non-optimal design architecture
Related violations: <none>

TIMING-16#246 Warning
Large setup violation  
There is a large setup violation of -1.146 ns between execute/r2AddrSv_reg[2]/C (clocked by clk) and execute/pcSv_reg[3]_rep__2/R (clocked by clk). Large setup violations at the end of those stages might be difficult to fix during the post-placement implementation flow and could be the result of non-optimal XDC constraints or non-optimal design architecture
Related violations: <none>

TIMING-16#247 Warning
Large setup violation  
There is a large setup violation of -1.148 ns between execute/r2AddrSv_reg[2]/C (clocked by clk) and execute/pcPlus4Sv_reg[23]/R (clocked by clk). Large setup violations at the end of those stages might be difficult to fix during the post-placement implementation flow and could be the result of non-optimal XDC constraints or non-optimal design architecture
Related violations: <none>

TIMING-16#248 Warning
Large setup violation  
There is a large setup violation of -1.148 ns between execute/r2AddrSv_reg[2]/C (clocked by clk) and execute/pcPlus4Sv_reg[24]/R (clocked by clk). Large setup violations at the end of those stages might be difficult to fix during the post-placement implementation flow and could be the result of non-optimal XDC constraints or non-optimal design architecture
Related violations: <none>

TIMING-16#249 Warning
Large setup violation  
There is a large setup violation of -1.148 ns between execute/r2AddrSv_reg[2]/C (clocked by clk) and execute/pcPlus4Sv_reg[29]/R (clocked by clk). Large setup violations at the end of those stages might be difficult to fix during the post-placement implementation flow and could be the result of non-optimal XDC constraints or non-optimal design architecture
Related violations: <none>

TIMING-16#250 Warning
Large setup violation  
There is a large setup violation of -1.148 ns between execute/r2AddrSv_reg[2]/C (clocked by clk) and execute/r1AddrSv_reg[3]/R (clocked by clk). Large setup violations at the end of those stages might be difficult to fix during the post-placement implementation flow and could be the result of non-optimal XDC constraints or non-optimal design architecture
Related violations: <none>

TIMING-16#251 Warning
Large setup violation  
There is a large setup violation of -1.149 ns between execute/r2AddrSv_reg[2]/C (clocked by clk) and execute/pcSv_reg[6]_rep/R (clocked by clk). Large setup violations at the end of those stages might be difficult to fix during the post-placement implementation flow and could be the result of non-optimal XDC constraints or non-optimal design architecture
Related violations: <none>

TIMING-16#252 Warning
Large setup violation  
There is a large setup violation of -1.150 ns between execute/r2AddrSv_reg[2]/C (clocked by clk) and execute/bSv_reg[7]/R (clocked by clk). Large setup violations at the end of those stages might be difficult to fix during the post-placement implementation flow and could be the result of non-optimal XDC constraints or non-optimal design architecture
Related violations: <none>

TIMING-16#253 Warning
Large setup violation  
There is a large setup violation of -1.150 ns between execute/r2AddrSv_reg[2]/C (clocked by clk) and execute/bpBusSv_reg[5]/R (clocked by clk). Large setup violations at the end of those stages might be difficult to fix during the post-placement implementation flow and could be the result of non-optimal XDC constraints or non-optimal design architecture
Related violations: <none>

TIMING-16#254 Warning
Large setup violation  
There is a large setup violation of -1.150 ns between execute/r2AddrSv_reg[2]/C (clocked by clk) and execute/pcSv_reg[5]_rep__0/R (clocked by clk). Large setup violations at the end of those stages might be difficult to fix during the post-placement implementation flow and could be the result of non-optimal XDC constraints or non-optimal design architecture
Related violations: <none>

TIMING-16#255 Warning
Large setup violation  
There is a large setup violation of -1.150 ns between execute/r2AddrSv_reg[2]/C (clocked by clk) and execute/pcSv_reg[8]/R (clocked by clk). Large setup violations at the end of those stages might be difficult to fix during the post-placement implementation flow and could be the result of non-optimal XDC constraints or non-optimal design architecture
Related violations: <none>

TIMING-16#256 Warning
Large setup violation  
There is a large setup violation of -1.155 ns between execute/r2AddrSv_reg[2]/C (clocked by clk) and decode/instrSv_reg[6]/R (clocked by clk). Large setup violations at the end of those stages might be difficult to fix during the post-placement implementation flow and could be the result of non-optimal XDC constraints or non-optimal design architecture
Related violations: <none>

TIMING-16#257 Warning
Large setup violation  
There is a large setup violation of -1.155 ns between execute/r2AddrSv_reg[2]/C (clocked by clk) and gPerceptron.bPredict/gOvr.dTgt_reg[13]/R (clocked by clk). Large setup violations at the end of those stages might be difficult to fix during the post-placement implementation flow and could be the result of non-optimal XDC constraints or non-optimal design architecture
Related violations: <none>

TIMING-16#258 Warning
Large setup violation  
There is a large setup violation of -1.155 ns between execute/r2AddrSv_reg[2]/C (clocked by clk) and gPerceptron.bPredict/gOvr.dTgt_reg[24]/R (clocked by clk). Large setup violations at the end of those stages might be difficult to fix during the post-placement implementation flow and could be the result of non-optimal XDC constraints or non-optimal design architecture
Related violations: <none>

TIMING-16#259 Warning
Large setup violation  
There is a large setup violation of -1.155 ns between execute/r2AddrSv_reg[2]/C (clocked by clk) and gPerceptron.bPredict/gOvr.dTgt_reg[29]/R (clocked by clk). Large setup violations at the end of those stages might be difficult to fix during the post-placement implementation flow and could be the result of non-optimal XDC constraints or non-optimal design architecture
Related violations: <none>

TIMING-16#260 Warning
Large setup violation  
There is a large setup violation of -1.156 ns between execute/r2AddrSv_reg[2]/C (clocked by clk) and fetch/pc_reg[3]_rep__5/D (clocked by clk). Large setup violations at the end of those stages might be difficult to fix during the post-placement implementation flow and could be the result of non-optimal XDC constraints or non-optimal design architecture
Related violations: <none>

TIMING-16#261 Warning
Large setup violation  
There is a large setup violation of -1.156 ns between execute/r2AddrSv_reg[2]/C (clocked by clk) and fetch/pc_reg[4]_rep__5/D (clocked by clk). Large setup violations at the end of those stages might be difficult to fix during the post-placement implementation flow and could be the result of non-optimal XDC constraints or non-optimal design architecture
Related violations: <none>

TIMING-16#262 Warning
Large setup violation  
There is a large setup violation of -1.158 ns between execute/r2AddrSv_reg[2]/C (clocked by clk) and decode/pcSv_reg[10]/R (clocked by clk). Large setup violations at the end of those stages might be difficult to fix during the post-placement implementation flow and could be the result of non-optimal XDC constraints or non-optimal design architecture
Related violations: <none>

TIMING-16#263 Warning
Large setup violation  
There is a large setup violation of -1.158 ns between execute/r2AddrSv_reg[2]/C (clocked by clk) and decode/pcSv_reg[11]/R (clocked by clk). Large setup violations at the end of those stages might be difficult to fix during the post-placement implementation flow and could be the result of non-optimal XDC constraints or non-optimal design architecture
Related violations: <none>

TIMING-16#264 Warning
Large setup violation  
There is a large setup violation of -1.158 ns between execute/r2AddrSv_reg[2]/C (clocked by clk) and decode/pcSv_reg[31]/R (clocked by clk). Large setup violations at the end of those stages might be difficult to fix during the post-placement implementation flow and could be the result of non-optimal XDC constraints or non-optimal design architecture
Related violations: <none>

TIMING-16#265 Warning
Large setup violation  
There is a large setup violation of -1.158 ns between execute/r2AddrSv_reg[2]/C (clocked by clk) and fetch/pc_reg[3]/D (clocked by clk). Large setup violations at the end of those stages might be difficult to fix during the post-placement implementation flow and could be the result of non-optimal XDC constraints or non-optimal design architecture
Related violations: <none>

TIMING-16#266 Warning
Large setup violation  
There is a large setup violation of -1.158 ns between execute/r2AddrSv_reg[2]/C (clocked by clk) and gPerceptron.bPredict/gOvr.dGhr_reg[18]/R (clocked by clk). Large setup violations at the end of those stages might be difficult to fix during the post-placement implementation flow and could be the result of non-optimal XDC constraints or non-optimal design architecture
Related violations: <none>

TIMING-16#267 Warning
Large setup violation  
There is a large setup violation of -1.158 ns between execute/r2AddrSv_reg[2]/C (clocked by clk) and gPerceptron.bPredict/gOvr.dGhr_reg[20]/R (clocked by clk). Large setup violations at the end of those stages might be difficult to fix during the post-placement implementation flow and could be the result of non-optimal XDC constraints or non-optimal design architecture
Related violations: <none>

TIMING-16#268 Warning
Large setup violation  
There is a large setup violation of -1.158 ns between execute/r2AddrSv_reg[2]/C (clocked by clk) and gPerceptron.bPredict/gOvr.dGhr_reg[22]/R (clocked by clk). Large setup violations at the end of those stages might be difficult to fix during the post-placement implementation flow and could be the result of non-optimal XDC constraints or non-optimal design architecture
Related violations: <none>

TIMING-16#269 Warning
Large setup violation  
There is a large setup violation of -1.158 ns between execute/r2AddrSv_reg[2]/C (clocked by clk) and gPerceptron.bPredict/gOvr.dGhr_reg[9]/R (clocked by clk). Large setup violations at the end of those stages might be difficult to fix during the post-placement implementation flow and could be the result of non-optimal XDC constraints or non-optimal design architecture
Related violations: <none>

TIMING-16#270 Warning
Large setup violation  
There is a large setup violation of -1.158 ns between execute/r2AddrSv_reg[2]/C (clocked by clk) and gPerceptron.bPredict/gOvr.dTgt_reg[18]/R (clocked by clk). Large setup violations at the end of those stages might be difficult to fix during the post-placement implementation flow and could be the result of non-optimal XDC constraints or non-optimal design architecture
Related violations: <none>

TIMING-16#271 Warning
Large setup violation  
There is a large setup violation of -1.161 ns between execute/r2AddrSv_reg[2]/C (clocked by clk) and gPerceptron.bPredict/btbTag_reg_0_127_14_14/DP.HIGH/WE (clocked by clk). Large setup violations at the end of those stages might be difficult to fix during the post-placement implementation flow and could be the result of non-optimal XDC constraints or non-optimal design architecture
Related violations: <none>

TIMING-16#272 Warning
Large setup violation  
There is a large setup violation of -1.161 ns between execute/r2AddrSv_reg[2]/C (clocked by clk) and gPerceptron.bPredict/btbTag_reg_0_127_14_14/DP.LOW/WE (clocked by clk). Large setup violations at the end of those stages might be difficult to fix during the post-placement implementation flow and could be the result of non-optimal XDC constraints or non-optimal design architecture
Related violations: <none>

TIMING-16#273 Warning
Large setup violation  
There is a large setup violation of -1.161 ns between execute/r2AddrSv_reg[2]/C (clocked by clk) and gPerceptron.bPredict/btbTag_reg_0_127_14_14/SP.HIGH/WE (clocked by clk). Large setup violations at the end of those stages might be difficult to fix during the post-placement implementation flow and could be the result of non-optimal XDC constraints or non-optimal design architecture
Related violations: <none>

TIMING-16#274 Warning
Large setup violation  
There is a large setup violation of -1.161 ns between execute/r2AddrSv_reg[2]/C (clocked by clk) and gPerceptron.bPredict/btbTag_reg_0_127_14_14/SP.LOW/WE (clocked by clk). Large setup violations at the end of those stages might be difficult to fix during the post-placement implementation flow and could be the result of non-optimal XDC constraints or non-optimal design architecture
Related violations: <none>

TIMING-16#275 Warning
Large setup violation  
There is a large setup violation of -1.162 ns between execute/r2AddrSv_reg[2]/C (clocked by clk) and decode/instrSv_reg[25]/R (clocked by clk). Large setup violations at the end of those stages might be difficult to fix during the post-placement implementation flow and could be the result of non-optimal XDC constraints or non-optimal design architecture
Related violations: <none>

TIMING-16#276 Warning
Large setup violation  
There is a large setup violation of -1.162 ns between execute/r2AddrSv_reg[2]/C (clocked by clk) and decode/instrSv_reg[27]/R (clocked by clk). Large setup violations at the end of those stages might be difficult to fix during the post-placement implementation flow and could be the result of non-optimal XDC constraints or non-optimal design architecture
Related violations: <none>

TIMING-16#277 Warning
Large setup violation  
There is a large setup violation of -1.162 ns between execute/r2AddrSv_reg[2]/C (clocked by clk) and decode/pcSv_reg[13]/R (clocked by clk). Large setup violations at the end of those stages might be difficult to fix during the post-placement implementation flow and could be the result of non-optimal XDC constraints or non-optimal design architecture
Related violations: <none>

TIMING-16#278 Warning
Large setup violation  
There is a large setup violation of -1.162 ns between execute/r2AddrSv_reg[2]/C (clocked by clk) and decode/pcSv_reg[18]/R (clocked by clk). Large setup violations at the end of those stages might be difficult to fix during the post-placement implementation flow and could be the result of non-optimal XDC constraints or non-optimal design architecture
Related violations: <none>

TIMING-16#279 Warning
Large setup violation  
There is a large setup violation of -1.162 ns between execute/r2AddrSv_reg[2]/C (clocked by clk) and decode/pcSv_reg[22]/R (clocked by clk). Large setup violations at the end of those stages might be difficult to fix during the post-placement implementation flow and could be the result of non-optimal XDC constraints or non-optimal design architecture
Related violations: <none>

TIMING-16#280 Warning
Large setup violation  
There is a large setup violation of -1.162 ns between execute/r2AddrSv_reg[2]/C (clocked by clk) and gPerceptron.bPredict/gOvr.dStrongBim_reg/R (clocked by clk). Large setup violations at the end of those stages might be difficult to fix during the post-placement implementation flow and could be the result of non-optimal XDC constraints or non-optimal design architecture
Related violations: <none>

TIMING-16#281 Warning
Large setup violation  
There is a large setup violation of -1.162 ns between execute/r2AddrSv_reg[2]/C (clocked by clk) and gPerceptron.bPredict/gOvr.dTgt_reg[15]/R (clocked by clk). Large setup violations at the end of those stages might be difficult to fix during the post-placement implementation flow and could be the result of non-optimal XDC constraints or non-optimal design architecture
Related violations: <none>

TIMING-16#282 Warning
Large setup violation  
There is a large setup violation of -1.163 ns between execute/r2AddrSv_reg[2]/C (clocked by clk) and decode/instrSv_reg[24]/R (clocked by clk). Large setup violations at the end of those stages might be difficult to fix during the post-placement implementation flow and could be the result of non-optimal XDC constraints or non-optimal design architecture
Related violations: <none>

TIMING-16#283 Warning
Large setup violation  
There is a large setup violation of -1.163 ns between execute/r2AddrSv_reg[2]/C (clocked by clk) and decode/instrSv_reg[7]/R (clocked by clk). Large setup violations at the end of those stages might be difficult to fix during the post-placement implementation flow and could be the result of non-optimal XDC constraints or non-optimal design architecture
Related violations: <none>

TIMING-16#284 Warning
Large setup violation  
There is a large setup violation of -1.163 ns between execute/r2AddrSv_reg[2]/C (clocked by clk) and decode/pcSv_reg[12]/R (clocked by clk). Large setup violations at the end of those stages might be difficult to fix during the post-placement implementation flow and could be the result of non-optimal XDC constraints or non-optimal design architecture
Related violations: <none>

TIMING-16#285 Warning
Large setup violation  
There is a large setup violation of -1.163 ns between execute/r2AddrSv_reg[2]/C (clocked by clk) and decode/pcSv_reg[14]/R (clocked by clk). Large setup violations at the end of those stages might be difficult to fix during the post-placement implementation flow and could be the result of non-optimal XDC constraints or non-optimal design architecture
Related violations: <none>

TIMING-16#286 Warning
Large setup violation  
There is a large setup violation of -1.163 ns between execute/r2AddrSv_reg[2]/C (clocked by clk) and decode/pcSv_reg[28]/R (clocked by clk). Large setup violations at the end of those stages might be difficult to fix during the post-placement implementation flow and could be the result of non-optimal XDC constraints or non-optimal design architecture
Related violations: <none>

TIMING-16#287 Warning
Large setup violation  
There is a large setup violation of -1.163 ns between execute/r2AddrSv_reg[2]/C (clocked by clk) and decode/pcSv_reg[7]/R (clocked by clk). Large setup violations at the end of those stages might be difficult to fix during the post-placement implementation flow and could be the result of non-optimal XDC constraints or non-optimal design architecture
Related violations: <none>

TIMING-16#288 Warning
Large setup violation  
There is a large setup violation of -1.163 ns between execute/r2AddrSv_reg[2]/C (clocked by clk) and gPerceptron.bPredict/gOvr.dGhr_reg[3]/R (clocked by clk). Large setup violations at the end of those stages might be difficult to fix during the post-placement implementation flow and could be the result of non-optimal XDC constraints or non-optimal design architecture
Related violations: <none>

TIMING-16#289 Warning
Large setup violation  
There is a large setup violation of -1.167 ns between execute/r2AddrSv_reg[2]/C (clocked by clk) and gPerceptron.bPredict/ghrSpec_reg[14]/D (clocked by clk). Large setup violations at the end of those stages might be difficult to fix during the post-placement implementation flow and could be the result of non-optimal XDC constraints or non-optimal design architecture
Related violations: <none>

TIMING-16#290 Warning
Large setup violation  
There is a large setup violation of -1.169 ns between execute/r2AddrSv_reg[2]/C (clocked by clk) and decode/instrSv_reg[8]/R (clocked by clk). Large setup violations at the end of those stages might be difficult to fix during the post-placement implementation flow and could be the result of non-optimal XDC constraints or non-optimal design architecture
Related violations: <none>

TIMING-16#291 Warning
Large setup violation  
There is a large setup violation of -1.169 ns between execute/r2AddrSv_reg[2]/C (clocked by clk) and decode/pcSv_reg[4]/R (clocked by clk). Large setup violations at the end of those stages might be difficult to fix during the post-placement implementation flow and could be the result of non-optimal XDC constraints or non-optimal design architecture
Related violations: <none>

TIMING-16#292 Warning
Large setup violation  
There is a large setup violation of -1.169 ns between execute/r2AddrSv_reg[2]/C (clocked by clk) and decode/pcSv_reg[8]/R (clocked by clk). Large setup violations at the end of those stages might be difficult to fix during the post-placement implementation flow and could be the result of non-optimal XDC constraints or non-optimal design architecture
Related violations: <none>

TIMING-16#293 Warning
Large setup violation  
There is a large setup violation of -1.169 ns between execute/r2AddrSv_reg[2]/C (clocked by clk) and fetch/pc_reg[7]_rep__1/D (clocked by clk). Large setup violations at the end of those stages might be difficult to fix during the post-placement implementation flow and could be the result of non-optimal XDC constraints or non-optimal design architecture
Related violations: <none>

TIMING-16#294 Warning
Large setup violation  
There is a large setup violation of -1.169 ns between execute/r2AddrSv_reg[2]/C (clocked by clk) and gPerceptron.bPredict/gOvr.dGhr_reg[16]/R (clocked by clk). Large setup violations at the end of those stages might be difficult to fix during the post-placement implementation flow and could be the result of non-optimal XDC constraints or non-optimal design architecture
Related violations: <none>

TIMING-16#295 Warning
Large setup violation  
There is a large setup violation of -1.169 ns between execute/r2AddrSv_reg[2]/C (clocked by clk) and gPerceptron.bPredict/gOvr.dPcPlus4_reg[5]/R (clocked by clk). Large setup violations at the end of those stages might be difficult to fix during the post-placement implementation flow and could be the result of non-optimal XDC constraints or non-optimal design architecture
Related violations: <none>

TIMING-16#296 Warning
Large setup violation  
There is a large setup violation of -1.169 ns between execute/r2AddrSv_reg[2]/C (clocked by clk) and gPerceptron.bPredict/gOvr.dPcPlus4_reg[6]/R (clocked by clk). Large setup violations at the end of those stages might be difficult to fix during the post-placement implementation flow and could be the result of non-optimal XDC constraints or non-optimal design architecture
Related violations: <none>

TIMING-16#297 Warning
Large setup violation  
There is a large setup violation of -1.169 ns between execute/r2AddrSv_reg[2]/C (clocked by clk) and gPerceptron.bPredict/gOvr.dPcPlus4_reg[7]/R (clocked by clk). Large setup violations at the end of those stages might be difficult to fix during the post-placement implementation flow and could be the result of non-optimal XDC constraints or non-optimal design architecture
Related violations: <none>

TIMING-16#298 Warning
Large setup violation  
There is a large setup violation of -1.169 ns between execute/r2AddrSv_reg[2]/C (clocked by clk) and gPerceptron.bPredict/gOvr.dPcPlus4_reg[8]/R (clocked by clk). Large setup violations at the end of those stages might be difficult to fix during the post-placement implementation flow and could be the result of non-optimal XDC constraints or non-optimal design architecture
Related violations: <none>

TIMING-16#299 Warning
Large setup violation  
There is a large setup violation of -1.170 ns between execute/r2AddrSv_reg[2]/C (clocked by clk) and execute/pcPlus4Sv_reg[13]/R (clocked by clk). Large setup violations at the end of those stages might be difficult to fix during the post-placement implementation flow and could be the result of non-optimal XDC constraints or non-optimal design architecture
Related violations: <none>

TIMING-16#300 Warning
Large setup violation  
There is a large setup violation of -1.170 ns between execute/r2AddrSv_reg[2]/C (clocked by clk) and execute/pcPlus4Sv_reg[17]/R (clocked by clk). Large setup violations at the end of those stages might be difficult to fix during the post-placement implementation flow and could be the result of non-optimal XDC constraints or non-optimal design architecture
Related violations: <none>

TIMING-16#301 Warning
Large setup violation  
There is a large setup violation of -1.170 ns between execute/r2AddrSv_reg[2]/C (clocked by clk) and execute/pcPlus4Sv_reg[20]/R (clocked by clk). Large setup violations at the end of those stages might be difficult to fix during the post-placement implementation flow and could be the result of non-optimal XDC constraints or non-optimal design architecture
Related violations: <none>

TIMING-16#302 Warning
Large setup violation  
There is a large setup violation of -1.170 ns between execute/r2AddrSv_reg[2]/C (clocked by clk) and execute/pcPlus4Sv_reg[7]/R (clocked by clk). Large setup violations at the end of those stages might be difficult to fix during the post-placement implementation flow and could be the result of non-optimal XDC constraints or non-optimal design architecture
Related violations: <none>

TIMING-16#303 Warning
Large setup violation  
There is a large setup violation of -1.170 ns between execute/r2AddrSv_reg[2]/C (clocked by clk) and execute/pcSv_reg[26]/R (clocked by clk). Large setup violations at the end of those stages might be difficult to fix during the post-placement implementation flow and could be the result of non-optimal XDC constraints or non-optimal design architecture
Related violations: <none>

TIMING-16#304 Warning
Large setup violation  
There is a large setup violation of -1.173 ns between execute/r2AddrSv_reg[2]/C (clocked by clk) and decode/pcPlus4Sv_reg[1]/R (clocked by clk). Large setup violations at the end of those stages might be difficult to fix during the post-placement implementation flow and could be the result of non-optimal XDC constraints or non-optimal design architecture
Related violations: <none>

TIMING-16#305 Warning
Large setup violation  
There is a large setup violation of -1.173 ns between execute/r2AddrSv_reg[2]/C (clocked by clk) and decode/pcPlus4Sv_reg[2]/R (clocked by clk). Large setup violations at the end of those stages might be difficult to fix during the post-placement implementation flow and could be the result of non-optimal XDC constraints or non-optimal design architecture
Related violations: <none>

TIMING-16#306 Warning
Large setup violation  
There is a large setup violation of -1.173 ns between execute/r2AddrSv_reg[2]/C (clocked by clk) and decode/pcPlus4Sv_reg[3]/R (clocked by clk). Large setup violations at the end of those stages might be difficult to fix during the post-placement implementation flow and could be the result of non-optimal XDC constraints or non-optimal design architecture
Related violations: <none>

TIMING-16#307 Warning
Large setup violation  
There is a large setup violation of -1.173 ns between execute/r2AddrSv_reg[2]/C (clocked by clk) and decode/pcPlus4Sv_reg[4]/R (clocked by clk). Large setup violations at the end of those stages might be difficult to fix during the post-placement implementation flow and could be the result of non-optimal XDC constraints or non-optimal design architecture
Related violations: <none>

TIMING-16#308 Warning
Large setup violation  
There is a large setup violation of -1.174 ns between execute/r2AddrSv_reg[2]/C (clocked by clk) and gPerceptron.bPredict/ghrSpec_reg[21]/D (clocked by clk). Large setup violations at the end of those stages might be difficult to fix during the post-placement implementation flow and could be the result of non-optimal XDC constraints or non-optimal design architecture
Related violations: <none>

TIMING-16#309 Warning
Large setup violation  
There is a large setup violation of -1.182 ns between execute/r2AddrSv_reg[2]/C (clocked by clk) and decode/instrSv_reg[19]/R (clocked by clk). Large setup violations at the end of those stages might be difficult to fix during the post-placement implementation flow and could be the result of non-optimal XDC constraints or non-optimal design architecture
Related violations: <none>

TIMING-16#310 Warning
Large setup violation  
There is a large setup violation of -1.182 ns between execute/r2AddrSv_reg[2]/C (clocked by clk) and gPerceptron.bPredict/gOvr.dPcPlus4_reg[1]/R (clocked by clk). Large setup violations at the end of those stages might be difficult to fix during the post-placement implementation flow and could be the result of non-optimal XDC constraints or non-optimal design architecture
Related violations: <none>

TIMING-16#311 Warning
Large setup violation  
There is a large setup violation of -1.182 ns between execute/r2AddrSv_reg[2]/C (clocked by clk) and gPerceptron.bPredict/gOvr.dPcPlus4_reg[2]/R (clocked by clk). Large setup violations at the end of those stages might be difficult to fix during the post-placement implementation flow and could be the result of non-optimal XDC constraints or non-optimal design architecture
Related violations: <none>

TIMING-16#312 Warning
Large setup violation  
There is a large setup violation of -1.182 ns between execute/r2AddrSv_reg[2]/C (clocked by clk) and gPerceptron.bPredict/gOvr.dPcPlus4_reg[3]/R (clocked by clk). Large setup violations at the end of those stages might be difficult to fix during the post-placement implementation flow and could be the result of non-optimal XDC constraints or non-optimal design architecture
Related violations: <none>

TIMING-16#313 Warning
Large setup violation  
There is a large setup violation of -1.182 ns between execute/r2AddrSv_reg[2]/C (clocked by clk) and gPerceptron.bPredict/gOvr.dPcPlus4_reg[4]/R (clocked by clk). Large setup violations at the end of those stages might be difficult to fix during the post-placement implementation flow and could be the result of non-optimal XDC constraints or non-optimal design architecture
Related violations: <none>

TIMING-16#314 Warning
Large setup violation  
There is a large setup violation of -1.182 ns between execute/r2AddrSv_reg[2]/C (clocked by clk) and gPerceptron.bPredict/gOvr.dTgt_reg[12]/R (clocked by clk). Large setup violations at the end of those stages might be difficult to fix during the post-placement implementation flow and could be the result of non-optimal XDC constraints or non-optimal design architecture
Related violations: <none>

TIMING-16#315 Warning
Large setup violation  
There is a large setup violation of -1.185 ns between execute/r2AddrSv_reg[2]/C (clocked by clk) and execute/pcSv_reg[22]/R (clocked by clk). Large setup violations at the end of those stages might be difficult to fix during the post-placement implementation flow and could be the result of non-optimal XDC constraints or non-optimal design architecture
Related violations: <none>

TIMING-16#316 Warning
Large setup violation  
There is a large setup violation of -1.185 ns between execute/r2AddrSv_reg[2]/C (clocked by clk) and execute/rdAddrSv_reg[0]/R (clocked by clk). Large setup violations at the end of those stages might be difficult to fix during the post-placement implementation flow and could be the result of non-optimal XDC constraints or non-optimal design architecture
Related violations: <none>

TIMING-16#317 Warning
Large setup violation  
There is a large setup violation of -1.185 ns between execute/r2AddrSv_reg[2]/C (clocked by clk) and execute/rdAddrSv_reg[1]/R (clocked by clk). Large setup violations at the end of those stages might be difficult to fix during the post-placement implementation flow and could be the result of non-optimal XDC constraints or non-optimal design architecture
Related violations: <none>

TIMING-16#318 Warning
Large setup violation  
There is a large setup violation of -1.186 ns between execute/r2AddrSv_reg[2]/C (clocked by clk) and decode/pcSv_reg[2]/R (clocked by clk). Large setup violations at the end of those stages might be difficult to fix during the post-placement implementation flow and could be the result of non-optimal XDC constraints or non-optimal design architecture
Related violations: <none>

TIMING-16#319 Warning
Large setup violation  
There is a large setup violation of -1.186 ns between execute/r2AddrSv_reg[2]/C (clocked by clk) and decode/pcSv_reg[5]/R (clocked by clk). Large setup violations at the end of those stages might be difficult to fix during the post-placement implementation flow and could be the result of non-optimal XDC constraints or non-optimal design architecture
Related violations: <none>

TIMING-16#320 Warning
Large setup violation  
There is a large setup violation of -1.186 ns between execute/r2AddrSv_reg[2]/C (clocked by clk) and decode/pcSv_reg[6]/R (clocked by clk). Large setup violations at the end of those stages might be difficult to fix during the post-placement implementation flow and could be the result of non-optimal XDC constraints or non-optimal design architecture
Related violations: <none>

TIMING-16#321 Warning
Large setup violation  
There is a large setup violation of -1.186 ns between execute/r2AddrSv_reg[2]/C (clocked by clk) and decode/pcSv_reg[9]/R (clocked by clk). Large setup violations at the end of those stages might be difficult to fix during the post-placement implementation flow and could be the result of non-optimal XDC constraints or non-optimal design architecture
Related violations: <none>

TIMING-16#322 Warning
Large setup violation  
There is a large setup violation of -1.186 ns between execute/r2AddrSv_reg[2]/C (clocked by clk) and execute/bpBusSv_reg[15]/R (clocked by clk). Large setup violations at the end of those stages might be difficult to fix during the post-placement implementation flow and could be the result of non-optimal XDC constraints or non-optimal design architecture
Related violations: <none>

TIMING-16#323 Warning
Large setup violation  
There is a large setup violation of -1.186 ns between execute/r2AddrSv_reg[2]/C (clocked by clk) and execute/bpBusSv_reg[17]/R (clocked by clk). Large setup violations at the end of those stages might be difficult to fix during the post-placement implementation flow and could be the result of non-optimal XDC constraints or non-optimal design architecture
Related violations: <none>

TIMING-16#324 Warning
Large setup violation  
There is a large setup violation of -1.186 ns between execute/r2AddrSv_reg[2]/C (clocked by clk) and execute/bpBusSv_reg[18]/R (clocked by clk). Large setup violations at the end of those stages might be difficult to fix during the post-placement implementation flow and could be the result of non-optimal XDC constraints or non-optimal design architecture
Related violations: <none>

TIMING-16#325 Warning
Large setup violation  
There is a large setup violation of -1.186 ns between execute/r2AddrSv_reg[2]/C (clocked by clk) and execute/bpBusSv_reg[21]/R (clocked by clk). Large setup violations at the end of those stages might be difficult to fix during the post-placement implementation flow and could be the result of non-optimal XDC constraints or non-optimal design architecture
Related violations: <none>

TIMING-16#326 Warning
Large setup violation  
There is a large setup violation of -1.186 ns between execute/r2AddrSv_reg[2]/C (clocked by clk) and gPerceptron.bPredict/gOvr.dGhr_reg[19]/R (clocked by clk). Large setup violations at the end of those stages might be difficult to fix during the post-placement implementation flow and could be the result of non-optimal XDC constraints or non-optimal design architecture
Related violations: <none>

TIMING-16#327 Warning
Large setup violation  
There is a large setup violation of -1.186 ns between execute/r2AddrSv_reg[2]/C (clocked by clk) and gPerceptron.bPredict/gOvr.dPart_reg[3][1]/R (clocked by clk). Large setup violations at the end of those stages might be difficult to fix during the post-placement implementation flow and could be the result of non-optimal XDC constraints or non-optimal design architecture
Related violations: <none>

TIMING-16#328 Warning
Large setup violation  
There is a large setup violation of -1.192 ns between execute/r2AddrSv_reg[2]/C (clocked by clk) and fetch/pc_reg[7]_rep__3/D (clocked by clk). Large setup violations at the end of those stages might be difficult to fix during the post-placement implementation flow and could be the result of non-optimal XDC constraints or non-optimal design architecture
Related violations: <none>

TIMING-16#329 Warning
Large setup violation  
There is a large setup violation of -1.194 ns between execute/r2AddrSv_reg[2]/C (clocked by clk) and gPerceptron.bPredict/btbTgt_reg_0_63_18_20/RAMA/WE (clocked by clk). Large setup violations at the end of those stages might be difficult to fix during the post-placement implementation flow and could be the result of non-optimal XDC constraints or non-optimal design architecture
Related violations: <none>

TIMING-16#330 Warning
Large setup violation  
There is a large setup violation of -1.194 ns between execute/r2AddrSv_reg[2]/C (clocked by clk) and gPerceptron.bPredict/btbTgt_reg_0_63_18_20/RAMB/WE (clocked by clk). Large setup violations at the end of those stages might be difficult to fix during the post-placement implementation flow and could be the result of non-optimal XDC constraints or non-optimal design architecture
Related violations: <none>

TIMING-16#331 Warning
Large setup violation  
There is a large setup violation of -1.194 ns between execute/r2AddrSv_reg[2]/C (clocked by clk) and gPerceptron.bPredict/btbTgt_reg_0_63_18_20/RAMC/WE (clocked by clk). Large setup violations at the end of those stages might be difficult to fix during the post-placement implementation flow and could be the result of non-optimal XDC constraints or non-optimal design architecture
Related violations: <none>

TIMING-16#332 Warning
Large setup violation  
There is a large setup violation of -1.194 ns between execute/r2AddrSv_reg[2]/C (clocked by clk) and gPerceptron.bPredict/btbTgt_reg_0_63_18_20/RAMD/WE (clocked by clk). Large setup violations at the end of those stages might be difficult to fix during the post-placement implementation flow and could be the result of non-optimal XDC constraints or non-optimal design architecture
Related violations: <none>

TIMING-16#333 Warning
Large setup violation  
There is a large setup violation of -1.195 ns between execute/r2AddrSv_reg[2]/C (clocked by clk) and gPerceptron.bPredict/gOvr.dGhr_reg[0]/R (clocked by clk). Large setup violations at the end of those stages might be difficult to fix during the post-placement implementation flow and could be the result of non-optimal XDC constraints or non-optimal design architecture
Related violations: <none>

TIMING-16#334 Warning
Large setup violation  
There is a large setup violation of -1.195 ns between execute/r2AddrSv_reg[2]/C (clocked by clk) and gPerceptron.bPredict/gOvr.dPcPlus4_reg[13]/R (clocked by clk). Large setup violations at the end of those stages might be difficult to fix during the post-placement implementation flow and could be the result of non-optimal XDC constraints or non-optimal design architecture
Related violations: <none>

TIMING-16#335 Warning
Large setup violation  
There is a large setup violation of -1.195 ns between execute/r2AddrSv_reg[2]/C (clocked by clk) and gPerceptron.bPredict/gOvr.dPcPlus4_reg[14]/R (clocked by clk). Large setup violations at the end of those stages might be difficult to fix during the post-placement implementation flow and could be the result of non-optimal XDC constraints or non-optimal design architecture
Related violations: <none>

TIMING-16#336 Warning
Large setup violation  
There is a large setup violation of -1.195 ns between execute/r2AddrSv_reg[2]/C (clocked by clk) and gPerceptron.bPredict/gOvr.dPcPlus4_reg[15]/R (clocked by clk). Large setup violations at the end of those stages might be difficult to fix during the post-placement implementation flow and could be the result of non-optimal XDC constraints or non-optimal design architecture
Related violations: <none>

TIMING-16#337 Warning
Large setup violation  
There is a large setup violation of -1.195 ns between execute/r2AddrSv_reg[2]/C (clocked by clk) and gPerceptron.bPredict/gOvr.dPcPlus4_reg[16]/R (clocked by clk). Large setup violations at the end of those stages might be difficult to fix during the post-placement implementation flow and could be the result of non-optimal XDC constraints or non-optimal design architecture
Related violations: <none>

TIMING-16#338 Warning
Large setup violation  
There is a large setup violation of -1.195 ns between execute/r2AddrSv_reg[2]/C (clocked by clk) and gPerceptron.bPredict/gOvr.dTgt_reg[10]/R (clocked by clk). Large setup violations at the end of those stages might be difficult to fix during the post-placement implementation flow and could be the result of non-optimal XDC constraints or non-optimal design architecture
Related violations: <none>

TIMING-16#339 Warning
Large setup violation  
There is a large setup violation of -1.195 ns between execute/r2AddrSv_reg[2]/C (clocked by clk) and gPerceptron.bPredict/gOvr.dTgt_reg[11]/R (clocked by clk). Large setup violations at the end of those stages might be difficult to fix during the post-placement implementation flow and could be the result of non-optimal XDC constraints or non-optimal design architecture
Related violations: <none>

TIMING-16#340 Warning
Large setup violation  
There is a large setup violation of -1.195 ns between execute/r2AddrSv_reg[2]/C (clocked by clk) and gPerceptron.bPredict/gOvr.dTgt_reg[17]/R (clocked by clk). Large setup violations at the end of those stages might be difficult to fix during the post-placement implementation flow and could be the result of non-optimal XDC constraints or non-optimal design architecture
Related violations: <none>

TIMING-16#341 Warning
Large setup violation  
There is a large setup violation of -1.200 ns between execute/r2AddrSv_reg[2]/C (clocked by clk) and decode/pcPlus4Sv_reg[10]/R (clocked by clk). Large setup violations at the end of those stages might be difficult to fix during the post-placement implementation flow and could be the result of non-optimal XDC constraints or non-optimal design architecture
Related violations: <none>

TIMING-16#342 Warning
Large setup violation  
There is a large setup violation of -1.200 ns between execute/r2AddrSv_reg[2]/C (clocked by clk) and decode/pcPlus4Sv_reg[11]/R (clocked by clk). Large setup violations at the end of those stages might be difficult to fix during the post-placement implementation flow and could be the result of non-optimal XDC constraints or non-optimal design architecture
Related violations: <none>

TIMING-16#343 Warning
Large setup violation  
There is a large setup violation of -1.200 ns between execute/r2AddrSv_reg[2]/C (clocked by clk) and decode/pcPlus4Sv_reg[12]/R (clocked by clk). Large setup violations at the end of those stages might be difficult to fix during the post-placement implementation flow and could be the result of non-optimal XDC constraints or non-optimal design architecture
Related violations: <none>

TIMING-16#344 Warning
Large setup violation  
There is a large setup violation of -1.200 ns between execute/r2AddrSv_reg[2]/C (clocked by clk) and decode/pcPlus4Sv_reg[9]/R (clocked by clk). Large setup violations at the end of those stages might be difficult to fix during the post-placement implementation flow and could be the result of non-optimal XDC constraints or non-optimal design architecture
Related violations: <none>

TIMING-16#345 Warning
Large setup violation  
There is a large setup violation of -1.202 ns between execute/r2AddrSv_reg[2]/C (clocked by clk) and execute/bpBusSv_reg[11]/R (clocked by clk). Large setup violations at the end of those stages might be difficult to fix during the post-placement implementation flow and could be the result of non-optimal XDC constraints or non-optimal design architecture
Related violations: <none>

TIMING-16#346 Warning
Large setup violation  
There is a large setup violation of -1.202 ns between execute/r2AddrSv_reg[2]/C (clocked by clk) and execute/bpBusSv_reg[12]/R (clocked by clk). Large setup violations at the end of those stages might be difficult to fix during the post-placement implementation flow and could be the result of non-optimal XDC constraints or non-optimal design architecture
Related violations: <none>

TIMING-16#347 Warning
Large setup violation  
There is a large setup violation of -1.202 ns between execute/r2AddrSv_reg[2]/C (clocked by clk) and execute/bpBusSv_reg[13]/R (clocked by clk). Large setup violations at the end of those stages might be difficult to fix during the post-placement implementation flow and could be the result of non-optimal XDC constraints or non-optimal design architecture
Related violations: <none>

TIMING-16#348 Warning
Large setup violation  
There is a large setup violation of -1.202 ns between execute/r2AddrSv_reg[2]/C (clocked by clk) and execute/bpBusSv_reg[1]/R (clocked by clk). Large setup violations at the end of those stages might be difficult to fix during the post-placement implementation flow and could be the result of non-optimal XDC constraints or non-optimal design architecture
Related violations: <none>

TIMING-16#349 Warning
Large setup violation  
There is a large setup violation of -1.212 ns between execute/r2AddrSv_reg[2]/C (clocked by clk) and fetch/pc_reg[3]_rep__2/D (clocked by clk). Large setup violations at the end of those stages might be difficult to fix during the post-placement implementation flow and could be the result of non-optimal XDC constraints or non-optimal design architecture
Related violations: <none>

TIMING-16#350 Warning
Large setup violation  
There is a large setup violation of -1.213 ns between execute/r2AddrSv_reg[2]/C (clocked by clk) and execute/pcSv_reg[5]_rep__2/R (clocked by clk). Large setup violations at the end of those stages might be difficult to fix during the post-placement implementation flow and could be the result of non-optimal XDC constraints or non-optimal design architecture
Related violations: <none>

TIMING-16#351 Warning
Large setup violation  
There is a large setup violation of -1.213 ns between execute/r2AddrSv_reg[2]/C (clocked by clk) and execute/pcSv_reg[5]_rep__3/R (clocked by clk). Large setup violations at the end of those stages might be difficult to fix during the post-placement implementation flow and could be the result of non-optimal XDC constraints or non-optimal design architecture
Related violations: <none>

TIMING-16#352 Warning
Large setup violation  
There is a large setup violation of -1.214 ns between execute/r2AddrSv_reg[2]/C (clocked by clk) and gPerceptron.bPredict/btbTag_reg_0_127_15_15/DP.HIGH/WE (clocked by clk). Large setup violations at the end of those stages might be difficult to fix during the post-placement implementation flow and could be the result of non-optimal XDC constraints or non-optimal design architecture
Related violations: <none>

TIMING-16#353 Warning
Large setup violation  
There is a large setup violation of -1.214 ns between execute/r2AddrSv_reg[2]/C (clocked by clk) and gPerceptron.bPredict/btbTag_reg_0_127_15_15/DP.LOW/WE (clocked by clk). Large setup violations at the end of those stages might be difficult to fix during the post-placement implementation flow and could be the result of non-optimal XDC constraints or non-optimal design architecture
Related violations: <none>

TIMING-16#354 Warning
Large setup violation  
There is a large setup violation of -1.214 ns between execute/r2AddrSv_reg[2]/C (clocked by clk) and gPerceptron.bPredict/btbTag_reg_0_127_15_15/SP.HIGH/WE (clocked by clk). Large setup violations at the end of those stages might be difficult to fix during the post-placement implementation flow and could be the result of non-optimal XDC constraints or non-optimal design architecture
Related violations: <none>

TIMING-16#355 Warning
Large setup violation  
There is a large setup violation of -1.214 ns between execute/r2AddrSv_reg[2]/C (clocked by clk) and gPerceptron.bPredict/btbTag_reg_0_127_15_15/SP.LOW/WE (clocked by clk). Large setup violations at the end of those stages might be difficult to fix during the post-placement implementation flow and could be the result of non-optimal XDC constraints or non-optimal design architecture
Related violations: <none>

TIMING-16#356 Warning
Large setup violation  
There is a large setup violation of -1.217 ns between execute/r2AddrSv_reg[2]/C (clocked by clk) and fetch/pc_reg[16]/D (clocked by clk). Large setup violations at the end of those stages might be difficult to fix during the post-placement implementation flow and could be the result of non-optimal XDC constraints or non-optimal design architecture
Related violations: <none>

TIMING-16#357 Warning
Large setup violation  
There is a large setup violation of -1.219 ns between execute/r2AddrSv_reg[2]/C (clocked by clk) and execute/pcSv_reg[2]_rep__0/R (clocked by clk). Large setup violations at the end of those stages might be difficult to fix during the post-placement implementation flow and could be the result of non-optimal XDC constraints or non-optimal design architecture
Related violations: <none>

TIMING-16#358 Warning
Large setup violation  
There is a large setup violation of -1.220 ns between execute/r2AddrSv_reg[2]/C (clocked by clk) and execute/aluSrcASv_reg[0]/R (clocked by clk). Large setup violations at the end of those stages might be difficult to fix during the post-placement implementation flow and could be the result of non-optimal XDC constraints or non-optimal design architecture
Related violations: <none>

TIMING-16#359 Warning
Large setup violation  
There is a large setup violation of -1.220 ns between execute/r2AddrSv_reg[2]/C (clocked by clk) and execute/aluSrcBSv_reg/R (clocked by clk). Large setup violations at the end of those stages might be difficult to fix during the post-placement implementation flow and could be the result of non-optimal XDC constraints or non-optimal design architecture
Related violations: <none>

TIMING-16#360 Warning
Large setup violation  
There is a large setup violation of -1.220 ns between execute/r2AddrSv_reg[2]/C (clocked by clk) and execute/r1AddrSv_reg[0]/R (clocked by clk). Large setup violations at the end of those stages might be difficult to fix during the post-placement implementation flow and could be the result of non-optimal XDC constraints or non-optimal design architecture
Related violations: <none>

TIMING-16#361 Warning
Large setup violation  
There is a large setup violation of -1.220 ns between execute/r2AddrSv_reg[2]/C (clocked by clk) and gPerceptron.bPredict/ghrSpec_reg[3]/D (clocked by clk). Large setup violations at the end of those stages might be difficult to fix during the post-placement implementation flow and could be the result of non-optimal XDC constraints or non-optimal design architecture
Related violations: <none>

TIMING-16#362 Warning
Large setup violation  
There is a large setup violation of -1.221 ns between execute/r2AddrSv_reg[2]/C (clocked by clk) and execute/bpBusSv_reg[22]/R (clocked by clk). Large setup violations at the end of those stages might be difficult to fix during the post-placement implementation flow and could be the result of non-optimal XDC constraints or non-optimal design architecture
Related violations: <none>

TIMING-16#363 Warning
Large setup violation  
There is a large setup violation of -1.221 ns between execute/r2AddrSv_reg[2]/C (clocked by clk) and gPerceptron.bPredict/ghrSpec_reg[8]/D (clocked by clk). Large setup violations at the end of those stages might be difficult to fix during the post-placement implementation flow and could be the result of non-optimal XDC constraints or non-optimal design architecture
Related violations: <none>

TIMING-16#364 Warning
Large setup violation  
There is a large setup violation of -1.223 ns between execute/r2AddrSv_reg[2]/C (clocked by clk) and execute/pcPlus4Sv_reg[14]/R (clocked by clk). Large setup violations at the end of those stages might be difficult to fix during the post-placement implementation flow and could be the result of non-optimal XDC constraints or non-optimal design architecture
Related violations: <none>

TIMING-16#365 Warning
Large setup violation  
There is a large setup violation of -1.229 ns between execute/r2AddrSv_reg[2]/C (clocked by clk) and execute/pcPlus4Sv_reg[11]/R (clocked by clk). Large setup violations at the end of those stages might be difficult to fix during the post-placement implementation flow and could be the result of non-optimal XDC constraints or non-optimal design architecture
Related violations: <none>

TIMING-16#366 Warning
Large setup violation  
There is a large setup violation of -1.229 ns between execute/r2AddrSv_reg[2]/C (clocked by clk) and execute/pcPlus4Sv_reg[15]/R (clocked by clk). Large setup violations at the end of those stages might be difficult to fix during the post-placement implementation flow and could be the result of non-optimal XDC constraints or non-optimal design architecture
Related violations: <none>

TIMING-16#367 Warning
Large setup violation  
There is a large setup violation of -1.229 ns between execute/r2AddrSv_reg[2]/C (clocked by clk) and execute/pcPlus4Sv_reg[16]/R (clocked by clk). Large setup violations at the end of those stages might be difficult to fix during the post-placement implementation flow and could be the result of non-optimal XDC constraints or non-optimal design architecture
Related violations: <none>

TIMING-16#368 Warning
Large setup violation  
There is a large setup violation of -1.229 ns between execute/r2AddrSv_reg[2]/C (clocked by clk) and execute/pcPlus4Sv_reg[4]/R (clocked by clk). Large setup violations at the end of those stages might be difficult to fix during the post-placement implementation flow and could be the result of non-optimal XDC constraints or non-optimal design architecture
Related violations: <none>

TIMING-16#369 Warning
Large setup violation  
There is a large setup violation of -1.229 ns between execute/r2AddrSv_reg[2]/C (clocked by clk) and execute/pcPlus4Sv_reg[8]/R (clocked by clk). Large setup violations at the end of those stages might be difficult to fix during the post-placement implementation flow and could be the result of non-optimal XDC constraints or non-optimal design architecture
Related violations: <none>

TIMING-16#370 Warning
Large setup violation  
There is a large setup violation of -1.229 ns between execute/r2AddrSv_reg[2]/C (clocked by clk) and execute/pcPlus4Sv_reg[9]/R (clocked by clk). Large setup violations at the end of those stages might be difficult to fix during the post-placement implementation flow and could be the result of non-optimal XDC constraints or non-optimal design architecture
Related violations: <none>

TIMING-16#371 Warning
Large setup violation  
There is a large setup violation of -1.229 ns between execute/r2AddrSv_reg[2]/C (clocked by clk) and execute/pcSv_reg[1]/R (clocked by clk). Large setup violations at the end of those stages might be difficult to fix during the post-placement implementation flow and could be the result of non-optimal XDC constraints or non-optimal design architecture
Related violations: <none>

TIMING-16#372 Warning
Large setup violation  
There is a large setup violation of -1.230 ns between execute/r2AddrSv_reg[2]/C (clocked by clk) and gPerceptron.bPredict/gOvr.dPcPlus4_reg[25]/R (clocked by clk). Large setup violations at the end of those stages might be difficult to fix during the post-placement implementation flow and could be the result of non-optimal XDC constraints or non-optimal design architecture
Related violations: <none>

TIMING-16#373 Warning
Large setup violation  
There is a large setup violation of -1.230 ns between execute/r2AddrSv_reg[2]/C (clocked by clk) and gPerceptron.bPredict/gOvr.dPcPlus4_reg[26]/R (clocked by clk). Large setup violations at the end of those stages might be difficult to fix during the post-placement implementation flow and could be the result of non-optimal XDC constraints or non-optimal design architecture
Related violations: <none>

TIMING-16#374 Warning
Large setup violation  
There is a large setup violation of -1.230 ns between execute/r2AddrSv_reg[2]/C (clocked by clk) and gPerceptron.bPredict/gOvr.dPcPlus4_reg[27]/R (clocked by clk). Large setup violations at the end of those stages might be difficult to fix during the post-placement implementation flow and could be the result of non-optimal XDC constraints or non-optimal design architecture
Related violations: <none>

TIMING-16#375 Warning
Large setup violation  
There is a large setup violation of -1.230 ns between execute/r2AddrSv_reg[2]/C (clocked by clk) and gPerceptron.bPredict/gOvr.dPcPlus4_reg[28]/R (clocked by clk). Large setup violations at the end of those stages might be difficult to fix during the post-placement implementation flow and could be the result of non-optimal XDC constraints or non-optimal design architecture
Related violations: <none>

TIMING-16#376 Warning
Large setup violation  
There is a large setup violation of -1.231 ns between execute/r2AddrSv_reg[2]/C (clocked by clk) and execute/aSv_reg[3]/R (clocked by clk). Large setup violations at the end of those stages might be difficult to fix during the post-placement implementation flow and could be the result of non-optimal XDC constraints or non-optimal design architecture
Related violations: <none>

TIMING-16#377 Warning
Large setup violation  
There is a large setup violation of -1.231 ns between execute/r2AddrSv_reg[2]/C (clocked by clk) and execute/bSv_reg[0]/R (clocked by clk). Large setup violations at the end of those stages might be difficult to fix during the post-placement implementation flow and could be the result of non-optimal XDC constraints or non-optimal design architecture
Related violations: <none>

TIMING-16#378 Warning
Large setup violation  
There is a large setup violation of -1.231 ns between execute/r2AddrSv_reg[2]/C (clocked by clk) and execute/bSv_reg[15]/R (clocked by clk). Large setup violations at the end of those stages might be difficult to fix during the post-placement implementation flow and could be the result of non-optimal XDC constraints or non-optimal design architecture
Related violations: <none>

TIMING-16#379 Warning
Large setup violation  
There is a large setup violation of -1.231 ns between execute/r2AddrSv_reg[2]/C (clocked by clk) and execute/bSv_reg[2]/R (clocked by clk). Large setup violations at the end of those stages might be difficult to fix during the post-placement implementation flow and could be the result of non-optimal XDC constraints or non-optimal design architecture
Related violations: <none>

TIMING-16#380 Warning
Large setup violation  
There is a large setup violation of -1.231 ns between execute/r2AddrSv_reg[2]/C (clocked by clk) and execute/bSv_reg[5]/R (clocked by clk). Large setup violations at the end of those stages might be difficult to fix during the post-placement implementation flow and could be the result of non-optimal XDC constraints or non-optimal design architecture
Related violations: <none>

TIMING-16#381 Warning
Large setup violation  
There is a large setup violation of -1.231 ns between execute/r2AddrSv_reg[2]/C (clocked by clk) and execute/bpBusSv_reg[0]/R (clocked by clk). Large setup violations at the end of those stages might be difficult to fix during the post-placement implementation flow and could be the result of non-optimal XDC constraints or non-optimal design architecture
Related violations: <none>

TIMING-16#382 Warning
Large setup violation  
There is a large setup violation of -1.231 ns between execute/r2AddrSv_reg[2]/C (clocked by clk) and execute/pcSv_reg[15]/R (clocked by clk). Large setup violations at the end of those stages might be difficult to fix during the post-placement implementation flow and could be the result of non-optimal XDC constraints or non-optimal design architecture
Related violations: <none>

TIMING-16#383 Warning
Large setup violation  
There is a large setup violation of -1.231 ns between execute/r2AddrSv_reg[2]/C (clocked by clk) and execute/pcSv_reg[19]/R (clocked by clk). Large setup violations at the end of those stages might be difficult to fix during the post-placement implementation flow and could be the result of non-optimal XDC constraints or non-optimal design architecture
Related violations: <none>

TIMING-16#384 Warning
Large setup violation  
There is a large setup violation of -1.231 ns between execute/r2AddrSv_reg[2]/C (clocked by clk) and execute/pcSv_reg[24]/R (clocked by clk). Large setup violations at the end of those stages might be difficult to fix during the post-placement implementation flow and could be the result of non-optimal XDC constraints or non-optimal design architecture
Related violations: <none>

TIMING-16#385 Warning
Large setup violation  
There is a large setup violation of -1.231 ns between execute/r2AddrSv_reg[2]/C (clocked by clk) and execute/pcSv_reg[8]_rep__4/R (clocked by clk). Large setup violations at the end of those stages might be difficult to fix during the post-placement implementation flow and could be the result of non-optimal XDC constraints or non-optimal design architecture
Related violations: <none>

TIMING-16#386 Warning
Large setup violation  
There is a large setup violation of -1.233 ns between execute/r2AddrSv_reg[2]/C (clocked by clk) and gPerceptron.bPredict/gOvr.dPart_reg[1][2]/R (clocked by clk). Large setup violations at the end of those stages might be difficult to fix during the post-placement implementation flow and could be the result of non-optimal XDC constraints or non-optimal design architecture
Related violations: <none>

TIMING-16#387 Warning
Large setup violation  
There is a large setup violation of -1.235 ns between execute/r2AddrSv_reg[2]/C (clocked by clk) and decode/pcPlus4Sv_reg[21]/R (clocked by clk). Large setup violations at the end of those stages might be difficult to fix during the post-placement implementation flow and could be the result of non-optimal XDC constraints or non-optimal design architecture
Related violations: <none>

TIMING-16#388 Warning
Large setup violation  
There is a large setup violation of -1.235 ns between execute/r2AddrSv_reg[2]/C (clocked by clk) and decode/pcPlus4Sv_reg[22]/R (clocked by clk). Large setup violations at the end of those stages might be difficult to fix during the post-placement implementation flow and could be the result of non-optimal XDC constraints or non-optimal design architecture
Related violations: <none>

TIMING-16#389 Warning
Large setup violation  
There is a large setup violation of -1.235 ns between execute/r2AddrSv_reg[2]/C (clocked by clk) and decode/pcPlus4Sv_reg[23]/R (clocked by clk). Large setup violations at the end of those stages might be difficult to fix during the post-placement implementation flow and could be the result of non-optimal XDC constraints or non-optimal design architecture
Related violations: <none>

TIMING-16#390 Warning
Large setup violation  
There is a large setup violation of -1.235 ns between execute/r2AddrSv_reg[2]/C (clocked by clk) and decode/pcPlus4Sv_reg[24]/R (clocked by clk). Large setup violations at the end of those stages might be difficult to fix during the post-placement implementation flow and could be the result of non-optimal XDC constraints or non-optimal design architecture
Related violations: <none>

TIMING-16#391 Warning
Large setup violation  
There is a large setup violation of -1.235 ns between execute/r2AddrSv_reg[2]/C (clocked by clk) and execute/pcSv_reg[10]/R (clocked by clk). Large setup violations at the end of those stages might be difficult to fix during the post-placement implementation flow and could be the result of non-optimal XDC constraints or non-optimal design architecture
Related violations: <none>

TIMING-16#392 Warning
Large setup violation  
There is a large setup violation of -1.235 ns between execute/r2AddrSv_reg[2]/C (clocked by clk) and execute/pcSv_reg[14]/R (clocked by clk). Large setup violations at the end of those stages might be difficult to fix during the post-placement implementation flow and could be the result of non-optimal XDC constraints or non-optimal design architecture
Related violations: <none>

TIMING-16#393 Warning
Large setup violation  
There is a large setup violation of -1.235 ns between execute/r2AddrSv_reg[2]/C (clocked by clk) and execute/pcSv_reg[17]/R (clocked by clk). Large setup violations at the end of those stages might be difficult to fix during the post-placement implementation flow and could be the result of non-optimal XDC constraints or non-optimal design architecture
Related violations: <none>

TIMING-16#394 Warning
Large setup violation  
There is a large setup violation of -1.235 ns between execute/r2AddrSv_reg[2]/C (clocked by clk) and execute/pcSv_reg[27]/R (clocked by clk). Large setup violations at the end of those stages might be difficult to fix during the post-placement implementation flow and could be the result of non-optimal XDC constraints or non-optimal design architecture
Related violations: <none>

TIMING-16#395 Warning
Large setup violation  
There is a large setup violation of -1.235 ns between execute/r2AddrSv_reg[2]/C (clocked by clk) and fetch/pc_reg[21]/D (clocked by clk). Large setup violations at the end of those stages might be difficult to fix during the post-placement implementation flow and could be the result of non-optimal XDC constraints or non-optimal design architecture
Related violations: <none>

TIMING-16#396 Warning
Large setup violation  
There is a large setup violation of -1.236 ns between execute/r2AddrSv_reg[2]/C (clocked by clk) and decode/instrSv_reg[14]/R (clocked by clk). Large setup violations at the end of those stages might be difficult to fix during the post-placement implementation flow and could be the result of non-optimal XDC constraints or non-optimal design architecture
Related violations: <none>

TIMING-16#397 Warning
Large setup violation  
There is a large setup violation of -1.236 ns between execute/r2AddrSv_reg[2]/C (clocked by clk) and decode/instrSv_reg[18]/R (clocked by clk). Large setup violations at the end of those stages might be difficult to fix during the post-placement implementation flow and could be the result of non-optimal XDC constraints or non-optimal design architecture
Related violations: <none>

TIMING-16#398 Warning
Large setup violation  
There is a large setup violation of -1.236 ns between execute/r2AddrSv_reg[2]/C (clocked by clk) and gPerceptron.bPredict/gOvr.dGhr_reg[10]/R (clocked by clk). Large setup violations at the end of those stages might be difficult to fix during the post-placement implementation flow and could be the result of non-optimal XDC constraints or non-optimal design architecture
Related violations: <none>

TIMING-16#399 Warning
Large setup violation  
There is a large setup violation of -1.236 ns between execute/r2AddrSv_reg[2]/C (clocked by clk) and gPerceptron.bPredict/gOvr.dGhr_reg[7]/R (clocked by clk). Large setup violations at the end of those stages might be difficult to fix during the post-placement implementation flow and could be the result of non-optimal XDC constraints or non-optimal design architecture
Related violations: <none>

TIMING-16#400 Warning
Large setup violation  
There is a large setup violation of -1.236 ns between execute/r2AddrSv_reg[2]/C (clocked by clk) and gPerceptron.bPredict/gOvr.dTgt_reg[4]/R (clocked by clk). Large setup violations at the end of those stages might be difficult to fix during the post-placement implementation flow and could be the result of non-optimal XDC constraints or non-optimal design architecture
Related violations: <none>

TIMING-16#401 Warning
Large setup violation  
There is a large setup violation of -1.236 ns between execute/r2AddrSv_reg[2]/C (clocked by clk) and gPerceptron.bPredict/gOvr.dTgt_reg[5]/R (clocked by clk). Large setup violations at the end of those stages might be difficult to fix during the post-placement implementation flow and could be the result of non-optimal XDC constraints or non-optimal design architecture
Related violations: <none>

TIMING-16#402 Warning
Large setup violation  
There is a large setup violation of -1.237 ns between execute/r2AddrSv_reg[2]/C (clocked by clk) and gPerceptron.bPredict/gOvr.dPart_reg[2][4]/R (clocked by clk). Large setup violations at the end of those stages might be difficult to fix during the post-placement implementation flow and could be the result of non-optimal XDC constraints or non-optimal design architecture
Related violations: <none>

TIMING-16#403 Warning
Large setup violation  
There is a large setup violation of -1.237 ns between execute/r2AddrSv_reg[2]/C (clocked by clk) and gPerceptron.bPredict/gOvr.dPart_reg[2][5]/R (clocked by clk). Large setup violations at the end of those stages might be difficult to fix during the post-placement implementation flow and could be the result of non-optimal XDC constraints or non-optimal design architecture
Related violations: <none>

TIMING-16#404 Warning
Large setup violation  
There is a large setup violation of -1.237 ns between execute/r2AddrSv_reg[2]/C (clocked by clk) and gPerceptron.bPredict/gOvr.dPart_reg[2][6]/R (clocked by clk). Large setup violations at the end of those stages might be difficult to fix during the post-placement implementation flow and could be the result of non-optimal XDC constraints or non-optimal design architecture
Related violations: <none>

TIMING-16#405 Warning
Large setup violation  
There is a large setup violation of -1.237 ns between execute/r2AddrSv_reg[2]/C (clocked by clk) and gPerceptron.bPredict/gOvr.dPart_reg[2][7]/R (clocked by clk). Large setup violations at the end of those stages might be difficult to fix during the post-placement implementation flow and could be the result of non-optimal XDC constraints or non-optimal design architecture
Related violations: <none>

TIMING-16#406 Warning
Large setup violation  
There is a large setup violation of -1.238 ns between execute/r2AddrSv_reg[2]/C (clocked by clk) and execute/pcPlus4Sv_reg[30]/R (clocked by clk). Large setup violations at the end of those stages might be difficult to fix during the post-placement implementation flow and could be the result of non-optimal XDC constraints or non-optimal design architecture
Related violations: <none>

TIMING-16#407 Warning
Large setup violation  
There is a large setup violation of -1.238 ns between execute/r2AddrSv_reg[2]/C (clocked by clk) and execute/pcPlus4Sv_reg[31]/R (clocked by clk). Large setup violations at the end of those stages might be difficult to fix during the post-placement implementation flow and could be the result of non-optimal XDC constraints or non-optimal design architecture
Related violations: <none>

TIMING-16#408 Warning
Large setup violation  
There is a large setup violation of -1.238 ns between execute/r2AddrSv_reg[2]/C (clocked by clk) and execute/pcSv_reg[18]/R (clocked by clk). Large setup violations at the end of those stages might be difficult to fix during the post-placement implementation flow and could be the result of non-optimal XDC constraints or non-optimal design architecture
Related violations: <none>

TIMING-16#409 Warning
Large setup violation  
There is a large setup violation of -1.238 ns between execute/r2AddrSv_reg[2]/C (clocked by clk) and execute/pcSv_reg[20]/R (clocked by clk). Large setup violations at the end of those stages might be difficult to fix during the post-placement implementation flow and could be the result of non-optimal XDC constraints or non-optimal design architecture
Related violations: <none>

TIMING-16#410 Warning
Large setup violation  
There is a large setup violation of -1.238 ns between execute/r2AddrSv_reg[2]/C (clocked by clk) and execute/pcSv_reg[25]/R (clocked by clk). Large setup violations at the end of those stages might be difficult to fix during the post-placement implementation flow and could be the result of non-optimal XDC constraints or non-optimal design architecture
Related violations: <none>

TIMING-16#411 Warning
Large setup violation  
There is a large setup violation of -1.238 ns between execute/r2AddrSv_reg[2]/C (clocked by clk) and execute/pcSv_reg[4]_rep/R (clocked by clk). Large setup violations at the end of those stages might be difficult to fix during the post-placement implementation flow and could be the result of non-optimal XDC constraints or non-optimal design architecture
Related violations: <none>

TIMING-16#412 Warning
Large setup violation  
There is a large setup violation of -1.238 ns between execute/r2AddrSv_reg[2]/C (clocked by clk) and execute/pcSv_reg[5]_rep/R (clocked by clk). Large setup violations at the end of those stages might be difficult to fix during the post-placement implementation flow and could be the result of non-optimal XDC constraints or non-optimal design architecture
Related violations: <none>

TIMING-16#413 Warning
Large setup violation  
There is a large setup violation of -1.238 ns between execute/r2AddrSv_reg[2]/C (clocked by clk) and execute/pcSv_reg[7]_rep/R (clocked by clk). Large setup violations at the end of those stages might be difficult to fix during the post-placement implementation flow and could be the result of non-optimal XDC constraints or non-optimal design architecture
Related violations: <none>

TIMING-16#414 Warning
Large setup violation  
There is a large setup violation of -1.240 ns between execute/r2AddrSv_reg[2]/C (clocked by clk) and gPerceptron.bPredict/gOvr.dPart_reg[1][4]/R (clocked by clk). Large setup violations at the end of those stages might be difficult to fix during the post-placement implementation flow and could be the result of non-optimal XDC constraints or non-optimal design architecture
Related violations: <none>

TIMING-16#415 Warning
Large setup violation  
There is a large setup violation of -1.240 ns between execute/r2AddrSv_reg[2]/C (clocked by clk) and gPerceptron.bPredict/gOvr.dPart_reg[1][5]/R (clocked by clk). Large setup violations at the end of those stages might be difficult to fix during the post-placement implementation flow and could be the result of non-optimal XDC constraints or non-optimal design architecture
Related violations: <none>

TIMING-16#416 Warning
Large setup violation  
There is a large setup violation of -1.240 ns between execute/r2AddrSv_reg[2]/C (clocked by clk) and gPerceptron.bPredict/gOvr.dPart_reg[1][6]/R (clocked by clk). Large setup violations at the end of those stages might be difficult to fix during the post-placement implementation flow and could be the result of non-optimal XDC constraints or non-optimal design architecture
Related violations: <none>

TIMING-16#417 Warning
Large setup violation  
There is a large setup violation of -1.240 ns between execute/r2AddrSv_reg[2]/C (clocked by clk) and gPerceptron.bPredict/gOvr.dPart_reg[1][7]/R (clocked by clk). Large setup violations at the end of those stages might be difficult to fix during the post-placement implementation flow and could be the result of non-optimal XDC constraints or non-optimal design architecture
Related violations: <none>

TIMING-16#418 Warning
Large setup violation  
There is a large setup violation of -1.241 ns between execute/r2AddrSv_reg[2]/C (clocked by clk) and execute/pcSv_reg[2]_replica_1/R (clocked by clk). Large setup violations at the end of those stages might be difficult to fix during the post-placement implementation flow and could be the result of non-optimal XDC constraints or non-optimal design architecture
Related violations: <none>

TIMING-16#419 Warning
Large setup violation  
There is a large setup violation of -1.241 ns between execute/r2AddrSv_reg[2]/C (clocked by clk) and fetch/pc_reg[8]_rep/D (clocked by clk). Large setup violations at the end of those stages might be difficult to fix during the post-placement implementation flow and could be the result of non-optimal XDC constraints or non-optimal design architecture
Related violations: <none>

TIMING-16#420 Warning
Large setup violation  
There is a large setup violation of -1.243 ns between execute/r2AddrSv_reg[2]/C (clocked by clk) and gPerceptron.bPredict/gOvr.dGhr_reg[12]/R (clocked by clk). Large setup violations at the end of those stages might be difficult to fix during the post-placement implementation flow and could be the result of non-optimal XDC constraints or non-optimal design architecture
Related violations: <none>

TIMING-16#421 Warning
Large setup violation  
There is a large setup violation of -1.243 ns between execute/r2AddrSv_reg[2]/C (clocked by clk) and gPerceptron.bPredict/gOvr.dPart_reg[3][2]/R (clocked by clk). Large setup violations at the end of those stages might be difficult to fix during the post-placement implementation flow and could be the result of non-optimal XDC constraints or non-optimal design architecture
Related violations: <none>

TIMING-16#422 Warning
Large setup violation  
There is a large setup violation of -1.243 ns between execute/r2AddrSv_reg[2]/C (clocked by clk) and gPerceptron.bPredict/gOvr.dPart_reg[3][4]/R (clocked by clk). Large setup violations at the end of those stages might be difficult to fix during the post-placement implementation flow and could be the result of non-optimal XDC constraints or non-optimal design architecture
Related violations: <none>

TIMING-16#423 Warning
Large setup violation  
There is a large setup violation of -1.243 ns between execute/r2AddrSv_reg[2]/C (clocked by clk) and gPerceptron.bPredict/gOvr.dTgt_reg[22]/R (clocked by clk). Large setup violations at the end of those stages might be difficult to fix during the post-placement implementation flow and could be the result of non-optimal XDC constraints or non-optimal design architecture
Related violations: <none>

TIMING-16#424 Warning
Large setup violation  
There is a large setup violation of -1.246 ns between execute/r2AddrSv_reg[2]/C (clocked by clk) and gPerceptron.bPredict/ghrSpec_reg[6]/D (clocked by clk). Large setup violations at the end of those stages might be difficult to fix during the post-placement implementation flow and could be the result of non-optimal XDC constraints or non-optimal design architecture
Related violations: <none>

TIMING-16#425 Warning
Large setup violation  
There is a large setup violation of -1.247 ns between execute/r2AddrSv_reg[2]/C (clocked by clk) and fetch/pc_reg[19]/D (clocked by clk). Large setup violations at the end of those stages might be difficult to fix during the post-placement implementation flow and could be the result of non-optimal XDC constraints or non-optimal design architecture
Related violations: <none>

TIMING-16#426 Warning
Large setup violation  
There is a large setup violation of -1.247 ns between execute/r2AddrSv_reg[2]/C (clocked by clk) and fetch/pc_reg[3]_rep/D (clocked by clk). Large setup violations at the end of those stages might be difficult to fix during the post-placement implementation flow and could be the result of non-optimal XDC constraints or non-optimal design architecture
Related violations: <none>

TIMING-16#427 Warning
Large setup violation  
There is a large setup violation of -1.248 ns between execute/r2AddrSv_reg[2]/C (clocked by clk) and fetch/pc_reg[2]_rep__1/D (clocked by clk). Large setup violations at the end of those stages might be difficult to fix during the post-placement implementation flow and could be the result of non-optimal XDC constraints or non-optimal design architecture
Related violations: <none>

TIMING-16#428 Warning
Large setup violation  
There is a large setup violation of -1.251 ns between execute/r2AddrSv_reg[2]/C (clocked by clk) and execute/aluSrcASv_reg[1]/R (clocked by clk). Large setup violations at the end of those stages might be difficult to fix during the post-placement implementation flow and could be the result of non-optimal XDC constraints or non-optimal design architecture
Related violations: <none>

TIMING-16#429 Warning
Large setup violation  
There is a large setup violation of -1.251 ns between execute/r2AddrSv_reg[2]/C (clocked by clk) and execute/memWriteSv_reg/R (clocked by clk). Large setup violations at the end of those stages might be difficult to fix during the post-placement implementation flow and could be the result of non-optimal XDC constraints or non-optimal design architecture
Related violations: <none>

TIMING-16#430 Warning
Large setup violation  
There is a large setup violation of -1.255 ns between execute/r2AddrSv_reg[2]/C (clocked by clk) and fetch/pc_reg[8]_rep__3/D (clocked by clk). Large setup violations at the end of those stages might be difficult to fix during the post-placement implementation flow and could be the result of non-optimal XDC constraints or non-optimal design architecture
Related violations: <none>

TIMING-16#431 Warning
Large setup violation  
There is a large setup violation of -1.256 ns between execute/r2AddrSv_reg[2]/C (clocked by clk) and execute/bSv_reg[16]/R (clocked by clk). Large setup violations at the end of those stages might be difficult to fix during the post-placement implementation flow and could be the result of non-optimal XDC constraints or non-optimal design architecture
Related violations: <none>

TIMING-16#432 Warning
Large setup violation  
There is a large setup violation of -1.256 ns between execute/r2AddrSv_reg[2]/C (clocked by clk) and execute/bSv_reg[23]/R (clocked by clk). Large setup violations at the end of those stages might be difficult to fix during the post-placement implementation flow and could be the result of non-optimal XDC constraints or non-optimal design architecture
Related violations: <none>

TIMING-16#433 Warning
Large setup violation  
There is a large setup violation of -1.260 ns between execute/r2AddrSv_reg[2]/C (clocked by clk) and gPerceptron.bPredict/ghrSpec_reg[7]/D (clocked by clk). Large setup violations at the end of those stages might be difficult to fix during the post-placement implementation flow and could be the result of non-optimal XDC constraints or non-optimal design architecture
Related violations: <none>

TIMING-16#434 Warning
Large setup violation  
There is a large setup violation of -1.261 ns between execute/r2AddrSv_reg[2]/C (clocked by clk) and fetch/pc_reg[17]/D (clocked by clk). Large setup violations at the end of those stages might be difficult to fix during the post-placement implementation flow and could be the result of non-optimal XDC constraints or non-optimal design architecture
Related violations: <none>

TIMING-16#435 Warning
Large setup violation  
There is a large setup violation of -1.264 ns between execute/r2AddrSv_reg[2]/C (clocked by clk) and fetch/pc_reg[8]_rep__1/D (clocked by clk). Large setup violations at the end of those stages might be difficult to fix during the post-placement implementation flow and could be the result of non-optimal XDC constraints or non-optimal design architecture
Related violations: <none>

TIMING-16#436 Warning
Large setup violation  
There is a large setup violation of -1.265 ns between execute/r2AddrSv_reg[2]/C (clocked by clk) and execute/aSv_reg[0]/R (clocked by clk). Large setup violations at the end of those stages might be difficult to fix during the post-placement implementation flow and could be the result of non-optimal XDC constraints or non-optimal design architecture
Related violations: <none>

TIMING-16#437 Warning
Large setup violation  
There is a large setup violation of -1.265 ns between execute/r2AddrSv_reg[2]/C (clocked by clk) and execute/bSv_reg[6]/R (clocked by clk). Large setup violations at the end of those stages might be difficult to fix during the post-placement implementation flow and could be the result of non-optimal XDC constraints or non-optimal design architecture
Related violations: <none>

TIMING-16#438 Warning
Large setup violation  
There is a large setup violation of -1.265 ns between execute/r2AddrSv_reg[2]/C (clocked by clk) and execute/pcSv_reg[8]_rep__0/R (clocked by clk). Large setup violations at the end of those stages might be difficult to fix during the post-placement implementation flow and could be the result of non-optimal XDC constraints or non-optimal design architecture
Related violations: <none>

TIMING-16#439 Warning
Large setup violation  
There is a large setup violation of -1.265 ns between execute/r2AddrSv_reg[2]/C (clocked by clk) and execute/pcSv_reg[9]/R (clocked by clk). Large setup violations at the end of those stages might be difficult to fix during the post-placement implementation flow and could be the result of non-optimal XDC constraints or non-optimal design architecture
Related violations: <none>

TIMING-16#440 Warning
Large setup violation  
There is a large setup violation of -1.266 ns between execute/r2AddrSv_reg[2]/C (clocked by clk) and execute/aSv_reg[4]/R (clocked by clk). Large setup violations at the end of those stages might be difficult to fix during the post-placement implementation flow and could be the result of non-optimal XDC constraints or non-optimal design architecture
Related violations: <none>

TIMING-16#441 Warning
Large setup violation  
There is a large setup violation of -1.266 ns between execute/r2AddrSv_reg[2]/C (clocked by clk) and execute/bSv_reg[28]/R (clocked by clk). Large setup violations at the end of those stages might be difficult to fix during the post-placement implementation flow and could be the result of non-optimal XDC constraints or non-optimal design architecture
Related violations: <none>

TIMING-16#442 Warning
Large setup violation  
There is a large setup violation of -1.266 ns between execute/r2AddrSv_reg[2]/C (clocked by clk) and execute/bSv_reg[29]/R (clocked by clk). Large setup violations at the end of those stages might be difficult to fix during the post-placement implementation flow and could be the result of non-optimal XDC constraints or non-optimal design architecture
Related violations: <none>

TIMING-16#443 Warning
Large setup violation  
There is a large setup violation of -1.266 ns between execute/r2AddrSv_reg[2]/C (clocked by clk) and execute/bSv_reg[30]/R (clocked by clk). Large setup violations at the end of those stages might be difficult to fix during the post-placement implementation flow and could be the result of non-optimal XDC constraints or non-optimal design architecture
Related violations: <none>

TIMING-16#444 Warning
Large setup violation  
There is a large setup violation of -1.267 ns between execute/r2AddrSv_reg[2]/C (clocked by clk) and execute/aSv_reg[12]/R (clocked by clk). Large setup violations at the end of those stages might be difficult to fix during the post-placement implementation flow and could be the result of non-optimal XDC constraints or non-optimal design architecture
Related violations: <none>

TIMING-16#445 Warning
Large setup violation  
There is a large setup violation of -1.267 ns between execute/r2AddrSv_reg[2]/C (clocked by clk) and execute/aSv_reg[16]/R (clocked by clk). Large setup violations at the end of those stages might be difficult to fix during the post-placement implementation flow and could be the result of non-optimal XDC constraints or non-optimal design architecture
Related violations: <none>

TIMING-16#446 Warning
Large setup violation  
There is a large setup violation of -1.267 ns between execute/r2AddrSv_reg[2]/C (clocked by clk) and execute/bSv_reg[25]/R (clocked by clk). Large setup violations at the end of those stages might be difficult to fix during the post-placement implementation flow and could be the result of non-optimal XDC constraints or non-optimal design architecture
Related violations: <none>

TIMING-16#447 Warning
Large setup violation  
There is a large setup violation of -1.267 ns between execute/r2AddrSv_reg[2]/C (clocked by clk) and execute/bSv_reg[27]/R (clocked by clk). Large setup violations at the end of those stages might be difficult to fix during the post-placement implementation flow and could be the result of non-optimal XDC constraints or non-optimal design architecture
Related violations: <none>

TIMING-16#448 Warning
Large setup violation  
There is a large setup violation of -1.267 ns between execute/r2AddrSv_reg[2]/C (clocked by clk) and execute/bSv_reg[31]/R (clocked by clk). Large setup violations at the end of those stages might be difficult to fix during the post-placement implementation flow and could be the result of non-optimal XDC constraints or non-optimal design architecture
Related violations: <none>

TIMING-16#449 Warning
Large setup violation  
There is a large setup violation of -1.269 ns between execute/r2AddrSv_reg[2]/C (clocked by clk) and fetch/pc_reg[8]_rep__0/D (clocked by clk). Large setup violations at the end of those stages might be difficult to fix during the post-placement implementation flow and could be the result of non-optimal XDC constraints or non-optimal design architecture
Related violations: <none>

TIMING-16#450 Warning
Large setup violation  
There is a large setup violation of -1.270 ns between execute/r2AddrSv_reg[2]/C (clocked by clk) and gPerceptron.bPredict/btbTgt_reg_192_255_30_31/RAMA/WE (clocked by clk). Large setup violations at the end of those stages might be difficult to fix during the post-placement implementation flow and could be the result of non-optimal XDC constraints or non-optimal design architecture
Related violations: <none>

TIMING-16#451 Warning
Large setup violation  
There is a large setup violation of -1.270 ns between execute/r2AddrSv_reg[2]/C (clocked by clk) and gPerceptron.bPredict/btbTgt_reg_192_255_30_31/RAMB/WE (clocked by clk). Large setup violations at the end of those stages might be difficult to fix during the post-placement implementation flow and could be the result of non-optimal XDC constraints or non-optimal design architecture
Related violations: <none>

TIMING-16#452 Warning
Large setup violation  
There is a large setup violation of -1.270 ns between execute/r2AddrSv_reg[2]/C (clocked by clk) and gPerceptron.bPredict/btbTgt_reg_192_255_30_31/RAMC/WE (clocked by clk). Large setup violations at the end of those stages might be difficult to fix during the post-placement implementation flow and could be the result of non-optimal XDC constraints or non-optimal design architecture
Related violations: <none>

TIMING-16#453 Warning
Large setup violation  
There is a large setup violation of -1.270 ns between execute/r2AddrSv_reg[2]/C (clocked by clk) and gPerceptron.bPredict/btbTgt_reg_192_255_30_31/RAMD/WE (clocked by clk). Large setup violations at the end of those stages might be difficult to fix during the post-placement implementation flow and could be the result of non-optimal XDC constraints or non-optimal design architecture
Related violations: <none>

TIMING-16#454 Warning
Large setup violation  
There is a large setup violation of -1.270 ns between execute/r2AddrSv_reg[2]/C (clocked by clk) and gPerceptron.bPredict/ghrSpec_reg[20]/D (clocked by clk). Large setup violations at the end of those stages might be difficult to fix during the post-placement implementation flow and could be the result of non-optimal XDC constraints or non-optimal design architecture
Related violations: <none>

TIMING-16#455 Warning
Large setup violation  
There is a large setup violation of -1.271 ns between execute/r2AddrSv_reg[2]/C (clocked by clk) and fetch/pc_reg[2]_rep__2/D (clocked by clk). Large setup violations at the end of those stages might be difficult to fix during the post-placement implementation flow and could be the result of non-optimal XDC constraints or non-optimal design architecture
Related violations: <none>

TIMING-16#456 Warning
Large setup violation  
There is a large setup violation of -1.272 ns between execute/r2AddrSv_reg[2]/C (clocked by clk) and execute/aSv_reg[20]/R (clocked by clk). Large setup violations at the end of those stages might be difficult to fix during the post-placement implementation flow and could be the result of non-optimal XDC constraints or non-optimal design architecture
Related violations: <none>

TIMING-16#457 Warning
Large setup violation  
There is a large setup violation of -1.272 ns between execute/r2AddrSv_reg[2]/C (clocked by clk) and execute/aSv_reg[24]/R (clocked by clk). Large setup violations at the end of those stages might be difficult to fix during the post-placement implementation flow and could be the result of non-optimal XDC constraints or non-optimal design architecture
Related violations: <none>

TIMING-16#458 Warning
Large setup violation  
There is a large setup violation of -1.272 ns between execute/r2AddrSv_reg[2]/C (clocked by clk) and execute/aSv_reg[26]/R (clocked by clk). Large setup violations at the end of those stages might be difficult to fix during the post-placement implementation flow and could be the result of non-optimal XDC constraints or non-optimal design architecture
Related violations: <none>

TIMING-16#459 Warning
Large setup violation  
There is a large setup violation of -1.272 ns between execute/r2AddrSv_reg[2]/C (clocked by clk) and execute/aSv_reg[28]/R (clocked by clk). Large setup violations at the end of those stages might be difficult to fix during the post-placement implementation flow and could be the result of non-optimal XDC constraints or non-optimal design architecture
Related violations: <none>

TIMING-16#460 Warning
Large setup violation  
There is a large setup violation of -1.273 ns between execute/r2AddrSv_reg[2]/C (clocked by clk) and fetch/pc_reg[4]_rep__2/D (clocked by clk). Large setup violations at the end of those stages might be difficult to fix during the post-placement implementation flow and could be the result of non-optimal XDC constraints or non-optimal design architecture
Related violations: <none>

TIMING-16#461 Warning
Large setup violation  
There is a large setup violation of -1.274 ns between execute/r2AddrSv_reg[2]/C (clocked by clk) and execute/funct7_6Sv_reg/R (clocked by clk). Large setup violations at the end of those stages might be difficult to fix during the post-placement implementation flow and could be the result of non-optimal XDC constraints or non-optimal design architecture
Related violations: <none>

TIMING-16#462 Warning
Large setup violation  
There is a large setup violation of -1.274 ns between execute/r2AddrSv_reg[2]/C (clocked by clk) and execute/useF7Sv_reg/R (clocked by clk). Large setup violations at the end of those stages might be difficult to fix during the post-placement implementation flow and could be the result of non-optimal XDC constraints or non-optimal design architecture
Related violations: <none>

TIMING-16#463 Warning
Large setup violation  
There is a large setup violation of -1.288 ns between execute/r2AddrSv_reg[2]/C (clocked by clk) and execute/bpBusSv_reg[20]/R (clocked by clk). Large setup violations at the end of those stages might be difficult to fix during the post-placement implementation flow and could be the result of non-optimal XDC constraints or non-optimal design architecture
Related violations: <none>

TIMING-16#464 Warning
Large setup violation  
There is a large setup violation of -1.288 ns between execute/r2AddrSv_reg[2]/C (clocked by clk) and execute/bpBusSv_reg[3]/R (clocked by clk). Large setup violations at the end of those stages might be difficult to fix during the post-placement implementation flow and could be the result of non-optimal XDC constraints or non-optimal design architecture
Related violations: <none>

TIMING-16#465 Warning
Large setup violation  
There is a large setup violation of -1.288 ns between execute/r2AddrSv_reg[2]/C (clocked by clk) and execute/bpBusSv_reg[7]/R (clocked by clk). Large setup violations at the end of those stages might be difficult to fix during the post-placement implementation flow and could be the result of non-optimal XDC constraints or non-optimal design architecture
Related violations: <none>

TIMING-16#466 Warning
Large setup violation  
There is a large setup violation of -1.288 ns between execute/r2AddrSv_reg[2]/C (clocked by clk) and execute/pcSv_reg[3]_rep__1/R (clocked by clk). Large setup violations at the end of those stages might be difficult to fix during the post-placement implementation flow and could be the result of non-optimal XDC constraints or non-optimal design architecture
Related violations: <none>

TIMING-16#467 Warning
Large setup violation  
There is a large setup violation of -1.289 ns between execute/r2AddrSv_reg[2]/C (clocked by clk) and fetch/pc_reg[4]/D (clocked by clk). Large setup violations at the end of those stages might be difficult to fix during the post-placement implementation flow and could be the result of non-optimal XDC constraints or non-optimal design architecture
Related violations: <none>

TIMING-16#468 Warning
Large setup violation  
There is a large setup violation of -1.290 ns between execute/r2AddrSv_reg[2]/C (clocked by clk) and decode/bpBusSv_reg[23]/R (clocked by clk). Large setup violations at the end of those stages might be difficult to fix during the post-placement implementation flow and could be the result of non-optimal XDC constraints or non-optimal design architecture
Related violations: <none>

TIMING-16#469 Warning
Large setup violation  
There is a large setup violation of -1.290 ns between execute/r2AddrSv_reg[2]/C (clocked by clk) and decode/pcSv_reg[1]/R (clocked by clk). Large setup violations at the end of those stages might be difficult to fix during the post-placement implementation flow and could be the result of non-optimal XDC constraints or non-optimal design architecture
Related violations: <none>

TIMING-16#470 Warning
Large setup violation  
There is a large setup violation of -1.290 ns between execute/r2AddrSv_reg[2]/C (clocked by clk) and gPerceptron.bPredict/gOvr.dGhr_reg[13]/R (clocked by clk). Large setup violations at the end of those stages might be difficult to fix during the post-placement implementation flow and could be the result of non-optimal XDC constraints or non-optimal design architecture
Related violations: <none>

TIMING-16#471 Warning
Large setup violation  
There is a large setup violation of -1.290 ns between execute/r2AddrSv_reg[2]/C (clocked by clk) and gPerceptron.bPredict/gOvr.dGhr_reg[15]/R (clocked by clk). Large setup violations at the end of those stages might be difficult to fix during the post-placement implementation flow and could be the result of non-optimal XDC constraints or non-optimal design architecture
Related violations: <none>

TIMING-16#472 Warning
Large setup violation  
There is a large setup violation of -1.290 ns between execute/r2AddrSv_reg[2]/C (clocked by clk) and gPerceptron.bPredict/gOvr.dGhr_reg[6]/R (clocked by clk). Large setup violations at the end of those stages might be difficult to fix during the post-placement implementation flow and could be the result of non-optimal XDC constraints or non-optimal design architecture
Related violations: <none>

TIMING-16#473 Warning
Large setup violation  
There is a large setup violation of -1.290 ns between execute/r2AddrSv_reg[2]/C (clocked by clk) and gPerceptron.bPredict/gOvr.dGhr_reg[8]/R (clocked by clk). Large setup violations at the end of those stages might be difficult to fix during the post-placement implementation flow and could be the result of non-optimal XDC constraints or non-optimal design architecture
Related violations: <none>

TIMING-16#474 Warning
Large setup violation  
There is a large setup violation of -1.290 ns between execute/r2AddrSv_reg[2]/C (clocked by clk) and gPerceptron.bPredict/gOvr.dTgt_reg[6]/R (clocked by clk). Large setup violations at the end of those stages might be difficult to fix during the post-placement implementation flow and could be the result of non-optimal XDC constraints or non-optimal design architecture
Related violations: <none>

TIMING-16#475 Warning
Large setup violation  
There is a large setup violation of -1.291 ns between execute/r2AddrSv_reg[2]/C (clocked by clk) and execute/pcSv_reg[2]_replica_2/R (clocked by clk). Large setup violations at the end of those stages might be difficult to fix during the post-placement implementation flow and could be the result of non-optimal XDC constraints or non-optimal design architecture
Related violations: <none>

TIMING-16#476 Warning
Large setup violation  
There is a large setup violation of -1.292 ns between execute/r2AddrSv_reg[2]/C (clocked by clk) and execute/pcSv_reg[3]_replica_1/R (clocked by clk). Large setup violations at the end of those stages might be difficult to fix during the post-placement implementation flow and could be the result of non-optimal XDC constraints or non-optimal design architecture
Related violations: <none>

TIMING-16#477 Warning
Large setup violation  
There is a large setup violation of -1.295 ns between execute/r2AddrSv_reg[2]/C (clocked by clk) and gPerceptron.bPredict/btbTgt_reg_192_255_3_5/RAMA/WE (clocked by clk). Large setup violations at the end of those stages might be difficult to fix during the post-placement implementation flow and could be the result of non-optimal XDC constraints or non-optimal design architecture
Related violations: <none>

TIMING-16#478 Warning
Large setup violation  
There is a large setup violation of -1.295 ns between execute/r2AddrSv_reg[2]/C (clocked by clk) and gPerceptron.bPredict/btbTgt_reg_192_255_3_5/RAMB/WE (clocked by clk). Large setup violations at the end of those stages might be difficult to fix during the post-placement implementation flow and could be the result of non-optimal XDC constraints or non-optimal design architecture
Related violations: <none>

TIMING-16#479 Warning
Large setup violation  
There is a large setup violation of -1.295 ns between execute/r2AddrSv_reg[2]/C (clocked by clk) and gPerceptron.bPredict/btbTgt_reg_192_255_3_5/RAMC/WE (clocked by clk). Large setup violations at the end of those stages might be difficult to fix during the post-placement implementation flow and could be the result of non-optimal XDC constraints or non-optimal design architecture
Related violations: <none>

TIMING-16#480 Warning
Large setup violation  
There is a large setup violation of -1.295 ns between execute/r2AddrSv_reg[2]/C (clocked by clk) and gPerceptron.bPredict/btbTgt_reg_192_255_3_5/RAMD/WE (clocked by clk). Large setup violations at the end of those stages might be difficult to fix during the post-placement implementation flow and could be the result of non-optimal XDC constraints or non-optimal design architecture
Related violations: <none>

TIMING-16#481 Warning
Large setup violation  
There is a large setup violation of -1.296 ns between execute/r2AddrSv_reg[2]/C (clocked by clk) and fetch/pc_reg[4]_rep/D (clocked by clk). Large setup violations at the end of those stages might be difficult to fix during the post-placement implementation flow and could be the result of non-optimal XDC constraints or non-optimal design architecture
Related violations: <none>

TIMING-16#482 Warning
Large setup violation  
There is a large setup violation of -1.300 ns between execute/r2AddrSv_reg[2]/C (clocked by clk) and gPerceptron.bPredict/btbCount_reg_128_255_0_0/DP.HIGH/I (clocked by clk). Large setup violations at the end of those stages might be difficult to fix during the post-placement implementation flow and could be the result of non-optimal XDC constraints or non-optimal design architecture
Related violations: <none>

TIMING-16#483 Warning
Large setup violation  
There is a large setup violation of -1.301 ns between execute/r2AddrSv_reg[2]/C (clocked by clk) and decode/pcSv_reg[21]/R (clocked by clk). Large setup violations at the end of those stages might be difficult to fix during the post-placement implementation flow and could be the result of non-optimal XDC constraints or non-optimal design architecture
Related violations: <none>

TIMING-16#484 Warning
Large setup violation  
There is a large setup violation of -1.301 ns between execute/r2AddrSv_reg[2]/C (clocked by clk) and decode/pcSv_reg[24]/R (clocked by clk). Large setup violations at the end of those stages might be difficult to fix during the post-placement implementation flow and could be the result of non-optimal XDC constraints or non-optimal design architecture
Related violations: <none>

TIMING-16#485 Warning
Large setup violation  
There is a large setup violation of -1.301 ns between execute/r2AddrSv_reg[2]/C (clocked by clk) and decode/pcSv_reg[27]/R (clocked by clk). Large setup violations at the end of those stages might be difficult to fix during the post-placement implementation flow and could be the result of non-optimal XDC constraints or non-optimal design architecture
Related violations: <none>

TIMING-16#486 Warning
Large setup violation  
There is a large setup violation of -1.301 ns between execute/r2AddrSv_reg[2]/C (clocked by clk) and decode/pcSv_reg[29]/R (clocked by clk). Large setup violations at the end of those stages might be difficult to fix during the post-placement implementation flow and could be the result of non-optimal XDC constraints or non-optimal design architecture
Related violations: <none>

TIMING-16#487 Warning
Large setup violation  
There is a large setup violation of -1.301 ns between execute/r2AddrSv_reg[2]/C (clocked by clk) and decode/pcSv_reg[30]/R (clocked by clk). Large setup violations at the end of those stages might be difficult to fix during the post-placement implementation flow and could be the result of non-optimal XDC constraints or non-optimal design architecture
Related violations: <none>

TIMING-16#488 Warning
Large setup violation  
There is a large setup violation of -1.301 ns between execute/r2AddrSv_reg[2]/C (clocked by clk) and fetch/pc_reg[2]_rep/D (clocked by clk). Large setup violations at the end of those stages might be difficult to fix during the post-placement implementation flow and could be the result of non-optimal XDC constraints or non-optimal design architecture
Related violations: <none>

TIMING-16#489 Warning
Large setup violation  
There is a large setup violation of -1.301 ns between execute/r2AddrSv_reg[2]/C (clocked by clk) and gPerceptron.bPredict/gOvr.dTgt_reg[7]/R (clocked by clk). Large setup violations at the end of those stages might be difficult to fix during the post-placement implementation flow and could be the result of non-optimal XDC constraints or non-optimal design architecture
Related violations: <none>

TIMING-16#490 Warning
Large setup violation  
There is a large setup violation of -1.302 ns between execute/r2AddrSv_reg[2]/C (clocked by clk) and execute/aSv_reg[11]/R (clocked by clk). Large setup violations at the end of those stages might be difficult to fix during the post-placement implementation flow and could be the result of non-optimal XDC constraints or non-optimal design architecture
Related violations: <none>

TIMING-16#491 Warning
Large setup violation  
There is a large setup violation of -1.302 ns between execute/r2AddrSv_reg[2]/C (clocked by clk) and execute/aSv_reg[14]/R (clocked by clk). Large setup violations at the end of those stages might be difficult to fix during the post-placement implementation flow and could be the result of non-optimal XDC constraints or non-optimal design architecture
Related violations: <none>

TIMING-16#492 Warning
Large setup violation  
There is a large setup violation of -1.302 ns between execute/r2AddrSv_reg[2]/C (clocked by clk) and execute/aSv_reg[5]/R (clocked by clk). Large setup violations at the end of those stages might be difficult to fix during the post-placement implementation flow and could be the result of non-optimal XDC constraints or non-optimal design architecture
Related violations: <none>

TIMING-16#493 Warning
Large setup violation  
There is a large setup violation of -1.302 ns between execute/r2AddrSv_reg[2]/C (clocked by clk) and execute/aSv_reg[8]/R (clocked by clk). Large setup violations at the end of those stages might be difficult to fix during the post-placement implementation flow and could be the result of non-optimal XDC constraints or non-optimal design architecture
Related violations: <none>

TIMING-16#494 Warning
Large setup violation  
There is a large setup violation of -1.303 ns between execute/r2AddrSv_reg[2]/C (clocked by clk) and fetch/pc_reg[4]_rep__4/D (clocked by clk). Large setup violations at the end of those stages might be difficult to fix during the post-placement implementation flow and could be the result of non-optimal XDC constraints or non-optimal design architecture
Related violations: <none>

TIMING-16#495 Warning
Large setup violation  
There is a large setup violation of -1.304 ns between execute/r2AddrSv_reg[2]/C (clocked by clk) and execute/pcSv_reg[3]_replica/R (clocked by clk). Large setup violations at the end of those stages might be difficult to fix during the post-placement implementation flow and could be the result of non-optimal XDC constraints or non-optimal design architecture
Related violations: <none>

TIMING-16#496 Warning
Large setup violation  
There is a large setup violation of -1.308 ns between execute/r2AddrSv_reg[2]/C (clocked by clk) and fetch/pc_reg[4]_rep__3/D (clocked by clk). Large setup violations at the end of those stages might be difficult to fix during the post-placement implementation flow and could be the result of non-optimal XDC constraints or non-optimal design architecture
Related violations: <none>

TIMING-16#497 Warning
Large setup violation  
There is a large setup violation of -1.312 ns between execute/r2AddrSv_reg[2]/C (clocked by clk) and fetch/pc_reg[4]_rep_replica_1/D (clocked by clk). Large setup violations at the end of those stages might be difficult to fix during the post-placement implementation flow and could be the result of non-optimal XDC constraints or non-optimal design architecture
Related violations: <none>

TIMING-16#498 Warning
Large setup violation  
There is a large setup violation of -1.313 ns between execute/r2AddrSv_reg[2]/C (clocked by clk) and fetch/pc_reg[2]_rep_replica_1/D (clocked by clk). Large setup violations at the end of those stages might be difficult to fix during the post-placement implementation flow and could be the result of non-optimal XDC constraints or non-optimal design architecture
Related violations: <none>

TIMING-16#499 Warning
Large setup violation  
There is a large setup violation of -1.313 ns between execute/r2AddrSv_reg[2]/C (clocked by clk) and gPerceptron.bPredict/ghrSpec_reg[0]/D (clocked by clk). Large setup violations at the end of those stages might be difficult to fix during the post-placement implementation flow and could be the result of non-optimal XDC constraints or non-optimal design architecture
Related violations: <none>

TIMING-16#500 Warning
Large setup violation  
There is a large setup violation of -1.317 ns between execute/r2AddrSv_reg[2]/C (clocked by clk) and fetch/pc_reg[12]/D (clocked by clk). Large setup violations at the end of those stages might be difficult to fix during the post-placement implementation flow and could be the result of non-optimal XDC constraints or non-optimal design architecture
Related violations: <none>

TIMING-16#501 Warning
Large setup violation  
There is a large setup violation of -1.318 ns between execute/r2AddrSv_reg[2]/C (clocked by clk) and execute/pcPlus4Sv_reg[18]/R (clocked by clk). Large setup violations at the end of those stages might be difficult to fix during the post-placement implementation flow and could be the result of non-optimal XDC constraints or non-optimal design architecture
Related violations: <none>

TIMING-16#502 Warning
Large setup violation  
There is a large setup violation of -1.318 ns between execute/r2AddrSv_reg[2]/C (clocked by clk) and execute/pcPlus4Sv_reg[19]/R (clocked by clk). Large setup violations at the end of those stages might be difficult to fix during the post-placement implementation flow and could be the result of non-optimal XDC constraints or non-optimal design architecture
Related violations: <none>

TIMING-16#503 Warning
Large setup violation  
There is a large setup violation of -1.318 ns between execute/r2AddrSv_reg[2]/C (clocked by clk) and execute/pcPlus4Sv_reg[21]/R (clocked by clk). Large setup violations at the end of those stages might be difficult to fix during the post-placement implementation flow and could be the result of non-optimal XDC constraints or non-optimal design architecture
Related violations: <none>

TIMING-16#504 Warning
Large setup violation  
There is a large setup violation of -1.318 ns between execute/r2AddrSv_reg[2]/C (clocked by clk) and execute/pcPlus4Sv_reg[22]/R (clocked by clk). Large setup violations at the end of those stages might be difficult to fix during the post-placement implementation flow and could be the result of non-optimal XDC constraints or non-optimal design architecture
Related violations: <none>

TIMING-16#505 Warning
Large setup violation  
There is a large setup violation of -1.318 ns between execute/r2AddrSv_reg[2]/C (clocked by clk) and fetch/pc_reg[7]/D (clocked by clk). Large setup violations at the end of those stages might be difficult to fix during the post-placement implementation flow and could be the result of non-optimal XDC constraints or non-optimal design architecture
Related violations: <none>

TIMING-16#506 Warning
Large setup violation  
There is a large setup violation of -1.325 ns between execute/r2AddrSv_reg[2]/C (clocked by clk) and fetch/pc_reg[2]_rep__4/D (clocked by clk). Large setup violations at the end of those stages might be difficult to fix during the post-placement implementation flow and could be the result of non-optimal XDC constraints or non-optimal design architecture
Related violations: <none>

TIMING-16#507 Warning
Large setup violation  
There is a large setup violation of -1.326 ns between execute/r2AddrSv_reg[2]/C (clocked by clk) and execute/pcSv_reg[2]_rep__1/R (clocked by clk). Large setup violations at the end of those stages might be difficult to fix during the post-placement implementation flow and could be the result of non-optimal XDC constraints or non-optimal design architecture
Related violations: <none>

TIMING-16#508 Warning
Large setup violation  
There is a large setup violation of -1.328 ns between execute/r2AddrSv_reg[2]/C (clocked by clk) and gPerceptron.bPredict/ghrSpec_reg[1]/D (clocked by clk). Large setup violations at the end of those stages might be difficult to fix during the post-placement implementation flow and could be the result of non-optimal XDC constraints or non-optimal design architecture
Related violations: <none>

TIMING-16#509 Warning
Large setup violation  
There is a large setup violation of -1.330 ns between execute/r2AddrSv_reg[2]/C (clocked by clk) and decode/instrSv_reg[10]/R (clocked by clk). Large setup violations at the end of those stages might be difficult to fix during the post-placement implementation flow and could be the result of non-optimal XDC constraints or non-optimal design architecture
Related violations: <none>

TIMING-16#510 Warning
Large setup violation  
There is a large setup violation of -1.330 ns between execute/r2AddrSv_reg[2]/C (clocked by clk) and gPerceptron.bPredict/gOvr.dTgt_reg[1]/R (clocked by clk). Large setup violations at the end of those stages might be difficult to fix during the post-placement implementation flow and could be the result of non-optimal XDC constraints or non-optimal design architecture
Related violations: <none>

TIMING-16#511 Warning
Large setup violation  
There is a large setup violation of -1.334 ns between execute/r2AddrSv_reg[2]/C (clocked by clk) and fetch/pc_reg[7]_rep__2/D (clocked by clk). Large setup violations at the end of those stages might be difficult to fix during the post-placement implementation flow and could be the result of non-optimal XDC constraints or non-optimal design architecture
Related violations: <none>

TIMING-16#512 Warning
Large setup violation  
There is a large setup violation of -1.335 ns between execute/r2AddrSv_reg[2]/C (clocked by clk) and decode/instrSv_reg[12]/R (clocked by clk). Large setup violations at the end of those stages might be difficult to fix during the post-placement implementation flow and could be the result of non-optimal XDC constraints or non-optimal design architecture
Related violations: <none>

TIMING-16#513 Warning
Large setup violation  
There is a large setup violation of -1.335 ns between execute/r2AddrSv_reg[2]/C (clocked by clk) and decode/pcSv_reg[16]/R (clocked by clk). Large setup violations at the end of those stages might be difficult to fix during the post-placement implementation flow and could be the result of non-optimal XDC constraints or non-optimal design architecture
Related violations: <none>

TIMING-16#514 Warning
Large setup violation  
There is a large setup violation of -1.335 ns between execute/r2AddrSv_reg[2]/C (clocked by clk) and decode/pcSv_reg[23]/R (clocked by clk). Large setup violations at the end of those stages might be difficult to fix during the post-placement implementation flow and could be the result of non-optimal XDC constraints or non-optimal design architecture
Related violations: <none>

TIMING-16#515 Warning
Large setup violation  
There is a large setup violation of -1.335 ns between execute/r2AddrSv_reg[2]/C (clocked by clk) and gPerceptron.bPredict/gOvr.dPart_reg[3][3]/R (clocked by clk). Large setup violations at the end of those stages might be difficult to fix during the post-placement implementation flow and could be the result of non-optimal XDC constraints or non-optimal design architecture
Related violations: <none>

TIMING-16#516 Warning
Large setup violation  
There is a large setup violation of -1.335 ns between execute/r2AddrSv_reg[2]/C (clocked by clk) and gPerceptron.bPredict/gOvr.dPcPlus4_reg[0]/R (clocked by clk). Large setup violations at the end of those stages might be difficult to fix during the post-placement implementation flow and could be the result of non-optimal XDC constraints or non-optimal design architecture
Related violations: <none>

TIMING-16#517 Warning
Large setup violation  
There is a large setup violation of -1.335 ns between execute/r2AddrSv_reg[2]/C (clocked by clk) and gPerceptron.bPredict/gOvr.dTgt_reg[26]/R (clocked by clk). Large setup violations at the end of those stages might be difficult to fix during the post-placement implementation flow and could be the result of non-optimal XDC constraints or non-optimal design architecture
Related violations: <none>

TIMING-16#518 Warning
Large setup violation  
There is a large setup violation of -1.336 ns between execute/r2AddrSv_reg[2]/C (clocked by clk) and fetch/pc_reg[3]_rep__4_replica/D (clocked by clk). Large setup violations at the end of those stages might be difficult to fix during the post-placement implementation flow and could be the result of non-optimal XDC constraints or non-optimal design architecture
Related violations: <none>

TIMING-16#519 Warning
Large setup violation  
There is a large setup violation of -1.337 ns between execute/r2AddrSv_reg[2]/C (clocked by clk) and decode/bPredictedTakenSv_reg/R (clocked by clk). Large setup violations at the end of those stages might be difficult to fix during the post-placement implementation flow and could be the result of non-optimal XDC constraints or non-optimal design architecture
Related violations: <none>

TIMING-16#520 Warning
Large setup violation  
There is a large setup violation of -1.337 ns between execute/r2AddrSv_reg[2]/C (clocked by clk) and decode/instrSv_reg[30]/R (clocked by clk). Large setup violations at the end of those stages might be difficult to fix during the post-placement implementation flow and could be the result of non-optimal XDC constraints or non-optimal design architecture
Related violations: <none>

TIMING-16#521 Warning
Large setup violation  
There is a large setup violation of -1.337 ns between execute/r2AddrSv_reg[2]/C (clocked by clk) and decode/pcSv_reg[20]/R (clocked by clk). Large setup violations at the end of those stages might be difficult to fix during the post-placement implementation flow and could be the result of non-optimal XDC constraints or non-optimal design architecture
Related violations: <none>

TIMING-16#522 Warning
Large setup violation  
There is a large setup violation of -1.337 ns between execute/r2AddrSv_reg[2]/C (clocked by clk) and decode/pcSv_reg[25]/R (clocked by clk). Large setup violations at the end of those stages might be difficult to fix during the post-placement implementation flow and could be the result of non-optimal XDC constraints or non-optimal design architecture
Related violations: <none>

TIMING-16#523 Warning
Large setup violation  
There is a large setup violation of -1.337 ns between execute/r2AddrSv_reg[2]/C (clocked by clk) and decode/pcSv_reg[26]/R (clocked by clk). Large setup violations at the end of those stages might be difficult to fix during the post-placement implementation flow and could be the result of non-optimal XDC constraints or non-optimal design architecture
Related violations: <none>

TIMING-16#524 Warning
Large setup violation  
There is a large setup violation of -1.337 ns between execute/r2AddrSv_reg[2]/C (clocked by clk) and fetch/pc_reg[4]_rep_replica/D (clocked by clk). Large setup violations at the end of those stages might be difficult to fix during the post-placement implementation flow and could be the result of non-optimal XDC constraints or non-optimal design architecture
Related violations: <none>

TIMING-16#525 Warning
Large setup violation  
There is a large setup violation of -1.337 ns between execute/r2AddrSv_reg[2]/C (clocked by clk) and gPerceptron.bPredict/gOvr.dTgt_reg[0]/R (clocked by clk). Large setup violations at the end of those stages might be difficult to fix during the post-placement implementation flow and could be the result of non-optimal XDC constraints or non-optimal design architecture
Related violations: <none>

TIMING-16#526 Warning
Large setup violation  
There is a large setup violation of -1.337 ns between execute/r2AddrSv_reg[2]/C (clocked by clk) and gPerceptron.bPredict/gOvr.dTgt_reg[23]/R (clocked by clk). Large setup violations at the end of those stages might be difficult to fix during the post-placement implementation flow and could be the result of non-optimal XDC constraints or non-optimal design architecture
Related violations: <none>

TIMING-16#527 Warning
Large setup violation  
There is a large setup violation of -1.337 ns between execute/r2AddrSv_reg[2]/C (clocked by clk) and gPerceptron.bPredict/gOvr.dTgt_reg[27]/R (clocked by clk). Large setup violations at the end of those stages might be difficult to fix during the post-placement implementation flow and could be the result of non-optimal XDC constraints or non-optimal design architecture
Related violations: <none>

TIMING-16#528 Warning
Large setup violation  
There is a large setup violation of -1.338 ns between execute/r2AddrSv_reg[2]/C (clocked by clk) and gPerceptron.bPredict/gOvr.dPart_reg[2][12]/R (clocked by clk). Large setup violations at the end of those stages might be difficult to fix during the post-placement implementation flow and could be the result of non-optimal XDC constraints or non-optimal design architecture
Related violations: <none>

TIMING-16#529 Warning
Large setup violation  
There is a large setup violation of -1.338 ns between execute/r2AddrSv_reg[2]/C (clocked by clk) and gPerceptron.bPredict/gOvr.dPart_reg[2][13]/R (clocked by clk). Large setup violations at the end of those stages might be difficult to fix during the post-placement implementation flow and could be the result of non-optimal XDC constraints or non-optimal design architecture
Related violations: <none>

TIMING-16#530 Warning
Large setup violation  
There is a large setup violation of -1.338 ns between execute/r2AddrSv_reg[2]/C (clocked by clk) and gPerceptron.bPredict/gOvr.dPart_reg[2][14]/R (clocked by clk). Large setup violations at the end of those stages might be difficult to fix during the post-placement implementation flow and could be the result of non-optimal XDC constraints or non-optimal design architecture
Related violations: <none>

TIMING-16#531 Warning
Large setup violation  
There is a large setup violation of -1.338 ns between execute/r2AddrSv_reg[2]/C (clocked by clk) and gPerceptron.bPredict/gOvr.dPart_reg[3][0]/R (clocked by clk). Large setup violations at the end of those stages might be difficult to fix during the post-placement implementation flow and could be the result of non-optimal XDC constraints or non-optimal design architecture
Related violations: <none>

TIMING-16#532 Warning
Large setup violation  
There is a large setup violation of -1.339 ns between execute/r2AddrSv_reg[2]/C (clocked by clk) and gPerceptron.bPredict/gOvr.dPart_reg[1][12]/R (clocked by clk). Large setup violations at the end of those stages might be difficult to fix during the post-placement implementation flow and could be the result of non-optimal XDC constraints or non-optimal design architecture
Related violations: <none>

TIMING-16#533 Warning
Large setup violation  
There is a large setup violation of -1.339 ns between execute/r2AddrSv_reg[2]/C (clocked by clk) and gPerceptron.bPredict/gOvr.dPart_reg[1][13]/R (clocked by clk). Large setup violations at the end of those stages might be difficult to fix during the post-placement implementation flow and could be the result of non-optimal XDC constraints or non-optimal design architecture
Related violations: <none>

TIMING-16#534 Warning
Large setup violation  
There is a large setup violation of -1.339 ns between execute/r2AddrSv_reg[2]/C (clocked by clk) and gPerceptron.bPredict/gOvr.dPart_reg[1][14]/R (clocked by clk). Large setup violations at the end of those stages might be difficult to fix during the post-placement implementation flow and could be the result of non-optimal XDC constraints or non-optimal design architecture
Related violations: <none>

TIMING-16#535 Warning
Large setup violation  
There is a large setup violation of -1.341 ns between execute/r2AddrSv_reg[2]/C (clocked by clk) and decode/instrSv_reg[11]/R (clocked by clk). Large setup violations at the end of those stages might be difficult to fix during the post-placement implementation flow and could be the result of non-optimal XDC constraints or non-optimal design architecture
Related violations: <none>

TIMING-16#536 Warning
Large setup violation  
There is a large setup violation of -1.341 ns between execute/r2AddrSv_reg[2]/C (clocked by clk) and execute/aSv_reg[17]/R (clocked by clk). Large setup violations at the end of those stages might be difficult to fix during the post-placement implementation flow and could be the result of non-optimal XDC constraints or non-optimal design architecture
Related violations: <none>

TIMING-16#537 Warning
Large setup violation  
There is a large setup violation of -1.341 ns between execute/r2AddrSv_reg[2]/C (clocked by clk) and execute/aSv_reg[23]/R (clocked by clk). Large setup violations at the end of those stages might be difficult to fix during the post-placement implementation flow and could be the result of non-optimal XDC constraints or non-optimal design architecture
Related violations: <none>

TIMING-16#538 Warning
Large setup violation  
There is a large setup violation of -1.341 ns between execute/r2AddrSv_reg[2]/C (clocked by clk) and gPerceptron.bPredict/gOvr.dBtbHit_reg/R (clocked by clk). Large setup violations at the end of those stages might be difficult to fix during the post-placement implementation flow and could be the result of non-optimal XDC constraints or non-optimal design architecture
Related violations: <none>

TIMING-16#539 Warning
Large setup violation  
There is a large setup violation of -1.341 ns between execute/r2AddrSv_reg[2]/C (clocked by clk) and gPerceptron.bPredict/gOvr.dPcPlus4_reg[17]/R (clocked by clk). Large setup violations at the end of those stages might be difficult to fix during the post-placement implementation flow and could be the result of non-optimal XDC constraints or non-optimal design architecture
Related violations: <none>

TIMING-16#540 Warning
Large setup violation  
There is a large setup violation of -1.341 ns between execute/r2AddrSv_reg[2]/C (clocked by clk) and gPerceptron.bPredict/gOvr.dPcPlus4_reg[18]/R (clocked by clk). Large setup violations at the end of those stages might be difficult to fix during the post-placement implementation flow and could be the result of non-optimal XDC constraints or non-optimal design architecture
Related violations: <none>

TIMING-16#541 Warning
Large setup violation  
There is a large setup violation of -1.341 ns between execute/r2AddrSv_reg[2]/C (clocked by clk) and gPerceptron.bPredict/gOvr.dPcPlus4_reg[19]/R (clocked by clk). Large setup violations at the end of those stages might be difficult to fix during the post-placement implementation flow and could be the result of non-optimal XDC constraints or non-optimal design architecture
Related violations: <none>

TIMING-16#542 Warning
Large setup violation  
There is a large setup violation of -1.341 ns between execute/r2AddrSv_reg[2]/C (clocked by clk) and gPerceptron.bPredict/gOvr.dPcPlus4_reg[20]/R (clocked by clk). Large setup violations at the end of those stages might be difficult to fix during the post-placement implementation flow and could be the result of non-optimal XDC constraints or non-optimal design architecture
Related violations: <none>

TIMING-16#543 Warning
Large setup violation  
There is a large setup violation of -1.341 ns between execute/r2AddrSv_reg[2]/C (clocked by clk) and gPerceptron.bPredict/gOvr.dTgt_reg[14]/R (clocked by clk). Large setup violations at the end of those stages might be difficult to fix during the post-placement implementation flow and could be the result of non-optimal XDC constraints or non-optimal design architecture
Related violations: <none>

TIMING-16#544 Warning
Large setup violation  
There is a large setup violation of -1.341 ns between execute/r2AddrSv_reg[2]/C (clocked by clk) and gPerceptron.bPredict/gOvr.dUncond_reg/R (clocked by clk). Large setup violations at the end of those stages might be difficult to fix during the post-placement implementation flow and could be the result of non-optimal XDC constraints or non-optimal design architecture
Related violations: <none>

TIMING-16#545 Warning
Large setup violation  
There is a large setup violation of -1.342 ns between execute/r2AddrSv_reg[2]/C (clocked by clk) and gPerceptron.bPredict/gOvr.dPart_reg[0][12]/R (clocked by clk). Large setup violations at the end of those stages might be difficult to fix during the post-placement implementation flow and could be the result of non-optimal XDC constraints or non-optimal design architecture
Related violations: <none>

TIMING-16#546 Warning
Large setup violation  
There is a large setup violation of -1.342 ns between execute/r2AddrSv_reg[2]/C (clocked by clk) and gPerceptron.bPredict/gOvr.dPart_reg[0][13]/R (clocked by clk). Large setup violations at the end of those stages might be difficult to fix during the post-placement implementation flow and could be the result of non-optimal XDC constraints or non-optimal design architecture
Related violations: <none>

TIMING-16#547 Warning
Large setup violation  
There is a large setup violation of -1.342 ns between execute/r2AddrSv_reg[2]/C (clocked by clk) and gPerceptron.bPredict/gOvr.dPart_reg[0][14]/R (clocked by clk). Large setup violations at the end of those stages might be difficult to fix during the post-placement implementation flow and could be the result of non-optimal XDC constraints or non-optimal design architecture
Related violations: <none>

TIMING-16#548 Warning
Large setup violation  
There is a large setup violation of -1.345 ns between execute/r2AddrSv_reg[2]/C (clocked by clk) and fetch/pc_reg[18]/D (clocked by clk). Large setup violations at the end of those stages might be difficult to fix during the post-placement implementation flow and could be the result of non-optimal XDC constraints or non-optimal design architecture
Related violations: <none>

TIMING-16#549 Warning
Large setup violation  
There is a large setup violation of -1.346 ns between execute/r2AddrSv_reg[2]/C (clocked by clk) and decode/pcPlus4Sv_reg[13]/R (clocked by clk). Large setup violations at the end of those stages might be difficult to fix during the post-placement implementation flow and could be the result of non-optimal XDC constraints or non-optimal design architecture
Related violations: <none>

TIMING-16#550 Warning
Large setup violation  
There is a large setup violation of -1.346 ns between execute/r2AddrSv_reg[2]/C (clocked by clk) and decode/pcPlus4Sv_reg[14]/R (clocked by clk). Large setup violations at the end of those stages might be difficult to fix during the post-placement implementation flow and could be the result of non-optimal XDC constraints or non-optimal design architecture
Related violations: <none>

TIMING-16#551 Warning
Large setup violation  
There is a large setup violation of -1.346 ns between execute/r2AddrSv_reg[2]/C (clocked by clk) and decode/pcPlus4Sv_reg[15]/R (clocked by clk). Large setup violations at the end of those stages might be difficult to fix during the post-placement implementation flow and could be the result of non-optimal XDC constraints or non-optimal design architecture
Related violations: <none>

TIMING-16#552 Warning
Large setup violation  
There is a large setup violation of -1.346 ns between execute/r2AddrSv_reg[2]/C (clocked by clk) and decode/pcPlus4Sv_reg[16]/R (clocked by clk). Large setup violations at the end of those stages might be difficult to fix during the post-placement implementation flow and could be the result of non-optimal XDC constraints or non-optimal design architecture
Related violations: <none>

TIMING-16#553 Warning
Large setup violation  
There is a large setup violation of -1.348 ns between execute/r2AddrSv_reg[2]/C (clocked by clk) and gPerceptron.bPredict/ghrSpec_reg[15]/D (clocked by clk). Large setup violations at the end of those stages might be difficult to fix during the post-placement implementation flow and could be the result of non-optimal XDC constraints or non-optimal design architecture
Related violations: <none>

TIMING-16#554 Warning
Large setup violation  
There is a large setup violation of -1.349 ns between execute/r2AddrSv_reg[2]/C (clocked by clk) and fetch/pc_reg[7]_rep/D (clocked by clk). Large setup violations at the end of those stages might be difficult to fix during the post-placement implementation flow and could be the result of non-optimal XDC constraints or non-optimal design architecture
Related violations: <none>

TIMING-16#555 Warning
Large setup violation  
There is a large setup violation of -1.349 ns between execute/r2AddrSv_reg[2]/C (clocked by clk) and gPerceptron.bPredict/ghrSpec_reg[2]/D (clocked by clk). Large setup violations at the end of those stages might be difficult to fix during the post-placement implementation flow and could be the result of non-optimal XDC constraints or non-optimal design architecture
Related violations: <none>

TIMING-16#556 Warning
Large setup violation  
There is a large setup violation of -1.351 ns between execute/r2AddrSv_reg[2]/C (clocked by clk) and execute/bSv_reg[17]/R (clocked by clk). Large setup violations at the end of those stages might be difficult to fix during the post-placement implementation flow and could be the result of non-optimal XDC constraints or non-optimal design architecture
Related violations: <none>

TIMING-16#557 Warning
Large setup violation  
There is a large setup violation of -1.351 ns between execute/r2AddrSv_reg[2]/C (clocked by clk) and execute/bSv_reg[8]/R (clocked by clk). Large setup violations at the end of those stages might be difficult to fix during the post-placement implementation flow and could be the result of non-optimal XDC constraints or non-optimal design architecture
Related violations: <none>

TIMING-16#558 Warning
Large setup violation  
There is a large setup violation of -1.356 ns between execute/r2AddrSv_reg[2]/C (clocked by clk) and execute/pcSv_reg[2]_rep__3/R (clocked by clk). Large setup violations at the end of those stages might be difficult to fix during the post-placement implementation flow and could be the result of non-optimal XDC constraints or non-optimal design architecture
Related violations: <none>

TIMING-16#559 Warning
Large setup violation  
There is a large setup violation of -1.356 ns between execute/r2AddrSv_reg[2]/C (clocked by clk) and execute/pcSv_reg[3]_rep__3/R (clocked by clk). Large setup violations at the end of those stages might be difficult to fix during the post-placement implementation flow and could be the result of non-optimal XDC constraints or non-optimal design architecture
Related violations: <none>

TIMING-16#560 Warning
Large setup violation  
There is a large setup violation of -1.356 ns between execute/r2AddrSv_reg[2]/C (clocked by clk) and execute/pcSv_reg[4]_rep__2/R (clocked by clk). Large setup violations at the end of those stages might be difficult to fix during the post-placement implementation flow and could be the result of non-optimal XDC constraints or non-optimal design architecture
Related violations: <none>

TIMING-16#561 Warning
Large setup violation  
There is a large setup violation of -1.356 ns between execute/r2AddrSv_reg[2]/C (clocked by clk) and execute/pcSv_reg[4]_rep__3/R (clocked by clk). Large setup violations at the end of those stages might be difficult to fix during the post-placement implementation flow and could be the result of non-optimal XDC constraints or non-optimal design architecture
Related violations: <none>

TIMING-16#562 Warning
Large setup violation  
There is a large setup violation of -1.357 ns between execute/r2AddrSv_reg[2]/C (clocked by clk) and gPerceptron.bPredict/gOvr.dTgt_reg[21]/R (clocked by clk). Large setup violations at the end of those stages might be difficult to fix during the post-placement implementation flow and could be the result of non-optimal XDC constraints or non-optimal design architecture
Related violations: <none>

TIMING-16#563 Warning
Large setup violation  
There is a large setup violation of -1.359 ns between execute/r2AddrSv_reg[2]/C (clocked by clk) and gPerceptron.bPredict/gOvr.dPart_reg[2][0]/R (clocked by clk). Large setup violations at the end of those stages might be difficult to fix during the post-placement implementation flow and could be the result of non-optimal XDC constraints or non-optimal design architecture
Related violations: <none>

TIMING-16#564 Warning
Large setup violation  
There is a large setup violation of -1.359 ns between execute/r2AddrSv_reg[2]/C (clocked by clk) and gPerceptron.bPredict/gOvr.dPart_reg[2][1]/R (clocked by clk). Large setup violations at the end of those stages might be difficult to fix during the post-placement implementation flow and could be the result of non-optimal XDC constraints or non-optimal design architecture
Related violations: <none>

TIMING-16#565 Warning
Large setup violation  
There is a large setup violation of -1.359 ns between execute/r2AddrSv_reg[2]/C (clocked by clk) and gPerceptron.bPredict/gOvr.dPart_reg[2][2]/R (clocked by clk). Large setup violations at the end of those stages might be difficult to fix during the post-placement implementation flow and could be the result of non-optimal XDC constraints or non-optimal design architecture
Related violations: <none>

TIMING-16#566 Warning
Large setup violation  
There is a large setup violation of -1.359 ns between execute/r2AddrSv_reg[2]/C (clocked by clk) and gPerceptron.bPredict/gOvr.dPart_reg[2][3]/R (clocked by clk). Large setup violations at the end of those stages might be difficult to fix during the post-placement implementation flow and could be the result of non-optimal XDC constraints or non-optimal design architecture
Related violations: <none>

TIMING-16#567 Warning
Large setup violation  
There is a large setup violation of -1.361 ns between execute/r2AddrSv_reg[2]/C (clocked by clk) and fetch/pc_reg[14]/D (clocked by clk). Large setup violations at the end of those stages might be difficult to fix during the post-placement implementation flow and could be the result of non-optimal XDC constraints or non-optimal design architecture
Related violations: <none>

TIMING-16#568 Warning
Large setup violation  
There is a large setup violation of -1.362 ns between execute/r2AddrSv_reg[2]/C (clocked by clk) and decode/pcPlus4Sv_reg[29]/R (clocked by clk). Large setup violations at the end of those stages might be difficult to fix during the post-placement implementation flow and could be the result of non-optimal XDC constraints or non-optimal design architecture
Related violations: <none>

TIMING-16#569 Warning
Large setup violation  
There is a large setup violation of -1.362 ns between execute/r2AddrSv_reg[2]/C (clocked by clk) and decode/pcPlus4Sv_reg[30]/R (clocked by clk). Large setup violations at the end of those stages might be difficult to fix during the post-placement implementation flow and could be the result of non-optimal XDC constraints or non-optimal design architecture
Related violations: <none>

TIMING-16#570 Warning
Large setup violation  
There is a large setup violation of -1.362 ns between execute/r2AddrSv_reg[2]/C (clocked by clk) and decode/pcPlus4Sv_reg[31]/R (clocked by clk). Large setup violations at the end of those stages might be difficult to fix during the post-placement implementation flow and could be the result of non-optimal XDC constraints or non-optimal design architecture
Related violations: <none>

TIMING-16#571 Warning
Large setup violation  
There is a large setup violation of -1.362 ns between execute/r2AddrSv_reg[2]/C (clocked by clk) and gPerceptron.bPredict/gOvr.dPcPlus4_reg[29]/R (clocked by clk). Large setup violations at the end of those stages might be difficult to fix during the post-placement implementation flow and could be the result of non-optimal XDC constraints or non-optimal design architecture
Related violations: <none>

TIMING-16#572 Warning
Large setup violation  
There is a large setup violation of -1.362 ns between execute/r2AddrSv_reg[2]/C (clocked by clk) and gPerceptron.bPredict/gOvr.dPcPlus4_reg[30]/R (clocked by clk). Large setup violations at the end of those stages might be difficult to fix during the post-placement implementation flow and could be the result of non-optimal XDC constraints or non-optimal design architecture
Related violations: <none>

TIMING-16#573 Warning
Large setup violation  
There is a large setup violation of -1.362 ns between execute/r2AddrSv_reg[2]/C (clocked by clk) and gPerceptron.bPredict/gOvr.dPcPlus4_reg[31]/R (clocked by clk). Large setup violations at the end of those stages might be difficult to fix during the post-placement implementation flow and could be the result of non-optimal XDC constraints or non-optimal design architecture
Related violations: <none>

TIMING-16#574 Warning
Large setup violation  
There is a large setup violation of -1.362 ns between execute/r2AddrSv_reg[2]/C (clocked by clk) and gPerceptron.bPredict/gOvr.dTgt_reg[31]/R (clocked by clk). Large setup violations at the end of those stages might be difficult to fix during the post-placement implementation flow and could be the result of non-optimal XDC constraints or non-optimal design architecture
Related violations: <none>

TIMING-16#575 Warning
Large setup violation  
There is a large setup violation of -1.363 ns between execute/r2AddrSv_reg[2]/C (clocked by clk) and fetch/pc_reg[3]_rep__0_replica/D (clocked by clk). Large setup violations at the end of those stages might be difficult to fix during the post-placement implementation flow and could be the result of non-optimal XDC constraints or non-optimal design architecture
Related violations: <none>

TIMING-16#576 Warning
Large setup violation  
There is a large setup violation of -1.366 ns between execute/r2AddrSv_reg[2]/C (clocked by clk) and decode/instrSv_reg[16]/R (clocked by clk). Large setup violations at the end of those stages might be difficult to fix during the post-placement implementation flow and could be the result of non-optimal XDC constraints or non-optimal design architecture
Related violations: <none>

TIMING-16#577 Warning
Large setup violation  
There is a large setup violation of -1.366 ns between execute/r2AddrSv_reg[2]/C (clocked by clk) and decode/instrSv_reg[26]/R (clocked by clk). Large setup violations at the end of those stages might be difficult to fix during the post-placement implementation flow and could be the result of non-optimal XDC constraints or non-optimal design architecture
Related violations: <none>

TIMING-16#578 Warning
Large setup violation  
There is a large setup violation of -1.366 ns between execute/r2AddrSv_reg[2]/C (clocked by clk) and decode/pcSv_reg[3]/R (clocked by clk). Large setup violations at the end of those stages might be difficult to fix during the post-placement implementation flow and could be the result of non-optimal XDC constraints or non-optimal design architecture
Related violations: <none>

TIMING-16#579 Warning
Large setup violation  
There is a large setup violation of -1.366 ns between execute/r2AddrSv_reg[2]/C (clocked by clk) and execute/aSv_reg[15]/R (clocked by clk). Large setup violations at the end of those stages might be difficult to fix during the post-placement implementation flow and could be the result of non-optimal XDC constraints or non-optimal design architecture
Related violations: <none>

TIMING-16#580 Warning
Large setup violation  
There is a large setup violation of -1.366 ns between execute/r2AddrSv_reg[2]/C (clocked by clk) and execute/aSv_reg[19]/R (clocked by clk). Large setup violations at the end of those stages might be difficult to fix during the post-placement implementation flow and could be the result of non-optimal XDC constraints or non-optimal design architecture
Related violations: <none>

TIMING-16#581 Warning
Large setup violation  
There is a large setup violation of -1.366 ns between execute/r2AddrSv_reg[2]/C (clocked by clk) and execute/r2AddrSv_reg[0]/R (clocked by clk). Large setup violations at the end of those stages might be difficult to fix during the post-placement implementation flow and could be the result of non-optimal XDC constraints or non-optimal design architecture
Related violations: <none>

TIMING-16#582 Warning
Large setup violation  
There is a large setup violation of -1.366 ns between execute/r2AddrSv_reg[2]/C (clocked by clk) and fetch/pc_reg[7]_rep__5/D (clocked by clk). Large setup violations at the end of those stages might be difficult to fix during the post-placement implementation flow and could be the result of non-optimal XDC constraints or non-optimal design architecture
Related violations: <none>

TIMING-16#583 Warning
Large setup violation  
There is a large setup violation of -1.366 ns between execute/r2AddrSv_reg[2]/C (clocked by clk) and gPerceptron.bPredict/gOvr.dGhr_reg[14]/R (clocked by clk). Large setup violations at the end of those stages might be difficult to fix during the post-placement implementation flow and could be the result of non-optimal XDC constraints or non-optimal design architecture
Related violations: <none>

TIMING-16#584 Warning
Large setup violation  
There is a large setup violation of -1.366 ns between execute/r2AddrSv_reg[2]/C (clocked by clk) and gPerceptron.bPredict/gOvr.dGhr_reg[21]/R (clocked by clk). Large setup violations at the end of those stages might be difficult to fix during the post-placement implementation flow and could be the result of non-optimal XDC constraints or non-optimal design architecture
Related violations: <none>

TIMING-16#585 Warning
Large setup violation  
There is a large setup violation of -1.366 ns between execute/r2AddrSv_reg[2]/C (clocked by clk) and gPerceptron.bPredict/gOvr.dGhr_reg[2]/R (clocked by clk). Large setup violations at the end of those stages might be difficult to fix during the post-placement implementation flow and could be the result of non-optimal XDC constraints or non-optimal design architecture
Related violations: <none>

TIMING-16#586 Warning
Large setup violation  
There is a large setup violation of -1.366 ns between execute/r2AddrSv_reg[2]/C (clocked by clk) and gPerceptron.bPredict/gOvr.dGhr_reg[4]/R (clocked by clk). Large setup violations at the end of those stages might be difficult to fix during the post-placement implementation flow and could be the result of non-optimal XDC constraints or non-optimal design architecture
Related violations: <none>

TIMING-16#587 Warning
Large setup violation  
There is a large setup violation of -1.366 ns between execute/r2AddrSv_reg[2]/C (clocked by clk) and gPerceptron.bPredict/gOvr.dGhr_reg[5]/R (clocked by clk). Large setup violations at the end of those stages might be difficult to fix during the post-placement implementation flow and could be the result of non-optimal XDC constraints or non-optimal design architecture
Related violations: <none>

TIMING-16#588 Warning
Large setup violation  
There is a large setup violation of -1.367 ns between execute/r2AddrSv_reg[2]/C (clocked by clk) and decode/pcPlus4Sv_reg[25]/R (clocked by clk). Large setup violations at the end of those stages might be difficult to fix during the post-placement implementation flow and could be the result of non-optimal XDC constraints or non-optimal design architecture
Related violations: <none>

TIMING-16#589 Warning
Large setup violation  
There is a large setup violation of -1.367 ns between execute/r2AddrSv_reg[2]/C (clocked by clk) and decode/pcPlus4Sv_reg[26]/R (clocked by clk). Large setup violations at the end of those stages might be difficult to fix during the post-placement implementation flow and could be the result of non-optimal XDC constraints or non-optimal design architecture
Related violations: <none>

TIMING-16#590 Warning
Large setup violation  
There is a large setup violation of -1.367 ns between execute/r2AddrSv_reg[2]/C (clocked by clk) and decode/pcPlus4Sv_reg[27]/R (clocked by clk). Large setup violations at the end of those stages might be difficult to fix during the post-placement implementation flow and could be the result of non-optimal XDC constraints or non-optimal design architecture
Related violations: <none>

TIMING-16#591 Warning
Large setup violation  
There is a large setup violation of -1.367 ns between execute/r2AddrSv_reg[2]/C (clocked by clk) and decode/pcPlus4Sv_reg[28]/R (clocked by clk). Large setup violations at the end of those stages might be difficult to fix during the post-placement implementation flow and could be the result of non-optimal XDC constraints or non-optimal design architecture
Related violations: <none>

TIMING-16#592 Warning
Large setup violation  
There is a large setup violation of -1.370 ns between execute/r2AddrSv_reg[2]/C (clocked by clk) and fetch/pc_reg[10]/D (clocked by clk). Large setup violations at the end of those stages might be difficult to fix during the post-placement implementation flow and could be the result of non-optimal XDC constraints or non-optimal design architecture
Related violations: <none>

TIMING-16#593 Warning
Large setup violation  
There is a large setup violation of -1.370 ns between execute/r2AddrSv_reg[2]/C (clocked by clk) and fetch/pc_reg[2]_rep__3/D (clocked by clk). Large setup violations at the end of those stages might be difficult to fix during the post-placement implementation flow and could be the result of non-optimal XDC constraints or non-optimal design architecture
Related violations: <none>

TIMING-16#594 Warning
Large setup violation  
There is a large setup violation of -1.371 ns between execute/r2AddrSv_reg[2]/C (clocked by clk) and execute/r2AddrSv_reg[1]/R (clocked by clk). Large setup violations at the end of those stages might be difficult to fix during the post-placement implementation flow and could be the result of non-optimal XDC constraints or non-optimal design architecture
Related violations: <none>

TIMING-16#595 Warning
Large setup violation  
There is a large setup violation of -1.371 ns between execute/r2AddrSv_reg[2]/C (clocked by clk) and execute/r2AddrSv_reg[2]/R (clocked by clk). Large setup violations at the end of those stages might be difficult to fix during the post-placement implementation flow and could be the result of non-optimal XDC constraints or non-optimal design architecture
Related violations: <none>

TIMING-16#596 Warning
Large setup violation  
There is a large setup violation of -1.371 ns between execute/r2AddrSv_reg[2]/C (clocked by clk) and execute/r2AddrSv_reg[4]/R (clocked by clk). Large setup violations at the end of those stages might be difficult to fix during the post-placement implementation flow and could be the result of non-optimal XDC constraints or non-optimal design architecture
Related violations: <none>

TIMING-16#597 Warning
Large setup violation  
There is a large setup violation of -1.371 ns between execute/r2AddrSv_reg[2]/C (clocked by clk) and gPerceptron.bPredict/ghrSpec_reg[4]/D (clocked by clk). Large setup violations at the end of those stages might be difficult to fix during the post-placement implementation flow and could be the result of non-optimal XDC constraints or non-optimal design architecture
Related violations: <none>

TIMING-16#598 Warning
Large setup violation  
There is a large setup violation of -1.374 ns between execute/r2AddrSv_reg[2]/C (clocked by clk) and decode/instrSv_reg[28]/R (clocked by clk). Large setup violations at the end of those stages might be difficult to fix during the post-placement implementation flow and could be the result of non-optimal XDC constraints or non-optimal design architecture
Related violations: <none>

TIMING-16#599 Warning
Large setup violation  
There is a large setup violation of -1.374 ns between execute/r2AddrSv_reg[2]/C (clocked by clk) and decode/instrSv_reg[2]/R (clocked by clk). Large setup violations at the end of those stages might be difficult to fix during the post-placement implementation flow and could be the result of non-optimal XDC constraints or non-optimal design architecture
Related violations: <none>

TIMING-16#600 Warning
Large setup violation  
There is a large setup violation of -1.376 ns between execute/r2AddrSv_reg[2]/C (clocked by clk) and execute/pcSv_reg[2]_rep/R (clocked by clk). Large setup violations at the end of those stages might be difficult to fix during the post-placement implementation flow and could be the result of non-optimal XDC constraints or non-optimal design architecture
Related violations: <none>

TIMING-16#601 Warning
Large setup violation  
There is a large setup violation of -1.376 ns between execute/r2AddrSv_reg[2]/C (clocked by clk) and gPerceptron.bPredict/gOvr.dPart_reg[2][10]/R (clocked by clk). Large setup violations at the end of those stages might be difficult to fix during the post-placement implementation flow and could be the result of non-optimal XDC constraints or non-optimal design architecture
Related violations: <none>

TIMING-16#602 Warning
Large setup violation  
There is a large setup violation of -1.376 ns between execute/r2AddrSv_reg[2]/C (clocked by clk) and gPerceptron.bPredict/gOvr.dPart_reg[2][11]/R (clocked by clk). Large setup violations at the end of those stages might be difficult to fix during the post-placement implementation flow and could be the result of non-optimal XDC constraints or non-optimal design architecture
Related violations: <none>

TIMING-16#603 Warning
Large setup violation  
There is a large setup violation of -1.376 ns between execute/r2AddrSv_reg[2]/C (clocked by clk) and gPerceptron.bPredict/gOvr.dPart_reg[2][8]/R (clocked by clk). Large setup violations at the end of those stages might be difficult to fix during the post-placement implementation flow and could be the result of non-optimal XDC constraints or non-optimal design architecture
Related violations: <none>

TIMING-16#604 Warning
Large setup violation  
There is a large setup violation of -1.376 ns between execute/r2AddrSv_reg[2]/C (clocked by clk) and gPerceptron.bPredict/gOvr.dPart_reg[2][9]/R (clocked by clk). Large setup violations at the end of those stages might be difficult to fix during the post-placement implementation flow and could be the result of non-optimal XDC constraints or non-optimal design architecture
Related violations: <none>

TIMING-16#605 Warning
Large setup violation  
There is a large setup violation of -1.379 ns between execute/r2AddrSv_reg[2]/C (clocked by clk) and gPerceptron.bPredict/gOvr.dPart_reg[0][4]/R (clocked by clk). Large setup violations at the end of those stages might be difficult to fix during the post-placement implementation flow and could be the result of non-optimal XDC constraints or non-optimal design architecture
Related violations: <none>

TIMING-16#606 Warning
Large setup violation  
There is a large setup violation of -1.379 ns between execute/r2AddrSv_reg[2]/C (clocked by clk) and gPerceptron.bPredict/gOvr.dPart_reg[0][5]/R (clocked by clk). Large setup violations at the end of those stages might be difficult to fix during the post-placement implementation flow and could be the result of non-optimal XDC constraints or non-optimal design architecture
Related violations: <none>

TIMING-16#607 Warning
Large setup violation  
There is a large setup violation of -1.379 ns between execute/r2AddrSv_reg[2]/C (clocked by clk) and gPerceptron.bPredict/gOvr.dPart_reg[0][6]/R (clocked by clk). Large setup violations at the end of those stages might be difficult to fix during the post-placement implementation flow and could be the result of non-optimal XDC constraints or non-optimal design architecture
Related violations: <none>

TIMING-16#608 Warning
Large setup violation  
There is a large setup violation of -1.379 ns between execute/r2AddrSv_reg[2]/C (clocked by clk) and gPerceptron.bPredict/gOvr.dPart_reg[0][7]/R (clocked by clk). Large setup violations at the end of those stages might be difficult to fix during the post-placement implementation flow and could be the result of non-optimal XDC constraints or non-optimal design architecture
Related violations: <none>

TIMING-16#609 Warning
Large setup violation  
There is a large setup violation of -1.382 ns between execute/r2AddrSv_reg[2]/C (clocked by clk) and decode/instrSv_reg[13]/R (clocked by clk). Large setup violations at the end of those stages might be difficult to fix during the post-placement implementation flow and could be the result of non-optimal XDC constraints or non-optimal design architecture
Related violations: <none>

TIMING-16#610 Warning
Large setup violation  
There is a large setup violation of -1.382 ns between execute/r2AddrSv_reg[2]/C (clocked by clk) and decode/instrSv_reg[29]/R (clocked by clk). Large setup violations at the end of those stages might be difficult to fix during the post-placement implementation flow and could be the result of non-optimal XDC constraints or non-optimal design architecture
Related violations: <none>

TIMING-16#611 Warning
Large setup violation  
There is a large setup violation of -1.382 ns between execute/r2AddrSv_reg[2]/C (clocked by clk) and fetch/pc_reg[2]/D (clocked by clk). Large setup violations at the end of those stages might be difficult to fix during the post-placement implementation flow and could be the result of non-optimal XDC constraints or non-optimal design architecture
Related violations: <none>

TIMING-16#612 Warning
Large setup violation  
There is a large setup violation of -1.382 ns between execute/r2AddrSv_reg[2]/C (clocked by clk) and gPerceptron.bPredict/gOvr.dFastTaken_reg/R (clocked by clk). Large setup violations at the end of those stages might be difficult to fix during the post-placement implementation flow and could be the result of non-optimal XDC constraints or non-optimal design architecture
Related violations: <none>

TIMING-16#613 Warning
Large setup violation  
There is a large setup violation of -1.382 ns between execute/r2AddrSv_reg[2]/C (clocked by clk) and gPerceptron.bPredict/gOvr.dTgt_reg[20]/R (clocked by clk). Large setup violations at the end of those stages might be difficult to fix during the post-placement implementation flow and could be the result of non-optimal XDC constraints or non-optimal design architecture
Related violations: <none>

TIMING-16#614 Warning
Large setup violation  
There is a large setup violation of -1.385 ns between execute/r2AddrSv_reg[2]/C (clocked by clk) and gPerceptron.bPredict/gOvr.dPcPlus4_reg[21]/R (clocked by clk). Large setup violations at the end of those stages might be difficult to fix during the post-placement implementation flow and could be the result of non-optimal XDC constraints or non-optimal design architecture
Related violations: <none>

TIMING-16#615 Warning
Large setup violation  
There is a large setup violation of -1.385 ns between execute/r2AddrSv_reg[2]/C (clocked by clk) and gPerceptron.bPredict/gOvr.dPcPlus4_reg[22]/R (clocked by clk). Large setup violations at the end of those stages might be difficult to fix during the post-placement implementation flow and could be the result of non-optimal XDC constraints or non-optimal design architecture
Related violations: <none>

TIMING-16#616 Warning
Large setup violation  
There is a large setup violation of -1.385 ns between execute/r2AddrSv_reg[2]/C (clocked by clk) and gPerceptron.bPredict/gOvr.dPcPlus4_reg[23]/R (clocked by clk). Large setup violations at the end of those stages might be difficult to fix during the post-placement implementation flow and could be the result of non-optimal XDC constraints or non-optimal design architecture
Related violations: <none>

TIMING-16#617 Warning
Large setup violation  
There is a large setup violation of -1.385 ns between execute/r2AddrSv_reg[2]/C (clocked by clk) and gPerceptron.bPredict/gOvr.dPcPlus4_reg[24]/R (clocked by clk). Large setup violations at the end of those stages might be difficult to fix during the post-placement implementation flow and could be the result of non-optimal XDC constraints or non-optimal design architecture
Related violations: <none>

TIMING-16#618 Warning
Large setup violation  
There is a large setup violation of -1.385 ns between execute/r2AddrSv_reg[2]/C (clocked by clk) and gPerceptron.bPredict/gOvr.dTgt_reg[25]/R (clocked by clk). Large setup violations at the end of those stages might be difficult to fix during the post-placement implementation flow and could be the result of non-optimal XDC constraints or non-optimal design architecture
Related violations: <none>

TIMING-16#619 Warning
Large setup violation  
There is a large setup violation of -1.385 ns between execute/r2AddrSv_reg[2]/C (clocked by clk) and gPerceptron.bPredict/gOvr.dTgt_reg[28]/R (clocked by clk). Large setup violations at the end of those stages might be difficult to fix during the post-placement implementation flow and could be the result of non-optimal XDC constraints or non-optimal design architecture
Related violations: <none>

TIMING-16#620 Warning
Large setup violation  
There is a large setup violation of -1.389 ns between execute/r2AddrSv_reg[2]/C (clocked by clk) and decode/pcPlus4Sv_reg[17]/R (clocked by clk). Large setup violations at the end of those stages might be difficult to fix during the post-placement implementation flow and could be the result of non-optimal XDC constraints or non-optimal design architecture
Related violations: <none>

TIMING-16#621 Warning
Large setup violation  
There is a large setup violation of -1.389 ns between execute/r2AddrSv_reg[2]/C (clocked by clk) and decode/pcPlus4Sv_reg[18]/R (clocked by clk). Large setup violations at the end of those stages might be difficult to fix during the post-placement implementation flow and could be the result of non-optimal XDC constraints or non-optimal design architecture
Related violations: <none>

TIMING-16#622 Warning
Large setup violation  
There is a large setup violation of -1.389 ns between execute/r2AddrSv_reg[2]/C (clocked by clk) and decode/pcPlus4Sv_reg[19]/R (clocked by clk). Large setup violations at the end of those stages might be difficult to fix during the post-placement implementation flow and could be the result of non-optimal XDC constraints or non-optimal design architecture
Related violations: <none>

TIMING-16#623 Warning
Large setup violation  
There is a large setup violation of -1.389 ns between execute/r2AddrSv_reg[2]/C (clocked by clk) and decode/pcPlus4Sv_reg[20]/R (clocked by clk). Large setup violations at the end of those stages might be difficult to fix during the post-placement implementation flow and could be the result of non-optimal XDC constraints or non-optimal design architecture
Related violations: <none>

TIMING-16#624 Warning
Large setup violation  
There is a large setup violation of -1.391 ns between execute/r2AddrSv_reg[2]/C (clocked by clk) and gPerceptron.bPredict/gOvr.dPart_reg[1][0]/R (clocked by clk). Large setup violations at the end of those stages might be difficult to fix during the post-placement implementation flow and could be the result of non-optimal XDC constraints or non-optimal design architecture
Related violations: <none>

TIMING-16#625 Warning
Large setup violation  
There is a large setup violation of -1.391 ns between execute/r2AddrSv_reg[2]/C (clocked by clk) and gPerceptron.bPredict/gOvr.dPart_reg[1][1]/R (clocked by clk). Large setup violations at the end of those stages might be difficult to fix during the post-placement implementation flow and could be the result of non-optimal XDC constraints or non-optimal design architecture
Related violations: <none>

TIMING-16#626 Warning
Large setup violation  
There is a large setup violation of -1.391 ns between execute/r2AddrSv_reg[2]/C (clocked by clk) and gPerceptron.bPredict/gOvr.dPart_reg[1][3]/R (clocked by clk). Large setup violations at the end of those stages might be difficult to fix during the post-placement implementation flow and could be the result of non-optimal XDC constraints or non-optimal design architecture
Related violations: <none>

TIMING-16#627 Warning
Large setup violation  
There is a large setup violation of -1.393 ns between execute/r2AddrSv_reg[2]/C (clocked by clk) and execute/csrOpSv_reg/R (clocked by clk). Large setup violations at the end of those stages might be difficult to fix during the post-placement implementation flow and could be the result of non-optimal XDC constraints or non-optimal design architecture
Related violations: <none>

TIMING-16#628 Warning
Large setup violation  
There is a large setup violation of -1.393 ns between execute/r2AddrSv_reg[2]/C (clocked by clk) and execute/funct3Sv_reg[2]/R (clocked by clk). Large setup violations at the end of those stages might be difficult to fix during the post-placement implementation flow and could be the result of non-optimal XDC constraints or non-optimal design architecture
Related violations: <none>

TIMING-16#629 Warning
Large setup violation  
There is a large setup violation of -1.393 ns between execute/r2AddrSv_reg[2]/C (clocked by clk) and execute/pcSv_reg[29]/R (clocked by clk). Large setup violations at the end of those stages might be difficult to fix during the post-placement implementation flow and could be the result of non-optimal XDC constraints or non-optimal design architecture
Related violations: <none>

TIMING-16#630 Warning
Large setup violation  
There is a large setup violation of -1.393 ns between execute/r2AddrSv_reg[2]/C (clocked by clk) and execute/regSrcSv_reg[0]/R (clocked by clk). Large setup violations at the end of those stages might be difficult to fix during the post-placement implementation flow and could be the result of non-optimal XDC constraints or non-optimal design architecture
Related violations: <none>

TIMING-16#631 Warning
Large setup violation  
There is a large setup violation of -1.393 ns between execute/r2AddrSv_reg[2]/C (clocked by clk) and execute/useRegAddSv_reg/R (clocked by clk). Large setup violations at the end of those stages might be difficult to fix during the post-placement implementation flow and could be the result of non-optimal XDC constraints or non-optimal design architecture
Related violations: <none>

TIMING-16#632 Warning
Large setup violation  
There is a large setup violation of -1.394 ns between execute/r2AddrSv_reg[2]/C (clocked by clk) and gPerceptron.bPredict/gOvr.dPart_reg[0][0]/R (clocked by clk). Large setup violations at the end of those stages might be difficult to fix during the post-placement implementation flow and could be the result of non-optimal XDC constraints or non-optimal design architecture
Related violations: <none>

TIMING-16#633 Warning
Large setup violation  
There is a large setup violation of -1.394 ns between execute/r2AddrSv_reg[2]/C (clocked by clk) and gPerceptron.bPredict/gOvr.dPart_reg[0][1]/R (clocked by clk). Large setup violations at the end of those stages might be difficult to fix during the post-placement implementation flow and could be the result of non-optimal XDC constraints or non-optimal design architecture
Related violations: <none>

TIMING-16#634 Warning
Large setup violation  
There is a large setup violation of -1.394 ns between execute/r2AddrSv_reg[2]/C (clocked by clk) and gPerceptron.bPredict/gOvr.dPart_reg[0][2]/R (clocked by clk). Large setup violations at the end of those stages might be difficult to fix during the post-placement implementation flow and could be the result of non-optimal XDC constraints or non-optimal design architecture
Related violations: <none>

TIMING-16#635 Warning
Large setup violation  
There is a large setup violation of -1.394 ns between execute/r2AddrSv_reg[2]/C (clocked by clk) and gPerceptron.bPredict/gOvr.dPart_reg[0][3]/R (clocked by clk). Large setup violations at the end of those stages might be difficult to fix during the post-placement implementation flow and could be the result of non-optimal XDC constraints or non-optimal design architecture
Related violations: <none>

TIMING-16#636 Warning
Large setup violation  
There is a large setup violation of -1.395 ns between execute/r2AddrSv_reg[2]/C (clocked by clk) and execute/bSv_reg[21]/R (clocked by clk). Large setup violations at the end of those stages might be difficult to fix during the post-placement implementation flow and could be the result of non-optimal XDC constraints or non-optimal design architecture
Related violations: <none>

TIMING-16#637 Warning
Large setup violation  
There is a large setup violation of -1.397 ns between execute/r2AddrSv_reg[2]/C (clocked by clk) and execute/pcSv_reg[4]_rep__1/R (clocked by clk). Large setup violations at the end of those stages might be difficult to fix during the post-placement implementation flow and could be the result of non-optimal XDC constraints or non-optimal design architecture
Related violations: <none>

TIMING-16#638 Warning
Large setup violation  
There is a large setup violation of -1.401 ns between execute/r2AddrSv_reg[2]/C (clocked by clk) and execute/pcSv_reg[5]_rep__1/R (clocked by clk). Large setup violations at the end of those stages might be difficult to fix during the post-placement implementation flow and could be the result of non-optimal XDC constraints or non-optimal design architecture
Related violations: <none>

TIMING-16#639 Warning
Large setup violation  
There is a large setup violation of -1.404 ns between execute/r2AddrSv_reg[2]/C (clocked by clk) and execute/aSv_reg[21]/R (clocked by clk). Large setup violations at the end of those stages might be difficult to fix during the post-placement implementation flow and could be the result of non-optimal XDC constraints or non-optimal design architecture
Related violations: <none>

TIMING-16#640 Warning
Large setup violation  
There is a large setup violation of -1.404 ns between execute/r2AddrSv_reg[2]/C (clocked by clk) and execute/aSv_reg[25]/R (clocked by clk). Large setup violations at the end of those stages might be difficult to fix during the post-placement implementation flow and could be the result of non-optimal XDC constraints or non-optimal design architecture
Related violations: <none>

TIMING-16#641 Warning
Large setup violation  
There is a large setup violation of -1.404 ns between execute/r2AddrSv_reg[2]/C (clocked by clk) and execute/aSv_reg[29]/R (clocked by clk). Large setup violations at the end of those stages might be difficult to fix during the post-placement implementation flow and could be the result of non-optimal XDC constraints or non-optimal design architecture
Related violations: <none>

TIMING-16#642 Warning
Large setup violation  
There is a large setup violation of -1.404 ns between execute/r2AddrSv_reg[2]/C (clocked by clk) and execute/aSv_reg[30]/R (clocked by clk). Large setup violations at the end of those stages might be difficult to fix during the post-placement implementation flow and could be the result of non-optimal XDC constraints or non-optimal design architecture
Related violations: <none>

TIMING-16#643 Warning
Large setup violation  
There is a large setup violation of -1.406 ns between execute/r2AddrSv_reg[2]/C (clocked by clk) and fetch/pc_reg[3]_rep_replica/D (clocked by clk). Large setup violations at the end of those stages might be difficult to fix during the post-placement implementation flow and could be the result of non-optimal XDC constraints or non-optimal design architecture
Related violations: <none>

TIMING-16#644 Warning
Large setup violation  
There is a large setup violation of -1.407 ns between execute/r2AddrSv_reg[2]/C (clocked by clk) and execute/branchSv_reg/R (clocked by clk). Large setup violations at the end of those stages might be difficult to fix during the post-placement implementation flow and could be the result of non-optimal XDC constraints or non-optimal design architecture
Related violations: <none>

TIMING-16#645 Warning
Large setup violation  
There is a large setup violation of -1.407 ns between execute/r2AddrSv_reg[2]/C (clocked by clk) and execute/funct3Sv_reg[0]/R (clocked by clk). Large setup violations at the end of those stages might be difficult to fix during the post-placement implementation flow and could be the result of non-optimal XDC constraints or non-optimal design architecture
Related violations: <none>

TIMING-16#646 Warning
Large setup violation  
There is a large setup violation of -1.407 ns between execute/r2AddrSv_reg[2]/C (clocked by clk) and execute/funct3Sv_reg[1]/R (clocked by clk). Large setup violations at the end of those stages might be difficult to fix during the post-placement implementation flow and could be the result of non-optimal XDC constraints or non-optimal design architecture
Related violations: <none>

TIMING-16#647 Warning
Large setup violation  
There is a large setup violation of -1.407 ns between execute/r2AddrSv_reg[2]/C (clocked by clk) and execute/pcPlus4Sv_reg[25]/R (clocked by clk). Large setup violations at the end of those stages might be difficult to fix during the post-placement implementation flow and could be the result of non-optimal XDC constraints or non-optimal design architecture
Related violations: <none>

TIMING-16#648 Warning
Large setup violation  
There is a large setup violation of -1.407 ns between execute/r2AddrSv_reg[2]/C (clocked by clk) and execute/rdAddrSv_reg[4]/R (clocked by clk). Large setup violations at the end of those stages might be difficult to fix during the post-placement implementation flow and could be the result of non-optimal XDC constraints or non-optimal design architecture
Related violations: <none>

TIMING-16#649 Warning
Large setup violation  
There is a large setup violation of -1.410 ns between execute/r2AddrSv_reg[2]/C (clocked by clk) and execute/pcSv_reg[2]/R (clocked by clk). Large setup violations at the end of those stages might be difficult to fix during the post-placement implementation flow and could be the result of non-optimal XDC constraints or non-optimal design architecture
Related violations: <none>

TIMING-16#650 Warning
Large setup violation  
There is a large setup violation of -1.410 ns between execute/r2AddrSv_reg[2]/C (clocked by clk) and execute/pcSv_reg[8]_rep/R (clocked by clk). Large setup violations at the end of those stages might be difficult to fix during the post-placement implementation flow and could be the result of non-optimal XDC constraints or non-optimal design architecture
Related violations: <none>

TIMING-16#651 Warning
Large setup violation  
There is a large setup violation of -1.410 ns between execute/r2AddrSv_reg[2]/C (clocked by clk) and execute/pcSv_reg[8]_rep__3/R (clocked by clk). Large setup violations at the end of those stages might be difficult to fix during the post-placement implementation flow and could be the result of non-optimal XDC constraints or non-optimal design architecture
Related violations: <none>

TIMING-16#652 Warning
Large setup violation  
There is a large setup violation of -1.412 ns between execute/r2AddrSv_reg[2]/C (clocked by clk) and execute/bPredictedTakenSv_reg/R (clocked by clk). Large setup violations at the end of those stages might be difficult to fix during the post-placement implementation flow and could be the result of non-optimal XDC constraints or non-optimal design architecture
Related violations: <none>

TIMING-16#653 Warning
Large setup violation  
There is a large setup violation of -1.413 ns between execute/r2AddrSv_reg[2]/C (clocked by clk) and fetch/pc_reg[2]_rep__5/D (clocked by clk). Large setup violations at the end of those stages might be difficult to fix during the post-placement implementation flow and could be the result of non-optimal XDC constraints or non-optimal design architecture
Related violations: <none>

TIMING-16#654 Warning
Large setup violation  
There is a large setup violation of -1.417 ns between execute/r2AddrSv_reg[2]/C (clocked by clk) and fetch/pc_reg[30]/D (clocked by clk). Large setup violations at the end of those stages might be difficult to fix during the post-placement implementation flow and could be the result of non-optimal XDC constraints or non-optimal design architecture
Related violations: <none>

TIMING-16#655 Warning
Large setup violation  
There is a large setup violation of -1.418 ns between execute/r2AddrSv_reg[2]/C (clocked by clk) and execute/pcSv_reg[7]_rep__1/R (clocked by clk). Large setup violations at the end of those stages might be difficult to fix during the post-placement implementation flow and could be the result of non-optimal XDC constraints or non-optimal design architecture
Related violations: <none>

TIMING-16#656 Warning
Large setup violation  
There is a large setup violation of -1.422 ns between execute/r2AddrSv_reg[2]/C (clocked by clk) and gPerceptron.bPredict/ghrSpec_reg[23]/D (clocked by clk). Large setup violations at the end of those stages might be difficult to fix during the post-placement implementation flow and could be the result of non-optimal XDC constraints or non-optimal design architecture
Related violations: <none>

TIMING-16#657 Warning
Large setup violation  
There is a large setup violation of -1.425 ns between execute/r2AddrSv_reg[2]/C (clocked by clk) and execute/pcSv_reg[2]_replica/R (clocked by clk). Large setup violations at the end of those stages might be difficult to fix during the post-placement implementation flow and could be the result of non-optimal XDC constraints or non-optimal design architecture
Related violations: <none>

TIMING-16#658 Warning
Large setup violation  
There is a large setup violation of -1.425 ns between execute/r2AddrSv_reg[2]/C (clocked by clk) and execute/pcSv_reg[3]_rep__0/R (clocked by clk). Large setup violations at the end of those stages might be difficult to fix during the post-placement implementation flow and could be the result of non-optimal XDC constraints or non-optimal design architecture
Related violations: <none>

TIMING-16#659 Warning
Large setup violation  
There is a large setup violation of -1.425 ns between execute/r2AddrSv_reg[2]/C (clocked by clk) and execute/pcSv_reg[4]_rep__0/R (clocked by clk). Large setup violations at the end of those stages might be difficult to fix during the post-placement implementation flow and could be the result of non-optimal XDC constraints or non-optimal design architecture
Related violations: <none>

TIMING-16#660 Warning
Large setup violation  
There is a large setup violation of -1.425 ns between execute/r2AddrSv_reg[2]/C (clocked by clk) and execute/pcSv_reg[6]/R (clocked by clk). Large setup violations at the end of those stages might be difficult to fix during the post-placement implementation flow and could be the result of non-optimal XDC constraints or non-optimal design architecture
Related violations: <none>

TIMING-16#661 Warning
Large setup violation  
There is a large setup violation of -1.425 ns between execute/r2AddrSv_reg[2]/C (clocked by clk) and execute/pcSv_reg[6]_rep__1/R (clocked by clk). Large setup violations at the end of those stages might be difficult to fix during the post-placement implementation flow and could be the result of non-optimal XDC constraints or non-optimal design architecture
Related violations: <none>

TIMING-16#662 Warning
Large setup violation  
There is a large setup violation of -1.425 ns between execute/r2AddrSv_reg[2]/C (clocked by clk) and execute/pcSv_reg[7]_rep__0/R (clocked by clk). Large setup violations at the end of those stages might be difficult to fix during the post-placement implementation flow and could be the result of non-optimal XDC constraints or non-optimal design architecture
Related violations: <none>

TIMING-16#663 Warning
Large setup violation  
There is a large setup violation of -1.427 ns between execute/r2AddrSv_reg[2]/C (clocked by clk) and execute/pcPlus4Sv_reg[10]/R (clocked by clk). Large setup violations at the end of those stages might be difficult to fix during the post-placement implementation flow and could be the result of non-optimal XDC constraints or non-optimal design architecture
Related violations: <none>

TIMING-16#664 Warning
Large setup violation  
There is a large setup violation of -1.427 ns between execute/r2AddrSv_reg[2]/C (clocked by clk) and execute/pcPlus4Sv_reg[2]/R (clocked by clk). Large setup violations at the end of those stages might be difficult to fix during the post-placement implementation flow and could be the result of non-optimal XDC constraints or non-optimal design architecture
Related violations: <none>

TIMING-16#665 Warning
Large setup violation  
There is a large setup violation of -1.429 ns between execute/r2AddrSv_reg[2]/C (clocked by clk) and execute/pcSv_reg[3]/R (clocked by clk). Large setup violations at the end of those stages might be difficult to fix during the post-placement implementation flow and could be the result of non-optimal XDC constraints or non-optimal design architecture
Related violations: <none>

TIMING-16#666 Warning
Large setup violation  
There is a large setup violation of -1.429 ns between execute/r2AddrSv_reg[2]/C (clocked by clk) and execute/pcSv_reg[5]/R (clocked by clk). Large setup violations at the end of those stages might be difficult to fix during the post-placement implementation flow and could be the result of non-optimal XDC constraints or non-optimal design architecture
Related violations: <none>

TIMING-16#667 Warning
Large setup violation  
There is a large setup violation of -1.429 ns between execute/r2AddrSv_reg[2]/C (clocked by clk) and execute/pcSv_reg[7]/R (clocked by clk). Large setup violations at the end of those stages might be difficult to fix during the post-placement implementation flow and could be the result of non-optimal XDC constraints or non-optimal design architecture
Related violations: <none>

TIMING-16#668 Warning
Large setup violation  
There is a large setup violation of -1.429 ns between execute/r2AddrSv_reg[2]/C (clocked by clk) and execute/pcSv_reg[8]_rep__2/R (clocked by clk). Large setup violations at the end of those stages might be difficult to fix during the post-placement implementation flow and could be the result of non-optimal XDC constraints or non-optimal design architecture
Related violations: <none>

TIMING-16#669 Warning
Large setup violation  
There is a large setup violation of -1.430 ns between execute/r2AddrSv_reg[2]/C (clocked by clk) and execute/aSv_reg[13]/R (clocked by clk). Large setup violations at the end of those stages might be difficult to fix during the post-placement implementation flow and could be the result of non-optimal XDC constraints or non-optimal design architecture
Related violations: <none>

TIMING-16#670 Warning
Large setup violation  
There is a large setup violation of -1.430 ns between execute/r2AddrSv_reg[2]/C (clocked by clk) and execute/aSv_reg[9]/R (clocked by clk). Large setup violations at the end of those stages might be difficult to fix during the post-placement implementation flow and could be the result of non-optimal XDC constraints or non-optimal design architecture
Related violations: <none>

TIMING-16#671 Warning
Large setup violation  
There is a large setup violation of -1.430 ns between execute/r2AddrSv_reg[2]/C (clocked by clk) and execute/bSv_reg[24]/R (clocked by clk). Large setup violations at the end of those stages might be difficult to fix during the post-placement implementation flow and could be the result of non-optimal XDC constraints or non-optimal design architecture
Related violations: <none>

TIMING-16#672 Warning
Large setup violation  
There is a large setup violation of -1.430 ns between execute/r2AddrSv_reg[2]/C (clocked by clk) and execute/r2AddrSv_reg[3]/R (clocked by clk). Large setup violations at the end of those stages might be difficult to fix during the post-placement implementation flow and could be the result of non-optimal XDC constraints or non-optimal design architecture
Related violations: <none>

TIMING-16#673 Warning
Large setup violation  
There is a large setup violation of -1.431 ns between execute/r2AddrSv_reg[2]/C (clocked by clk) and fetch/pc_reg[3]_rep__0/D (clocked by clk). Large setup violations at the end of those stages might be difficult to fix during the post-placement implementation flow and could be the result of non-optimal XDC constraints or non-optimal design architecture
Related violations: <none>

TIMING-16#674 Warning
Large setup violation  
There is a large setup violation of -1.432 ns between execute/r2AddrSv_reg[2]/C (clocked by clk) and fetch/pc_reg[6]_rep__1/D (clocked by clk). Large setup violations at the end of those stages might be difficult to fix during the post-placement implementation flow and could be the result of non-optimal XDC constraints or non-optimal design architecture
Related violations: <none>

TIMING-16#675 Warning
Large setup violation  
There is a large setup violation of -1.437 ns between execute/r2AddrSv_reg[2]/C (clocked by clk) and execute/bSv_reg[22]/R (clocked by clk). Large setup violations at the end of those stages might be difficult to fix during the post-placement implementation flow and could be the result of non-optimal XDC constraints or non-optimal design architecture
Related violations: <none>

TIMING-16#676 Warning
Large setup violation  
There is a large setup violation of -1.445 ns between execute/r2AddrSv_reg[2]/C (clocked by clk) and execute/aSv_reg[27]/R (clocked by clk). Large setup violations at the end of those stages might be difficult to fix during the post-placement implementation flow and could be the result of non-optimal XDC constraints or non-optimal design architecture
Related violations: <none>

TIMING-16#677 Warning
Large setup violation  
There is a large setup violation of -1.445 ns between execute/r2AddrSv_reg[2]/C (clocked by clk) and execute/bSv_reg[12]/R (clocked by clk). Large setup violations at the end of those stages might be difficult to fix during the post-placement implementation flow and could be the result of non-optimal XDC constraints or non-optimal design architecture
Related violations: <none>

TIMING-16#678 Warning
Large setup violation  
There is a large setup violation of -1.445 ns between execute/r2AddrSv_reg[2]/C (clocked by clk) and execute/bSv_reg[26]/R (clocked by clk). Large setup violations at the end of those stages might be difficult to fix during the post-placement implementation flow and could be the result of non-optimal XDC constraints or non-optimal design architecture
Related violations: <none>

TIMING-16#679 Warning
Large setup violation  
There is a large setup violation of -1.445 ns between execute/r2AddrSv_reg[2]/C (clocked by clk) and fetch/pc_reg[2]_rep__0_replica/D (clocked by clk). Large setup violations at the end of those stages might be difficult to fix during the post-placement implementation flow and could be the result of non-optimal XDC constraints or non-optimal design architecture
Related violations: <none>

TIMING-16#680 Warning
Large setup violation  
There is a large setup violation of -1.447 ns between execute/r2AddrSv_reg[2]/C (clocked by clk) and execute/aSv_reg[31]/R (clocked by clk). Large setup violations at the end of those stages might be difficult to fix during the post-placement implementation flow and could be the result of non-optimal XDC constraints or non-optimal design architecture
Related violations: <none>

TIMING-16#681 Warning
Large setup violation  
There is a large setup violation of -1.447 ns between execute/r2AddrSv_reg[2]/C (clocked by clk) and execute/aSv_reg[7]/R (clocked by clk). Large setup violations at the end of those stages might be difficult to fix during the post-placement implementation flow and could be the result of non-optimal XDC constraints or non-optimal design architecture
Related violations: <none>

TIMING-16#682 Warning
Large setup violation  
There is a large setup violation of -1.447 ns between execute/r2AddrSv_reg[2]/C (clocked by clk) and execute/bSv_reg[14]/R (clocked by clk). Large setup violations at the end of those stages might be difficult to fix during the post-placement implementation flow and could be the result of non-optimal XDC constraints or non-optimal design architecture
Related violations: <none>

TIMING-16#683 Warning
Large setup violation  
There is a large setup violation of -1.447 ns between execute/r2AddrSv_reg[2]/C (clocked by clk) and execute/bSv_reg[18]/R (clocked by clk). Large setup violations at the end of those stages might be difficult to fix during the post-placement implementation flow and could be the result of non-optimal XDC constraints or non-optimal design architecture
Related violations: <none>

TIMING-16#684 Warning
Large setup violation  
There is a large setup violation of -1.452 ns between execute/r2AddrSv_reg[2]/C (clocked by clk) and fetch/pc_reg[2]_rep__4_replica/D (clocked by clk). Large setup violations at the end of those stages might be difficult to fix during the post-placement implementation flow and could be the result of non-optimal XDC constraints or non-optimal design architecture
Related violations: <none>

TIMING-16#685 Warning
Large setup violation  
There is a large setup violation of -1.453 ns between execute/r2AddrSv_reg[2]/C (clocked by clk) and gPerceptron.bPredict/gOvr.dPart_reg[0][10]/R (clocked by clk). Large setup violations at the end of those stages might be difficult to fix during the post-placement implementation flow and could be the result of non-optimal XDC constraints or non-optimal design architecture
Related violations: <none>

TIMING-16#686 Warning
Large setup violation  
There is a large setup violation of -1.453 ns between execute/r2AddrSv_reg[2]/C (clocked by clk) and gPerceptron.bPredict/gOvr.dPart_reg[0][11]/R (clocked by clk). Large setup violations at the end of those stages might be difficult to fix during the post-placement implementation flow and could be the result of non-optimal XDC constraints or non-optimal design architecture
Related violations: <none>

TIMING-16#687 Warning
Large setup violation  
There is a large setup violation of -1.453 ns between execute/r2AddrSv_reg[2]/C (clocked by clk) and gPerceptron.bPredict/gOvr.dPart_reg[0][8]/R (clocked by clk). Large setup violations at the end of those stages might be difficult to fix during the post-placement implementation flow and could be the result of non-optimal XDC constraints or non-optimal design architecture
Related violations: <none>

TIMING-16#688 Warning
Large setup violation  
There is a large setup violation of -1.453 ns between execute/r2AddrSv_reg[2]/C (clocked by clk) and gPerceptron.bPredict/gOvr.dPart_reg[0][9]/R (clocked by clk). Large setup violations at the end of those stages might be difficult to fix during the post-placement implementation flow and could be the result of non-optimal XDC constraints or non-optimal design architecture
Related violations: <none>

TIMING-16#689 Warning
Large setup violation  
There is a large setup violation of -1.455 ns between execute/r2AddrSv_reg[2]/C (clocked by clk) and fetch/pc_reg[6]_rep__2/D (clocked by clk). Large setup violations at the end of those stages might be difficult to fix during the post-placement implementation flow and could be the result of non-optimal XDC constraints or non-optimal design architecture
Related violations: <none>

TIMING-16#690 Warning
Large setup violation  
There is a large setup violation of -1.457 ns between execute/r2AddrSv_reg[2]/C (clocked by clk) and execute/pcPlus4Sv_reg[26]/R (clocked by clk). Large setup violations at the end of those stages might be difficult to fix during the post-placement implementation flow and could be the result of non-optimal XDC constraints or non-optimal design architecture
Related violations: <none>

TIMING-16#691 Warning
Large setup violation  
There is a large setup violation of -1.457 ns between execute/r2AddrSv_reg[2]/C (clocked by clk) and execute/pcPlus4Sv_reg[27]/R (clocked by clk). Large setup violations at the end of those stages might be difficult to fix during the post-placement implementation flow and could be the result of non-optimal XDC constraints or non-optimal design architecture
Related violations: <none>

TIMING-16#692 Warning
Large setup violation  
There is a large setup violation of -1.457 ns between execute/r2AddrSv_reg[2]/C (clocked by clk) and execute/pcPlus4Sv_reg[28]/R (clocked by clk). Large setup violations at the end of those stages might be difficult to fix during the post-placement implementation flow and could be the result of non-optimal XDC constraints or non-optimal design architecture
Related violations: <none>

TIMING-16#693 Warning
Large setup violation  
There is a large setup violation of -1.466 ns between execute/r2AddrSv_reg[2]/C (clocked by clk) and gPerceptron.bPredict/gOvr.dTgt_reg[2]/R (clocked by clk). Large setup violations at the end of those stages might be difficult to fix during the post-placement implementation flow and could be the result of non-optimal XDC constraints or non-optimal design architecture
Related violations: <none>

TIMING-16#694 Warning
Large setup violation  
There is a large setup violation of -1.466 ns between execute/r2AddrSv_reg[2]/C (clocked by clk) and gPerceptron.bPredict/gOvr.dTgt_reg[3]/R (clocked by clk). Large setup violations at the end of those stages might be difficult to fix during the post-placement implementation flow and could be the result of non-optimal XDC constraints or non-optimal design architecture
Related violations: <none>

TIMING-16#695 Warning
Large setup violation  
There is a large setup violation of -1.466 ns between execute/r2AddrSv_reg[2]/C (clocked by clk) and gPerceptron.bPredict/gOvr.dTgt_reg[8]/R (clocked by clk). Large setup violations at the end of those stages might be difficult to fix during the post-placement implementation flow and could be the result of non-optimal XDC constraints or non-optimal design architecture
Related violations: <none>

TIMING-16#696 Warning
Large setup violation  
There is a large setup violation of -1.466 ns between execute/r2AddrSv_reg[2]/C (clocked by clk) and gPerceptron.bPredict/gOvr.dTgt_reg[9]/R (clocked by clk). Large setup violations at the end of those stages might be difficult to fix during the post-placement implementation flow and could be the result of non-optimal XDC constraints or non-optimal design architecture
Related violations: <none>

TIMING-16#697 Warning
Large setup violation  
There is a large setup violation of -1.467 ns between execute/r2AddrSv_reg[2]/C (clocked by clk) and fetch/pc_reg[20]/D (clocked by clk). Large setup violations at the end of those stages might be difficult to fix during the post-placement implementation flow and could be the result of non-optimal XDC constraints or non-optimal design architecture
Related violations: <none>

TIMING-16#698 Warning
Large setup violation  
There is a large setup violation of -1.467 ns between execute/r2AddrSv_reg[2]/C (clocked by clk) and fetch/pc_reg[2]_rep_replica_2/D (clocked by clk). Large setup violations at the end of those stages might be difficult to fix during the post-placement implementation flow and could be the result of non-optimal XDC constraints or non-optimal design architecture
Related violations: <none>

TIMING-16#699 Warning
Large setup violation  
There is a large setup violation of -1.472 ns between execute/r2AddrSv_reg[2]/C (clocked by clk) and fetch/pc_reg[2]_rep_replica/D (clocked by clk). Large setup violations at the end of those stages might be difficult to fix during the post-placement implementation flow and could be the result of non-optimal XDC constraints or non-optimal design architecture
Related violations: <none>

TIMING-16#700 Warning
Large setup violation  
There is a large setup violation of -1.475 ns between execute/r2AddrSv_reg[2]/C (clocked by clk) and fetch/pc_reg[2]_rep__0/D (clocked by clk). Large setup violations at the end of those stages might be difficult to fix during the post-placement implementation flow and could be the result of non-optimal XDC constraints or non-optimal design architecture
Related violations: <none>

TIMING-16#701 Warning
Large setup violation  
There is a large setup violation of -1.479 ns between execute/r2AddrSv_reg[2]/C (clocked by clk) and gPerceptron.bPredict/gOvr.dPart_reg[3][13]/R (clocked by clk). Large setup violations at the end of those stages might be difficult to fix during the post-placement implementation flow and could be the result of non-optimal XDC constraints or non-optimal design architecture
Related violations: <none>

TIMING-16#702 Warning
Large setup violation  
There is a large setup violation of -1.479 ns between execute/r2AddrSv_reg[2]/C (clocked by clk) and gPerceptron.bPredict/gOvr.dPart_reg[3][7]/R (clocked by clk). Large setup violations at the end of those stages might be difficult to fix during the post-placement implementation flow and could be the result of non-optimal XDC constraints or non-optimal design architecture
Related violations: <none>

TIMING-16#703 Warning
Large setup violation  
There is a large setup violation of -1.480 ns between execute/r2AddrSv_reg[2]/C (clocked by clk) and gPerceptron.bPredict/gOvr.dPart_reg[1][10]/R (clocked by clk). Large setup violations at the end of those stages might be difficult to fix during the post-placement implementation flow and could be the result of non-optimal XDC constraints or non-optimal design architecture
Related violations: <none>

TIMING-16#704 Warning
Large setup violation  
There is a large setup violation of -1.480 ns between execute/r2AddrSv_reg[2]/C (clocked by clk) and gPerceptron.bPredict/gOvr.dPart_reg[1][11]/R (clocked by clk). Large setup violations at the end of those stages might be difficult to fix during the post-placement implementation flow and could be the result of non-optimal XDC constraints or non-optimal design architecture
Related violations: <none>

TIMING-16#705 Warning
Large setup violation  
There is a large setup violation of -1.480 ns between execute/r2AddrSv_reg[2]/C (clocked by clk) and gPerceptron.bPredict/gOvr.dPart_reg[1][8]/R (clocked by clk). Large setup violations at the end of those stages might be difficult to fix during the post-placement implementation flow and could be the result of non-optimal XDC constraints or non-optimal design architecture
Related violations: <none>

TIMING-16#706 Warning
Large setup violation  
There is a large setup violation of -1.480 ns between execute/r2AddrSv_reg[2]/C (clocked by clk) and gPerceptron.bPredict/gOvr.dPart_reg[1][9]/R (clocked by clk). Large setup violations at the end of those stages might be difficult to fix during the post-placement implementation flow and could be the result of non-optimal XDC constraints or non-optimal design architecture
Related violations: <none>

TIMING-16#707 Warning
Large setup violation  
There is a large setup violation of -1.504 ns between execute/r2AddrSv_reg[2]/C (clocked by clk) and fetch/pc_reg[3]_rep__1/D (clocked by clk). Large setup violations at the end of those stages might be difficult to fix during the post-placement implementation flow and could be the result of non-optimal XDC constraints or non-optimal design architecture
Related violations: <none>

TIMING-16#708 Warning
Large setup violation  
There is a large setup violation of -1.515 ns between execute/r2AddrSv_reg[2]/C (clocked by clk) and execute/pcSv_reg[3]_rep/R (clocked by clk). Large setup violations at the end of those stages might be difficult to fix during the post-placement implementation flow and could be the result of non-optimal XDC constraints or non-optimal design architecture
Related violations: <none>

TIMING-16#709 Warning
Large setup violation  
There is a large setup violation of -1.517 ns between execute/r2AddrSv_reg[2]/C (clocked by clk) and execute/bSv_reg[11]/R (clocked by clk). Large setup violations at the end of those stages might be difficult to fix during the post-placement implementation flow and could be the result of non-optimal XDC constraints or non-optimal design architecture
Related violations: <none>

TIMING-16#710 Warning
Large setup violation  
There is a large setup violation of -1.517 ns between execute/r2AddrSv_reg[2]/C (clocked by clk) and execute/bSv_reg[13]/R (clocked by clk). Large setup violations at the end of those stages might be difficult to fix during the post-placement implementation flow and could be the result of non-optimal XDC constraints or non-optimal design architecture
Related violations: <none>

TIMING-16#711 Warning
Large setup violation  
There is a large setup violation of -1.517 ns between execute/r2AddrSv_reg[2]/C (clocked by clk) and execute/bSv_reg[9]/R (clocked by clk). Large setup violations at the end of those stages might be difficult to fix during the post-placement implementation flow and could be the result of non-optimal XDC constraints or non-optimal design architecture
Related violations: <none>

TIMING-16#712 Warning
Large setup violation  
There is a large setup violation of -1.520 ns between execute/r2AddrSv_reg[2]/C (clocked by clk) and fetch/pc_reg[7]_rep__4/D (clocked by clk). Large setup violations at the end of those stages might be difficult to fix during the post-placement implementation flow and could be the result of non-optimal XDC constraints or non-optimal design architecture
Related violations: <none>

TIMING-16#713 Warning
Large setup violation  
There is a large setup violation of -1.549 ns between execute/r2AddrSv_reg[2]/C (clocked by clk) and execute/aSv_reg[10]/R (clocked by clk). Large setup violations at the end of those stages might be difficult to fix during the post-placement implementation flow and could be the result of non-optimal XDC constraints or non-optimal design architecture
Related violations: <none>

TIMING-16#714 Warning
Large setup violation  
There is a large setup violation of -1.549 ns between execute/r2AddrSv_reg[2]/C (clocked by clk) and execute/aSv_reg[6]/R (clocked by clk). Large setup violations at the end of those stages might be difficult to fix during the post-placement implementation flow and could be the result of non-optimal XDC constraints or non-optimal design architecture
Related violations: <none>

TIMING-16#715 Warning
Large setup violation  
There is a large setup violation of -1.549 ns between execute/r2AddrSv_reg[2]/C (clocked by clk) and execute/bSv_reg[19]/R (clocked by clk). Large setup violations at the end of those stages might be difficult to fix during the post-placement implementation flow and could be the result of non-optimal XDC constraints or non-optimal design architecture
Related violations: <none>

TIMING-16#716 Warning
Large setup violation  
There is a large setup violation of -1.581 ns between execute/r2AddrSv_reg[2]/C (clocked by clk) and execute/jumpSv_reg/R (clocked by clk). Large setup violations at the end of those stages might be difficult to fix during the post-placement implementation flow and could be the result of non-optimal XDC constraints or non-optimal design architecture
Related violations: <none>

TIMING-16#717 Warning
Large setup violation  
There is a large setup violation of -1.581 ns between execute/r2AddrSv_reg[2]/C (clocked by clk) and execute/rdAddrSv_reg[2]/R (clocked by clk). Large setup violations at the end of those stages might be difficult to fix during the post-placement implementation flow and could be the result of non-optimal XDC constraints or non-optimal design architecture
Related violations: <none>

TIMING-16#718 Warning
Large setup violation  
There is a large setup violation of -1.581 ns between execute/r2AddrSv_reg[2]/C (clocked by clk) and execute/regWriteSv_reg/R (clocked by clk). Large setup violations at the end of those stages might be difficult to fix during the post-placement implementation flow and could be the result of non-optimal XDC constraints or non-optimal design architecture
Related violations: <none>

TIMING-16#719 Warning
Large setup violation  
There is a large setup violation of -1.583 ns between execute/r2AddrSv_reg[2]/C (clocked by clk) and fetch/pc_reg[6]_rep__5/D (clocked by clk). Large setup violations at the end of those stages might be difficult to fix during the post-placement implementation flow and could be the result of non-optimal XDC constraints or non-optimal design architecture
Related violations: <none>

TIMING-16#720 Warning
Large setup violation  
There is a large setup violation of -1.597 ns between execute/r2AddrSv_reg[2]/C (clocked by clk) and fetch/pc_reg[6]_rep/D (clocked by clk). Large setup violations at the end of those stages might be difficult to fix during the post-placement implementation flow and could be the result of non-optimal XDC constraints or non-optimal design architecture
Related violations: <none>

TIMING-16#721 Warning
Large setup violation  
There is a large setup violation of -1.602 ns between execute/r2AddrSv_reg[2]/C (clocked by clk) and fetch/pc_reg[6]/D (clocked by clk). Large setup violations at the end of those stages might be difficult to fix during the post-placement implementation flow and could be the result of non-optimal XDC constraints or non-optimal design architecture
Related violations: <none>

TIMING-16#722 Warning
Large setup violation  
There is a large setup violation of -1.618 ns between execute/r2AddrSv_reg[2]/C (clocked by clk) and execute/pcSv_reg[4]/R (clocked by clk). Large setup violations at the end of those stages might be difficult to fix during the post-placement implementation flow and could be the result of non-optimal XDC constraints or non-optimal design architecture
Related violations: <none>

TIMING-16#723 Warning
Large setup violation  
There is a large setup violation of -1.619 ns between execute/r2AddrSv_reg[2]/C (clocked by clk) and fetch/pc_reg[6]_rep__3/D (clocked by clk). Large setup violations at the end of those stages might be difficult to fix during the post-placement implementation flow and could be the result of non-optimal XDC constraints or non-optimal design architecture
Related violations: <none>

TIMING-16#724 Warning
Large setup violation  
There is a large setup violation of -1.619 ns between execute/r2AddrSv_reg[2]/C (clocked by clk) and fetch/pc_reg[6]_rep__4/D (clocked by clk). Large setup violations at the end of those stages might be difficult to fix during the post-placement implementation flow and could be the result of non-optimal XDC constraints or non-optimal design architecture
Related violations: <none>

XDCH-2#1 Warning
Same min and max delay values on IO port  
The same input delay of 0.000 ns has been defined on port 'dmemRdata[0]' relative to clock clk for both max and min. Make sure this reflects the design intent.
set_input_delay -clock clk 0.000 [get_ports -filter {DIRECTION == IN && NAME != "clk"}]
C:/Users/Prasit/Documents/ACSA_RISCV/vivado_gui/rv_perceptron/rv_perceptron.srcs/constrs_1/new/timing.xdc (Line: 3)
Related violations: <none>

XDCH-2#2 Warning
Same min and max delay values on IO port  
The same input delay of 0.000 ns has been defined on port 'dmemRdata[10]' relative to clock clk for both max and min. Make sure this reflects the design intent.
set_input_delay -clock clk 0.000 [get_ports -filter {DIRECTION == IN && NAME != "clk"}]
C:/Users/Prasit/Documents/ACSA_RISCV/vivado_gui/rv_perceptron/rv_perceptron.srcs/constrs_1/new/timing.xdc (Line: 3)
Related violations: <none>

XDCH-2#3 Warning
Same min and max delay values on IO port  
The same input delay of 0.000 ns has been defined on port 'dmemRdata[11]' relative to clock clk for both max and min. Make sure this reflects the design intent.
set_input_delay -clock clk 0.000 [get_ports -filter {DIRECTION == IN && NAME != "clk"}]
C:/Users/Prasit/Documents/ACSA_RISCV/vivado_gui/rv_perceptron/rv_perceptron.srcs/constrs_1/new/timing.xdc (Line: 3)
Related violations: <none>

XDCH-2#4 Warning
Same min and max delay values on IO port  
The same input delay of 0.000 ns has been defined on port 'dmemRdata[12]' relative to clock clk for both max and min. Make sure this reflects the design intent.
set_input_delay -clock clk 0.000 [get_ports -filter {DIRECTION == IN && NAME != "clk"}]
C:/Users/Prasit/Documents/ACSA_RISCV/vivado_gui/rv_perceptron/rv_perceptron.srcs/constrs_1/new/timing.xdc (Line: 3)
Related violations: <none>

XDCH-2#5 Warning
Same min and max delay values on IO port  
The same input delay of 0.000 ns has been defined on port 'dmemRdata[13]' relative to clock clk for both max and min. Make sure this reflects the design intent.
set_input_delay -clock clk 0.000 [get_ports -filter {DIRECTION == IN && NAME != "clk"}]
C:/Users/Prasit/Documents/ACSA_RISCV/vivado_gui/rv_perceptron/rv_perceptron.srcs/constrs_1/new/timing.xdc (Line: 3)
Related violations: <none>

XDCH-2#6 Warning
Same min and max delay values on IO port  
The same input delay of 0.000 ns has been defined on port 'dmemRdata[14]' relative to clock clk for both max and min. Make sure this reflects the design intent.
set_input_delay -clock clk 0.000 [get_ports -filter {DIRECTION == IN && NAME != "clk"}]
C:/Users/Prasit/Documents/ACSA_RISCV/vivado_gui/rv_perceptron/rv_perceptron.srcs/constrs_1/new/timing.xdc (Line: 3)
Related violations: <none>

XDCH-2#7 Warning
Same min and max delay values on IO port  
The same input delay of 0.000 ns has been defined on port 'dmemRdata[15]' relative to clock clk for both max and min. Make sure this reflects the design intent.
set_input_delay -clock clk 0.000 [get_ports -filter {DIRECTION == IN && NAME != "clk"}]
C:/Users/Prasit/Documents/ACSA_RISCV/vivado_gui/rv_perceptron/rv_perceptron.srcs/constrs_1/new/timing.xdc (Line: 3)
Related violations: <none>

XDCH-2#8 Warning
Same min and max delay values on IO port  
The same input delay of 0.000 ns has been defined on port 'dmemRdata[16]' relative to clock clk for both max and min. Make sure this reflects the design intent.
set_input_delay -clock clk 0.000 [get_ports -filter {DIRECTION == IN && NAME != "clk"}]
C:/Users/Prasit/Documents/ACSA_RISCV/vivado_gui/rv_perceptron/rv_perceptron.srcs/constrs_1/new/timing.xdc (Line: 3)
Related violations: <none>

XDCH-2#9 Warning
Same min and max delay values on IO port  
The same input delay of 0.000 ns has been defined on port 'dmemRdata[17]' relative to clock clk for both max and min. Make sure this reflects the design intent.
set_input_delay -clock clk 0.000 [get_ports -filter {DIRECTION == IN && NAME != "clk"}]
C:/Users/Prasit/Documents/ACSA_RISCV/vivado_gui/rv_perceptron/rv_perceptron.srcs/constrs_1/new/timing.xdc (Line: 3)
Related violations: <none>

XDCH-2#10 Warning
Same min and max delay values on IO port  
The same input delay of 0.000 ns has been defined on port 'dmemRdata[18]' relative to clock clk for both max and min. Make sure this reflects the design intent.
set_input_delay -clock clk 0.000 [get_ports -filter {DIRECTION == IN && NAME != "clk"}]
C:/Users/Prasit/Documents/ACSA_RISCV/vivado_gui/rv_perceptron/rv_perceptron.srcs/constrs_1/new/timing.xdc (Line: 3)
Related violations: <none>

XDCH-2#11 Warning
Same min and max delay values on IO port  
The same input delay of 0.000 ns has been defined on port 'dmemRdata[19]' relative to clock clk for both max and min. Make sure this reflects the design intent.
set_input_delay -clock clk 0.000 [get_ports -filter {DIRECTION == IN && NAME != "clk"}]
C:/Users/Prasit/Documents/ACSA_RISCV/vivado_gui/rv_perceptron/rv_perceptron.srcs/constrs_1/new/timing.xdc (Line: 3)
Related violations: <none>

XDCH-2#12 Warning
Same min and max delay values on IO port  
The same input delay of 0.000 ns has been defined on port 'dmemRdata[1]' relative to clock clk for both max and min. Make sure this reflects the design intent.
set_input_delay -clock clk 0.000 [get_ports -filter {DIRECTION == IN && NAME != "clk"}]
C:/Users/Prasit/Documents/ACSA_RISCV/vivado_gui/rv_perceptron/rv_perceptron.srcs/constrs_1/new/timing.xdc (Line: 3)
Related violations: <none>

XDCH-2#13 Warning
Same min and max delay values on IO port  
The same input delay of 0.000 ns has been defined on port 'dmemRdata[20]' relative to clock clk for both max and min. Make sure this reflects the design intent.
set_input_delay -clock clk 0.000 [get_ports -filter {DIRECTION == IN && NAME != "clk"}]
C:/Users/Prasit/Documents/ACSA_RISCV/vivado_gui/rv_perceptron/rv_perceptron.srcs/constrs_1/new/timing.xdc (Line: 3)
Related violations: <none>

XDCH-2#14 Warning
Same min and max delay values on IO port  
The same input delay of 0.000 ns has been defined on port 'dmemRdata[21]' relative to clock clk for both max and min. Make sure this reflects the design intent.
set_input_delay -clock clk 0.000 [get_ports -filter {DIRECTION == IN && NAME != "clk"}]
C:/Users/Prasit/Documents/ACSA_RISCV/vivado_gui/rv_perceptron/rv_perceptron.srcs/constrs_1/new/timing.xdc (Line: 3)
Related violations: <none>

XDCH-2#15 Warning
Same min and max delay values on IO port  
The same input delay of 0.000 ns has been defined on port 'dmemRdata[22]' relative to clock clk for both max and min. Make sure this reflects the design intent.
set_input_delay -clock clk 0.000 [get_ports -filter {DIRECTION == IN && NAME != "clk"}]
C:/Users/Prasit/Documents/ACSA_RISCV/vivado_gui/rv_perceptron/rv_perceptron.srcs/constrs_1/new/timing.xdc (Line: 3)
Related violations: <none>

XDCH-2#16 Warning
Same min and max delay values on IO port  
The same input delay of 0.000 ns has been defined on port 'dmemRdata[23]' relative to clock clk for both max and min. Make sure this reflects the design intent.
set_input_delay -clock clk 0.000 [get_ports -filter {DIRECTION == IN && NAME != "clk"}]
C:/Users/Prasit/Documents/ACSA_RISCV/vivado_gui/rv_perceptron/rv_perceptron.srcs/constrs_1/new/timing.xdc (Line: 3)
Related violations: <none>

XDCH-2#17 Warning
Same min and max delay values on IO port  
The same input delay of 0.000 ns has been defined on port 'dmemRdata[24]' relative to clock clk for both max and min. Make sure this reflects the design intent.
set_input_delay -clock clk 0.000 [get_ports -filter {DIRECTION == IN && NAME != "clk"}]
C:/Users/Prasit/Documents/ACSA_RISCV/vivado_gui/rv_perceptron/rv_perceptron.srcs/constrs_1/new/timing.xdc (Line: 3)
Related violations: <none>

XDCH-2#18 Warning
Same min and max delay values on IO port  
The same input delay of 0.000 ns has been defined on port 'dmemRdata[25]' relative to clock clk for both max and min. Make sure this reflects the design intent.
set_input_delay -clock clk 0.000 [get_ports -filter {DIRECTION == IN && NAME != "clk"}]
C:/Users/Prasit/Documents/ACSA_RISCV/vivado_gui/rv_perceptron/rv_perceptron.srcs/constrs_1/new/timing.xdc (Line: 3)
Related violations: <none>

XDCH-2#19 Warning
Same min and max delay values on IO port  
The same input delay of 0.000 ns has been defined on port 'dmemRdata[26]' relative to clock clk for both max and min. Make sure this reflects the design intent.
set_input_delay -clock clk 0.000 [get_ports -filter {DIRECTION == IN && NAME != "clk"}]
C:/Users/Prasit/Documents/ACSA_RISCV/vivado_gui/rv_perceptron/rv_perceptron.srcs/constrs_1/new/timing.xdc (Line: 3)
Related violations: <none>

XDCH-2#20 Warning
Same min and max delay values on IO port  
The same input delay of 0.000 ns has been defined on port 'dmemRdata[27]' relative to clock clk for both max and min. Make sure this reflects the design intent.
set_input_delay -clock clk 0.000 [get_ports -filter {DIRECTION == IN && NAME != "clk"}]
C:/Users/Prasit/Documents/ACSA_RISCV/vivado_gui/rv_perceptron/rv_perceptron.srcs/constrs_1/new/timing.xdc (Line: 3)
Related violations: <none>

XDCH-2#21 Warning
Same min and max delay values on IO port  
The same input delay of 0.000 ns has been defined on port 'dmemRdata[28]' relative to clock clk for both max and min. Make sure this reflects the design intent.
set_input_delay -clock clk 0.000 [get_ports -filter {DIRECTION == IN && NAME != "clk"}]
C:/Users/Prasit/Documents/ACSA_RISCV/vivado_gui/rv_perceptron/rv_perceptron.srcs/constrs_1/new/timing.xdc (Line: 3)
Related violations: <none>

XDCH-2#22 Warning
Same min and max delay values on IO port  
The same input delay of 0.000 ns has been defined on port 'dmemRdata[29]' relative to clock clk for both max and min. Make sure this reflects the design intent.
set_input_delay -clock clk 0.000 [get_ports -filter {DIRECTION == IN && NAME != "clk"}]
C:/Users/Prasit/Documents/ACSA_RISCV/vivado_gui/rv_perceptron/rv_perceptron.srcs/constrs_1/new/timing.xdc (Line: 3)
Related violations: <none>

XDCH-2#23 Warning
Same min and max delay values on IO port  
The same input delay of 0.000 ns has been defined on port 'dmemRdata[2]' relative to clock clk for both max and min. Make sure this reflects the design intent.
set_input_delay -clock clk 0.000 [get_ports -filter {DIRECTION == IN && NAME != "clk"}]
C:/Users/Prasit/Documents/ACSA_RISCV/vivado_gui/rv_perceptron/rv_perceptron.srcs/constrs_1/new/timing.xdc (Line: 3)
Related violations: <none>

XDCH-2#24 Warning
Same min and max delay values on IO port  
The same input delay of 0.000 ns has been defined on port 'dmemRdata[30]' relative to clock clk for both max and min. Make sure this reflects the design intent.
set_input_delay -clock clk 0.000 [get_ports -filter {DIRECTION == IN && NAME != "clk"}]
C:/Users/Prasit/Documents/ACSA_RISCV/vivado_gui/rv_perceptron/rv_perceptron.srcs/constrs_1/new/timing.xdc (Line: 3)
Related violations: <none>

XDCH-2#25 Warning
Same min and max delay values on IO port  
The same input delay of 0.000 ns has been defined on port 'dmemRdata[31]' relative to clock clk for both max and min. Make sure this reflects the design intent.
set_input_delay -clock clk 0.000 [get_ports -filter {DIRECTION == IN && NAME != "clk"}]
C:/Users/Prasit/Documents/ACSA_RISCV/vivado_gui/rv_perceptron/rv_perceptron.srcs/constrs_1/new/timing.xdc (Line: 3)
Related violations: <none>

XDCH-2#26 Warning
Same min and max delay values on IO port  
The same input delay of 0.000 ns has been defined on port 'dmemRdata[3]' relative to clock clk for both max and min. Make sure this reflects the design intent.
set_input_delay -clock clk 0.000 [get_ports -filter {DIRECTION == IN && NAME != "clk"}]
C:/Users/Prasit/Documents/ACSA_RISCV/vivado_gui/rv_perceptron/rv_perceptron.srcs/constrs_1/new/timing.xdc (Line: 3)
Related violations: <none>

XDCH-2#27 Warning
Same min and max delay values on IO port  
The same input delay of 0.000 ns has been defined on port 'dmemRdata[4]' relative to clock clk for both max and min. Make sure this reflects the design intent.
set_input_delay -clock clk 0.000 [get_ports -filter {DIRECTION == IN && NAME != "clk"}]
C:/Users/Prasit/Documents/ACSA_RISCV/vivado_gui/rv_perceptron/rv_perceptron.srcs/constrs_1/new/timing.xdc (Line: 3)
Related violations: <none>

XDCH-2#28 Warning
Same min and max delay values on IO port  
The same input delay of 0.000 ns has been defined on port 'dmemRdata[5]' relative to clock clk for both max and min. Make sure this reflects the design intent.
set_input_delay -clock clk 0.000 [get_ports -filter {DIRECTION == IN && NAME != "clk"}]
C:/Users/Prasit/Documents/ACSA_RISCV/vivado_gui/rv_perceptron/rv_perceptron.srcs/constrs_1/new/timing.xdc (Line: 3)
Related violations: <none>

XDCH-2#29 Warning
Same min and max delay values on IO port  
The same input delay of 0.000 ns has been defined on port 'dmemRdata[6]' relative to clock clk for both max and min. Make sure this reflects the design intent.
set_input_delay -clock clk 0.000 [get_ports -filter {DIRECTION == IN && NAME != "clk"}]
C:/Users/Prasit/Documents/ACSA_RISCV/vivado_gui/rv_perceptron/rv_perceptron.srcs/constrs_1/new/timing.xdc (Line: 3)
Related violations: <none>

XDCH-2#30 Warning
Same min and max delay values on IO port  
The same input delay of 0.000 ns has been defined on port 'dmemRdata[7]' relative to clock clk for both max and min. Make sure this reflects the design intent.
set_input_delay -clock clk 0.000 [get_ports -filter {DIRECTION == IN && NAME != "clk"}]
C:/Users/Prasit/Documents/ACSA_RISCV/vivado_gui/rv_perceptron/rv_perceptron.srcs/constrs_1/new/timing.xdc (Line: 3)
Related violations: <none>

XDCH-2#31 Warning
Same min and max delay values on IO port  
The same input delay of 0.000 ns has been defined on port 'dmemRdata[8]' relative to clock clk for both max and min. Make sure this reflects the design intent.
set_input_delay -clock clk 0.000 [get_ports -filter {DIRECTION == IN && NAME != "clk"}]
C:/Users/Prasit/Documents/ACSA_RISCV/vivado_gui/rv_perceptron/rv_perceptron.srcs/constrs_1/new/timing.xdc (Line: 3)
Related violations: <none>

XDCH-2#32 Warning
Same min and max delay values on IO port  
The same input delay of 0.000 ns has been defined on port 'dmemRdata[9]' relative to clock clk for both max and min. Make sure this reflects the design intent.
set_input_delay -clock clk 0.000 [get_ports -filter {DIRECTION == IN && NAME != "clk"}]
C:/Users/Prasit/Documents/ACSA_RISCV/vivado_gui/rv_perceptron/rv_perceptron.srcs/constrs_1/new/timing.xdc (Line: 3)
Related violations: <none>

XDCH-2#33 Warning
Same min and max delay values on IO port  
The same input delay of 0.000 ns has been defined on port 'imemRdata[0]' relative to clock clk for both max and min. Make sure this reflects the design intent.
set_input_delay -clock clk 0.000 [get_ports -filter {DIRECTION == IN && NAME != "clk"}]
C:/Users/Prasit/Documents/ACSA_RISCV/vivado_gui/rv_perceptron/rv_perceptron.srcs/constrs_1/new/timing.xdc (Line: 3)
Related violations: <none>

XDCH-2#34 Warning
Same min and max delay values on IO port  
The same input delay of 0.000 ns has been defined on port 'imemRdata[10]' relative to clock clk for both max and min. Make sure this reflects the design intent.
set_input_delay -clock clk 0.000 [get_ports -filter {DIRECTION == IN && NAME != "clk"}]
C:/Users/Prasit/Documents/ACSA_RISCV/vivado_gui/rv_perceptron/rv_perceptron.srcs/constrs_1/new/timing.xdc (Line: 3)
Related violations: <none>

XDCH-2#35 Warning
Same min and max delay values on IO port  
The same input delay of 0.000 ns has been defined on port 'imemRdata[11]' relative to clock clk for both max and min. Make sure this reflects the design intent.
set_input_delay -clock clk 0.000 [get_ports -filter {DIRECTION == IN && NAME != "clk"}]
C:/Users/Prasit/Documents/ACSA_RISCV/vivado_gui/rv_perceptron/rv_perceptron.srcs/constrs_1/new/timing.xdc (Line: 3)
Related violations: <none>

XDCH-2#36 Warning
Same min and max delay values on IO port  
The same input delay of 0.000 ns has been defined on port 'imemRdata[12]' relative to clock clk for both max and min. Make sure this reflects the design intent.
set_input_delay -clock clk 0.000 [get_ports -filter {DIRECTION == IN && NAME != "clk"}]
C:/Users/Prasit/Documents/ACSA_RISCV/vivado_gui/rv_perceptron/rv_perceptron.srcs/constrs_1/new/timing.xdc (Line: 3)
Related violations: <none>

XDCH-2#37 Warning
Same min and max delay values on IO port  
The same input delay of 0.000 ns has been defined on port 'imemRdata[13]' relative to clock clk for both max and min. Make sure this reflects the design intent.
set_input_delay -clock clk 0.000 [get_ports -filter {DIRECTION == IN && NAME != "clk"}]
C:/Users/Prasit/Documents/ACSA_RISCV/vivado_gui/rv_perceptron/rv_perceptron.srcs/constrs_1/new/timing.xdc (Line: 3)
Related violations: <none>

XDCH-2#38 Warning
Same min and max delay values on IO port  
The same input delay of 0.000 ns has been defined on port 'imemRdata[14]' relative to clock clk for both max and min. Make sure this reflects the design intent.
set_input_delay -clock clk 0.000 [get_ports -filter {DIRECTION == IN && NAME != "clk"}]
C:/Users/Prasit/Documents/ACSA_RISCV/vivado_gui/rv_perceptron/rv_perceptron.srcs/constrs_1/new/timing.xdc (Line: 3)
Related violations: <none>

XDCH-2#39 Warning
Same min and max delay values on IO port  
The same input delay of 0.000 ns has been defined on port 'imemRdata[15]' relative to clock clk for both max and min. Make sure this reflects the design intent.
set_input_delay -clock clk 0.000 [get_ports -filter {DIRECTION == IN && NAME != "clk"}]
C:/Users/Prasit/Documents/ACSA_RISCV/vivado_gui/rv_perceptron/rv_perceptron.srcs/constrs_1/new/timing.xdc (Line: 3)
Related violations: <none>

XDCH-2#40 Warning
Same min and max delay values on IO port  
The same input delay of 0.000 ns has been defined on port 'imemRdata[16]' relative to clock clk for both max and min. Make sure this reflects the design intent.
set_input_delay -clock clk 0.000 [get_ports -filter {DIRECTION == IN && NAME != "clk"}]
C:/Users/Prasit/Documents/ACSA_RISCV/vivado_gui/rv_perceptron/rv_perceptron.srcs/constrs_1/new/timing.xdc (Line: 3)
Related violations: <none>

XDCH-2#41 Warning
Same min and max delay values on IO port  
The same input delay of 0.000 ns has been defined on port 'imemRdata[17]' relative to clock clk for both max and min. Make sure this reflects the design intent.
set_input_delay -clock clk 0.000 [get_ports -filter {DIRECTION == IN && NAME != "clk"}]
C:/Users/Prasit/Documents/ACSA_RISCV/vivado_gui/rv_perceptron/rv_perceptron.srcs/constrs_1/new/timing.xdc (Line: 3)
Related violations: <none>

XDCH-2#42 Warning
Same min and max delay values on IO port  
The same input delay of 0.000 ns has been defined on port 'imemRdata[18]' relative to clock clk for both max and min. Make sure this reflects the design intent.
set_input_delay -clock clk 0.000 [get_ports -filter {DIRECTION == IN && NAME != "clk"}]
C:/Users/Prasit/Documents/ACSA_RISCV/vivado_gui/rv_perceptron/rv_perceptron.srcs/constrs_1/new/timing.xdc (Line: 3)
Related violations: <none>

XDCH-2#43 Warning
Same min and max delay values on IO port  
The same input delay of 0.000 ns has been defined on port 'imemRdata[19]' relative to clock clk for both max and min. Make sure this reflects the design intent.
set_input_delay -clock clk 0.000 [get_ports -filter {DIRECTION == IN && NAME != "clk"}]
C:/Users/Prasit/Documents/ACSA_RISCV/vivado_gui/rv_perceptron/rv_perceptron.srcs/constrs_1/new/timing.xdc (Line: 3)
Related violations: <none>

XDCH-2#44 Warning
Same min and max delay values on IO port  
The same input delay of 0.000 ns has been defined on port 'imemRdata[1]' relative to clock clk for both max and min. Make sure this reflects the design intent.
set_input_delay -clock clk 0.000 [get_ports -filter {DIRECTION == IN && NAME != "clk"}]
C:/Users/Prasit/Documents/ACSA_RISCV/vivado_gui/rv_perceptron/rv_perceptron.srcs/constrs_1/new/timing.xdc (Line: 3)
Related violations: <none>

XDCH-2#45 Warning
Same min and max delay values on IO port  
The same input delay of 0.000 ns has been defined on port 'imemRdata[20]' relative to clock clk for both max and min. Make sure this reflects the design intent.
set_input_delay -clock clk 0.000 [get_ports -filter {DIRECTION == IN && NAME != "clk"}]
C:/Users/Prasit/Documents/ACSA_RISCV/vivado_gui/rv_perceptron/rv_perceptron.srcs/constrs_1/new/timing.xdc (Line: 3)
Related violations: <none>

XDCH-2#46 Warning
Same min and max delay values on IO port  
The same input delay of 0.000 ns has been defined on port 'imemRdata[21]' relative to clock clk for both max and min. Make sure this reflects the design intent.
set_input_delay -clock clk 0.000 [get_ports -filter {DIRECTION == IN && NAME != "clk"}]
C:/Users/Prasit/Documents/ACSA_RISCV/vivado_gui/rv_perceptron/rv_perceptron.srcs/constrs_1/new/timing.xdc (Line: 3)
Related violations: <none>

XDCH-2#47 Warning
Same min and max delay values on IO port  
The same input delay of 0.000 ns has been defined on port 'imemRdata[22]' relative to clock clk for both max and min. Make sure this reflects the design intent.
set_input_delay -clock clk 0.000 [get_ports -filter {DIRECTION == IN && NAME != "clk"}]
C:/Users/Prasit/Documents/ACSA_RISCV/vivado_gui/rv_perceptron/rv_perceptron.srcs/constrs_1/new/timing.xdc (Line: 3)
Related violations: <none>

XDCH-2#48 Warning
Same min and max delay values on IO port  
The same input delay of 0.000 ns has been defined on port 'imemRdata[23]' relative to clock clk for both max and min. Make sure this reflects the design intent.
set_input_delay -clock clk 0.000 [get_ports -filter {DIRECTION == IN && NAME != "clk"}]
C:/Users/Prasit/Documents/ACSA_RISCV/vivado_gui/rv_perceptron/rv_perceptron.srcs/constrs_1/new/timing.xdc (Line: 3)
Related violations: <none>

XDCH-2#49 Warning
Same min and max delay values on IO port  
The same input delay of 0.000 ns has been defined on port 'imemRdata[24]' relative to clock clk for both max and min. Make sure this reflects the design intent.
set_input_delay -clock clk 0.000 [get_ports -filter {DIRECTION == IN && NAME != "clk"}]
C:/Users/Prasit/Documents/ACSA_RISCV/vivado_gui/rv_perceptron/rv_perceptron.srcs/constrs_1/new/timing.xdc (Line: 3)
Related violations: <none>

XDCH-2#50 Warning
Same min and max delay values on IO port  
The same input delay of 0.000 ns has been defined on port 'imemRdata[25]' relative to clock clk for both max and min. Make sure this reflects the design intent.
set_input_delay -clock clk 0.000 [get_ports -filter {DIRECTION == IN && NAME != "clk"}]
C:/Users/Prasit/Documents/ACSA_RISCV/vivado_gui/rv_perceptron/rv_perceptron.srcs/constrs_1/new/timing.xdc (Line: 3)
Related violations: <none>

XDCH-2#51 Warning
Same min and max delay values on IO port  
The same input delay of 0.000 ns has been defined on port 'imemRdata[26]' relative to clock clk for both max and min. Make sure this reflects the design intent.
set_input_delay -clock clk 0.000 [get_ports -filter {DIRECTION == IN && NAME != "clk"}]
C:/Users/Prasit/Documents/ACSA_RISCV/vivado_gui/rv_perceptron/rv_perceptron.srcs/constrs_1/new/timing.xdc (Line: 3)
Related violations: <none>

XDCH-2#52 Warning
Same min and max delay values on IO port  
The same input delay of 0.000 ns has been defined on port 'imemRdata[27]' relative to clock clk for both max and min. Make sure this reflects the design intent.
set_input_delay -clock clk 0.000 [get_ports -filter {DIRECTION == IN && NAME != "clk"}]
C:/Users/Prasit/Documents/ACSA_RISCV/vivado_gui/rv_perceptron/rv_perceptron.srcs/constrs_1/new/timing.xdc (Line: 3)
Related violations: <none>

XDCH-2#53 Warning
Same min and max delay values on IO port  
The same input delay of 0.000 ns has been defined on port 'imemRdata[28]' relative to clock clk for both max and min. Make sure this reflects the design intent.
set_input_delay -clock clk 0.000 [get_ports -filter {DIRECTION == IN && NAME != "clk"}]
C:/Users/Prasit/Documents/ACSA_RISCV/vivado_gui/rv_perceptron/rv_perceptron.srcs/constrs_1/new/timing.xdc (Line: 3)
Related violations: <none>

XDCH-2#54 Warning
Same min and max delay values on IO port  
The same input delay of 0.000 ns has been defined on port 'imemRdata[29]' relative to clock clk for both max and min. Make sure this reflects the design intent.
set_input_delay -clock clk 0.000 [get_ports -filter {DIRECTION == IN && NAME != "clk"}]
C:/Users/Prasit/Documents/ACSA_RISCV/vivado_gui/rv_perceptron/rv_perceptron.srcs/constrs_1/new/timing.xdc (Line: 3)
Related violations: <none>

XDCH-2#55 Warning
Same min and max delay values on IO port  
The same input delay of 0.000 ns has been defined on port 'imemRdata[2]' relative to clock clk for both max and min. Make sure this reflects the design intent.
set_input_delay -clock clk 0.000 [get_ports -filter {DIRECTION == IN && NAME != "clk"}]
C:/Users/Prasit/Documents/ACSA_RISCV/vivado_gui/rv_perceptron/rv_perceptron.srcs/constrs_1/new/timing.xdc (Line: 3)
Related violations: <none>

XDCH-2#56 Warning
Same min and max delay values on IO port  
The same input delay of 0.000 ns has been defined on port 'imemRdata[30]' relative to clock clk for both max and min. Make sure this reflects the design intent.
set_input_delay -clock clk 0.000 [get_ports -filter {DIRECTION == IN && NAME != "clk"}]
C:/Users/Prasit/Documents/ACSA_RISCV/vivado_gui/rv_perceptron/rv_perceptron.srcs/constrs_1/new/timing.xdc (Line: 3)
Related violations: <none>

XDCH-2#57 Warning
Same min and max delay values on IO port  
The same input delay of 0.000 ns has been defined on port 'imemRdata[31]' relative to clock clk for both max and min. Make sure this reflects the design intent.
set_input_delay -clock clk 0.000 [get_ports -filter {DIRECTION == IN && NAME != "clk"}]
C:/Users/Prasit/Documents/ACSA_RISCV/vivado_gui/rv_perceptron/rv_perceptron.srcs/constrs_1/new/timing.xdc (Line: 3)
Related violations: <none>

XDCH-2#58 Warning
Same min and max delay values on IO port  
The same input delay of 0.000 ns has been defined on port 'imemRdata[3]' relative to clock clk for both max and min. Make sure this reflects the design intent.
set_input_delay -clock clk 0.000 [get_ports -filter {DIRECTION == IN && NAME != "clk"}]
C:/Users/Prasit/Documents/ACSA_RISCV/vivado_gui/rv_perceptron/rv_perceptron.srcs/constrs_1/new/timing.xdc (Line: 3)
Related violations: <none>

XDCH-2#59 Warning
Same min and max delay values on IO port  
The same input delay of 0.000 ns has been defined on port 'imemRdata[4]' relative to clock clk for both max and min. Make sure this reflects the design intent.
set_input_delay -clock clk 0.000 [get_ports -filter {DIRECTION == IN && NAME != "clk"}]
C:/Users/Prasit/Documents/ACSA_RISCV/vivado_gui/rv_perceptron/rv_perceptron.srcs/constrs_1/new/timing.xdc (Line: 3)
Related violations: <none>

XDCH-2#60 Warning
Same min and max delay values on IO port  
The same input delay of 0.000 ns has been defined on port 'imemRdata[5]' relative to clock clk for both max and min. Make sure this reflects the design intent.
set_input_delay -clock clk 0.000 [get_ports -filter {DIRECTION == IN && NAME != "clk"}]
C:/Users/Prasit/Documents/ACSA_RISCV/vivado_gui/rv_perceptron/rv_perceptron.srcs/constrs_1/new/timing.xdc (Line: 3)
Related violations: <none>

XDCH-2#61 Warning
Same min and max delay values on IO port  
The same input delay of 0.000 ns has been defined on port 'imemRdata[6]' relative to clock clk for both max and min. Make sure this reflects the design intent.
set_input_delay -clock clk 0.000 [get_ports -filter {DIRECTION == IN && NAME != "clk"}]
C:/Users/Prasit/Documents/ACSA_RISCV/vivado_gui/rv_perceptron/rv_perceptron.srcs/constrs_1/new/timing.xdc (Line: 3)
Related violations: <none>

XDCH-2#62 Warning
Same min and max delay values on IO port  
The same input delay of 0.000 ns has been defined on port 'imemRdata[7]' relative to clock clk for both max and min. Make sure this reflects the design intent.
set_input_delay -clock clk 0.000 [get_ports -filter {DIRECTION == IN && NAME != "clk"}]
C:/Users/Prasit/Documents/ACSA_RISCV/vivado_gui/rv_perceptron/rv_perceptron.srcs/constrs_1/new/timing.xdc (Line: 3)
Related violations: <none>

XDCH-2#63 Warning
Same min and max delay values on IO port  
The same input delay of 0.000 ns has been defined on port 'imemRdata[8]' relative to clock clk for both max and min. Make sure this reflects the design intent.
set_input_delay -clock clk 0.000 [get_ports -filter {DIRECTION == IN && NAME != "clk"}]
C:/Users/Prasit/Documents/ACSA_RISCV/vivado_gui/rv_perceptron/rv_perceptron.srcs/constrs_1/new/timing.xdc (Line: 3)
Related violations: <none>

XDCH-2#64 Warning
Same min and max delay values on IO port  
The same input delay of 0.000 ns has been defined on port 'imemRdata[9]' relative to clock clk for both max and min. Make sure this reflects the design intent.
set_input_delay -clock clk 0.000 [get_ports -filter {DIRECTION == IN && NAME != "clk"}]
C:/Users/Prasit/Documents/ACSA_RISCV/vivado_gui/rv_perceptron/rv_perceptron.srcs/constrs_1/new/timing.xdc (Line: 3)
Related violations: <none>

XDCH-2#65 Warning
Same min and max delay values on IO port  
The same input delay of 0.000 ns has been defined on port 'rst' relative to clock clk for both max and min. Make sure this reflects the design intent.
set_input_delay -clock clk 0.000 [get_ports -filter {DIRECTION == IN && NAME != "clk"}]
C:/Users/Prasit/Documents/ACSA_RISCV/vivado_gui/rv_perceptron/rv_perceptron.srcs/constrs_1/new/timing.xdc (Line: 3)
Related violations: <none>

XDCH-2#66 Warning
Same min and max delay values on IO port  
The same input delay of 0.000 ns has been defined on port 'usePredictor' relative to clock clk for both max and min. Make sure this reflects the design intent.
set_input_delay -clock clk 0.000 [get_ports -filter {DIRECTION == IN && NAME != "clk"}]
C:/Users/Prasit/Documents/ACSA_RISCV/vivado_gui/rv_perceptron/rv_perceptron.srcs/constrs_1/new/timing.xdc (Line: 3)
Related violations: <none>

XDCH-2#67 Warning
Same min and max delay values on IO port  
The same output delay of 0.000 ns has been defined on port 'dmemAddr[0]' relative to clock clk for both max and min. Make sure this reflects the design intent.
set_output_delay -clock clk 0.000 [get_ports -filter {DIRECTION == OUT}]
C:/Users/Prasit/Documents/ACSA_RISCV/vivado_gui/rv_perceptron/rv_perceptron.srcs/constrs_1/new/timing.xdc (Line: 5)
Related violations: <none>

XDCH-2#68 Warning
Same min and max delay values on IO port  
The same output delay of 0.000 ns has been defined on port 'dmemAddr[10]' relative to clock clk for both max and min. Make sure this reflects the design intent.
set_output_delay -clock clk 0.000 [get_ports -filter {DIRECTION == OUT}]
C:/Users/Prasit/Documents/ACSA_RISCV/vivado_gui/rv_perceptron/rv_perceptron.srcs/constrs_1/new/timing.xdc (Line: 5)
Related violations: <none>

XDCH-2#69 Warning
Same min and max delay values on IO port  
The same output delay of 0.000 ns has been defined on port 'dmemAddr[11]' relative to clock clk for both max and min. Make sure this reflects the design intent.
set_output_delay -clock clk 0.000 [get_ports -filter {DIRECTION == OUT}]
C:/Users/Prasit/Documents/ACSA_RISCV/vivado_gui/rv_perceptron/rv_perceptron.srcs/constrs_1/new/timing.xdc (Line: 5)
Related violations: <none>

XDCH-2#70 Warning
Same min and max delay values on IO port  
The same output delay of 0.000 ns has been defined on port 'dmemAddr[12]' relative to clock clk for both max and min. Make sure this reflects the design intent.
set_output_delay -clock clk 0.000 [get_ports -filter {DIRECTION == OUT}]
C:/Users/Prasit/Documents/ACSA_RISCV/vivado_gui/rv_perceptron/rv_perceptron.srcs/constrs_1/new/timing.xdc (Line: 5)
Related violations: <none>

XDCH-2#71 Warning
Same min and max delay values on IO port  
The same output delay of 0.000 ns has been defined on port 'dmemAddr[13]' relative to clock clk for both max and min. Make sure this reflects the design intent.
set_output_delay -clock clk 0.000 [get_ports -filter {DIRECTION == OUT}]
C:/Users/Prasit/Documents/ACSA_RISCV/vivado_gui/rv_perceptron/rv_perceptron.srcs/constrs_1/new/timing.xdc (Line: 5)
Related violations: <none>

XDCH-2#72 Warning
Same min and max delay values on IO port  
The same output delay of 0.000 ns has been defined on port 'dmemAddr[14]' relative to clock clk for both max and min. Make sure this reflects the design intent.
set_output_delay -clock clk 0.000 [get_ports -filter {DIRECTION == OUT}]
C:/Users/Prasit/Documents/ACSA_RISCV/vivado_gui/rv_perceptron/rv_perceptron.srcs/constrs_1/new/timing.xdc (Line: 5)
Related violations: <none>

XDCH-2#73 Warning
Same min and max delay values on IO port  
The same output delay of 0.000 ns has been defined on port 'dmemAddr[15]' relative to clock clk for both max and min. Make sure this reflects the design intent.
set_output_delay -clock clk 0.000 [get_ports -filter {DIRECTION == OUT}]
C:/Users/Prasit/Documents/ACSA_RISCV/vivado_gui/rv_perceptron/rv_perceptron.srcs/constrs_1/new/timing.xdc (Line: 5)
Related violations: <none>

XDCH-2#74 Warning
Same min and max delay values on IO port  
The same output delay of 0.000 ns has been defined on port 'dmemAddr[16]' relative to clock clk for both max and min. Make sure this reflects the design intent.
set_output_delay -clock clk 0.000 [get_ports -filter {DIRECTION == OUT}]
C:/Users/Prasit/Documents/ACSA_RISCV/vivado_gui/rv_perceptron/rv_perceptron.srcs/constrs_1/new/timing.xdc (Line: 5)
Related violations: <none>

XDCH-2#75 Warning
Same min and max delay values on IO port  
The same output delay of 0.000 ns has been defined on port 'dmemAddr[17]' relative to clock clk for both max and min. Make sure this reflects the design intent.
set_output_delay -clock clk 0.000 [get_ports -filter {DIRECTION == OUT}]
C:/Users/Prasit/Documents/ACSA_RISCV/vivado_gui/rv_perceptron/rv_perceptron.srcs/constrs_1/new/timing.xdc (Line: 5)
Related violations: <none>

XDCH-2#76 Warning
Same min and max delay values on IO port  
The same output delay of 0.000 ns has been defined on port 'dmemAddr[18]' relative to clock clk for both max and min. Make sure this reflects the design intent.
set_output_delay -clock clk 0.000 [get_ports -filter {DIRECTION == OUT}]
C:/Users/Prasit/Documents/ACSA_RISCV/vivado_gui/rv_perceptron/rv_perceptron.srcs/constrs_1/new/timing.xdc (Line: 5)
Related violations: <none>

XDCH-2#77 Warning
Same min and max delay values on IO port  
The same output delay of 0.000 ns has been defined on port 'dmemAddr[19]' relative to clock clk for both max and min. Make sure this reflects the design intent.
set_output_delay -clock clk 0.000 [get_ports -filter {DIRECTION == OUT}]
C:/Users/Prasit/Documents/ACSA_RISCV/vivado_gui/rv_perceptron/rv_perceptron.srcs/constrs_1/new/timing.xdc (Line: 5)
Related violations: <none>

XDCH-2#78 Warning
Same min and max delay values on IO port  
The same output delay of 0.000 ns has been defined on port 'dmemAddr[1]' relative to clock clk for both max and min. Make sure this reflects the design intent.
set_output_delay -clock clk 0.000 [get_ports -filter {DIRECTION == OUT}]
C:/Users/Prasit/Documents/ACSA_RISCV/vivado_gui/rv_perceptron/rv_perceptron.srcs/constrs_1/new/timing.xdc (Line: 5)
Related violations: <none>

XDCH-2#79 Warning
Same min and max delay values on IO port  
The same output delay of 0.000 ns has been defined on port 'dmemAddr[20]' relative to clock clk for both max and min. Make sure this reflects the design intent.
set_output_delay -clock clk 0.000 [get_ports -filter {DIRECTION == OUT}]
C:/Users/Prasit/Documents/ACSA_RISCV/vivado_gui/rv_perceptron/rv_perceptron.srcs/constrs_1/new/timing.xdc (Line: 5)
Related violations: <none>

XDCH-2#80 Warning
Same min and max delay values on IO port  
The same output delay of 0.000 ns has been defined on port 'dmemAddr[21]' relative to clock clk for both max and min. Make sure this reflects the design intent.
set_output_delay -clock clk 0.000 [get_ports -filter {DIRECTION == OUT}]
C:/Users/Prasit/Documents/ACSA_RISCV/vivado_gui/rv_perceptron/rv_perceptron.srcs/constrs_1/new/timing.xdc (Line: 5)
Related violations: <none>

XDCH-2#81 Warning
Same min and max delay values on IO port  
The same output delay of 0.000 ns has been defined on port 'dmemAddr[22]' relative to clock clk for both max and min. Make sure this reflects the design intent.
set_output_delay -clock clk 0.000 [get_ports -filter {DIRECTION == OUT}]
C:/Users/Prasit/Documents/ACSA_RISCV/vivado_gui/rv_perceptron/rv_perceptron.srcs/constrs_1/new/timing.xdc (Line: 5)
Related violations: <none>

XDCH-2#82 Warning
Same min and max delay values on IO port  
The same output delay of 0.000 ns has been defined on port 'dmemAddr[23]' relative to clock clk for both max and min. Make sure this reflects the design intent.
set_output_delay -clock clk 0.000 [get_ports -filter {DIRECTION == OUT}]
C:/Users/Prasit/Documents/ACSA_RISCV/vivado_gui/rv_perceptron/rv_perceptron.srcs/constrs_1/new/timing.xdc (Line: 5)
Related violations: <none>

XDCH-2#83 Warning
Same min and max delay values on IO port  
The same output delay of 0.000 ns has been defined on port 'dmemAddr[24]' relative to clock clk for both max and min. Make sure this reflects the design intent.
set_output_delay -clock clk 0.000 [get_ports -filter {DIRECTION == OUT}]
C:/Users/Prasit/Documents/ACSA_RISCV/vivado_gui/rv_perceptron/rv_perceptron.srcs/constrs_1/new/timing.xdc (Line: 5)
Related violations: <none>

XDCH-2#84 Warning
Same min and max delay values on IO port  
The same output delay of 0.000 ns has been defined on port 'dmemAddr[25]' relative to clock clk for both max and min. Make sure this reflects the design intent.
set_output_delay -clock clk 0.000 [get_ports -filter {DIRECTION == OUT}]
C:/Users/Prasit/Documents/ACSA_RISCV/vivado_gui/rv_perceptron/rv_perceptron.srcs/constrs_1/new/timing.xdc (Line: 5)
Related violations: <none>

XDCH-2#85 Warning
Same min and max delay values on IO port  
The same output delay of 0.000 ns has been defined on port 'dmemAddr[26]' relative to clock clk for both max and min. Make sure this reflects the design intent.
set_output_delay -clock clk 0.000 [get_ports -filter {DIRECTION == OUT}]
C:/Users/Prasit/Documents/ACSA_RISCV/vivado_gui/rv_perceptron/rv_perceptron.srcs/constrs_1/new/timing.xdc (Line: 5)
Related violations: <none>

XDCH-2#86 Warning
Same min and max delay values on IO port  
The same output delay of 0.000 ns has been defined on port 'dmemAddr[27]' relative to clock clk for both max and min. Make sure this reflects the design intent.
set_output_delay -clock clk 0.000 [get_ports -filter {DIRECTION == OUT}]
C:/Users/Prasit/Documents/ACSA_RISCV/vivado_gui/rv_perceptron/rv_perceptron.srcs/constrs_1/new/timing.xdc (Line: 5)
Related violations: <none>

XDCH-2#87 Warning
Same min and max delay values on IO port  
The same output delay of 0.000 ns has been defined on port 'dmemAddr[28]' relative to clock clk for both max and min. Make sure this reflects the design intent.
set_output_delay -clock clk 0.000 [get_ports -filter {DIRECTION == OUT}]
C:/Users/Prasit/Documents/ACSA_RISCV/vivado_gui/rv_perceptron/rv_perceptron.srcs/constrs_1/new/timing.xdc (Line: 5)
Related violations: <none>

XDCH-2#88 Warning
Same min and max delay values on IO port  
The same output delay of 0.000 ns has been defined on port 'dmemAddr[29]' relative to clock clk for both max and min. Make sure this reflects the design intent.
set_output_delay -clock clk 0.000 [get_ports -filter {DIRECTION == OUT}]
C:/Users/Prasit/Documents/ACSA_RISCV/vivado_gui/rv_perceptron/rv_perceptron.srcs/constrs_1/new/timing.xdc (Line: 5)
Related violations: <none>

XDCH-2#89 Warning
Same min and max delay values on IO port  
The same output delay of 0.000 ns has been defined on port 'dmemAddr[2]' relative to clock clk for both max and min. Make sure this reflects the design intent.
set_output_delay -clock clk 0.000 [get_ports -filter {DIRECTION == OUT}]
C:/Users/Prasit/Documents/ACSA_RISCV/vivado_gui/rv_perceptron/rv_perceptron.srcs/constrs_1/new/timing.xdc (Line: 5)
Related violations: <none>

XDCH-2#90 Warning
Same min and max delay values on IO port  
The same output delay of 0.000 ns has been defined on port 'dmemAddr[30]' relative to clock clk for both max and min. Make sure this reflects the design intent.
set_output_delay -clock clk 0.000 [get_ports -filter {DIRECTION == OUT}]
C:/Users/Prasit/Documents/ACSA_RISCV/vivado_gui/rv_perceptron/rv_perceptron.srcs/constrs_1/new/timing.xdc (Line: 5)
Related violations: <none>

XDCH-2#91 Warning
Same min and max delay values on IO port  
The same output delay of 0.000 ns has been defined on port 'dmemAddr[31]' relative to clock clk for both max and min. Make sure this reflects the design intent.
set_output_delay -clock clk 0.000 [get_ports -filter {DIRECTION == OUT}]
C:/Users/Prasit/Documents/ACSA_RISCV/vivado_gui/rv_perceptron/rv_perceptron.srcs/constrs_1/new/timing.xdc (Line: 5)
Related violations: <none>

XDCH-2#92 Warning
Same min and max delay values on IO port  
The same output delay of 0.000 ns has been defined on port 'dmemAddr[3]' relative to clock clk for both max and min. Make sure this reflects the design intent.
set_output_delay -clock clk 0.000 [get_ports -filter {DIRECTION == OUT}]
C:/Users/Prasit/Documents/ACSA_RISCV/vivado_gui/rv_perceptron/rv_perceptron.srcs/constrs_1/new/timing.xdc (Line: 5)
Related violations: <none>

XDCH-2#93 Warning
Same min and max delay values on IO port  
The same output delay of 0.000 ns has been defined on port 'dmemAddr[4]' relative to clock clk for both max and min. Make sure this reflects the design intent.
set_output_delay -clock clk 0.000 [get_ports -filter {DIRECTION == OUT}]
C:/Users/Prasit/Documents/ACSA_RISCV/vivado_gui/rv_perceptron/rv_perceptron.srcs/constrs_1/new/timing.xdc (Line: 5)
Related violations: <none>

XDCH-2#94 Warning
Same min and max delay values on IO port  
The same output delay of 0.000 ns has been defined on port 'dmemAddr[5]' relative to clock clk for both max and min. Make sure this reflects the design intent.
set_output_delay -clock clk 0.000 [get_ports -filter {DIRECTION == OUT}]
C:/Users/Prasit/Documents/ACSA_RISCV/vivado_gui/rv_perceptron/rv_perceptron.srcs/constrs_1/new/timing.xdc (Line: 5)
Related violations: <none>

XDCH-2#95 Warning
Same min and max delay values on IO port  
The same output delay of 0.000 ns has been defined on port 'dmemAddr[6]' relative to clock clk for both max and min. Make sure this reflects the design intent.
set_output_delay -clock clk 0.000 [get_ports -filter {DIRECTION == OUT}]
C:/Users/Prasit/Documents/ACSA_RISCV/vivado_gui/rv_perceptron/rv_perceptron.srcs/constrs_1/new/timing.xdc (Line: 5)
Related violations: <none>

XDCH-2#96 Warning
Same min and max delay values on IO port  
The same output delay of 0.000 ns has been defined on port 'dmemAddr[7]' relative to clock clk for both max and min. Make sure this reflects the design intent.
set_output_delay -clock clk 0.000 [get_ports -filter {DIRECTION == OUT}]
C:/Users/Prasit/Documents/ACSA_RISCV/vivado_gui/rv_perceptron/rv_perceptron.srcs/constrs_1/new/timing.xdc (Line: 5)
Related violations: <none>

XDCH-2#97 Warning
Same min and max delay values on IO port  
The same output delay of 0.000 ns has been defined on port 'dmemAddr[8]' relative to clock clk for both max and min. Make sure this reflects the design intent.
set_output_delay -clock clk 0.000 [get_ports -filter {DIRECTION == OUT}]
C:/Users/Prasit/Documents/ACSA_RISCV/vivado_gui/rv_perceptron/rv_perceptron.srcs/constrs_1/new/timing.xdc (Line: 5)
Related violations: <none>

XDCH-2#98 Warning
Same min and max delay values on IO port  
The same output delay of 0.000 ns has been defined on port 'dmemAddr[9]' relative to clock clk for both max and min. Make sure this reflects the design intent.
set_output_delay -clock clk 0.000 [get_ports -filter {DIRECTION == OUT}]
C:/Users/Prasit/Documents/ACSA_RISCV/vivado_gui/rv_perceptron/rv_perceptron.srcs/constrs_1/new/timing.xdc (Line: 5)
Related violations: <none>

XDCH-2#99 Warning
Same min and max delay values on IO port  
The same output delay of 0.000 ns has been defined on port 'dmemSize[0]' relative to clock clk for both max and min. Make sure this reflects the design intent.
set_output_delay -clock clk 0.000 [get_ports -filter {DIRECTION == OUT}]
C:/Users/Prasit/Documents/ACSA_RISCV/vivado_gui/rv_perceptron/rv_perceptron.srcs/constrs_1/new/timing.xdc (Line: 5)
Related violations: <none>

XDCH-2#100 Warning
Same min and max delay values on IO port  
The same output delay of 0.000 ns has been defined on port 'dmemSize[1]' relative to clock clk for both max and min. Make sure this reflects the design intent.
set_output_delay -clock clk 0.000 [get_ports -filter {DIRECTION == OUT}]
C:/Users/Prasit/Documents/ACSA_RISCV/vivado_gui/rv_perceptron/rv_perceptron.srcs/constrs_1/new/timing.xdc (Line: 5)
Related violations: <none>

XDCH-2#101 Warning
Same min and max delay values on IO port  
The same output delay of 0.000 ns has been defined on port 'dmemSize[2]' relative to clock clk for both max and min. Make sure this reflects the design intent.
set_output_delay -clock clk 0.000 [get_ports -filter {DIRECTION == OUT}]
C:/Users/Prasit/Documents/ACSA_RISCV/vivado_gui/rv_perceptron/rv_perceptron.srcs/constrs_1/new/timing.xdc (Line: 5)
Related violations: <none>

XDCH-2#102 Warning
Same min and max delay values on IO port  
The same output delay of 0.000 ns has been defined on port 'dmemWdata[0]' relative to clock clk for both max and min. Make sure this reflects the design intent.
set_output_delay -clock clk 0.000 [get_ports -filter {DIRECTION == OUT}]
C:/Users/Prasit/Documents/ACSA_RISCV/vivado_gui/rv_perceptron/rv_perceptron.srcs/constrs_1/new/timing.xdc (Line: 5)
Related violations: <none>

XDCH-2#103 Warning
Same min and max delay values on IO port  
The same output delay of 0.000 ns has been defined on port 'dmemWdata[10]' relative to clock clk for both max and min. Make sure this reflects the design intent.
set_output_delay -clock clk 0.000 [get_ports -filter {DIRECTION == OUT}]
C:/Users/Prasit/Documents/ACSA_RISCV/vivado_gui/rv_perceptron/rv_perceptron.srcs/constrs_1/new/timing.xdc (Line: 5)
Related violations: <none>

XDCH-2#104 Warning
Same min and max delay values on IO port  
The same output delay of 0.000 ns has been defined on port 'dmemWdata[11]' relative to clock clk for both max and min. Make sure this reflects the design intent.
set_output_delay -clock clk 0.000 [get_ports -filter {DIRECTION == OUT}]
C:/Users/Prasit/Documents/ACSA_RISCV/vivado_gui/rv_perceptron/rv_perceptron.srcs/constrs_1/new/timing.xdc (Line: 5)
Related violations: <none>

XDCH-2#105 Warning
Same min and max delay values on IO port  
The same output delay of 0.000 ns has been defined on port 'dmemWdata[12]' relative to clock clk for both max and min. Make sure this reflects the design intent.
set_output_delay -clock clk 0.000 [get_ports -filter {DIRECTION == OUT}]
C:/Users/Prasit/Documents/ACSA_RISCV/vivado_gui/rv_perceptron/rv_perceptron.srcs/constrs_1/new/timing.xdc (Line: 5)
Related violations: <none>

XDCH-2#106 Warning
Same min and max delay values on IO port  
The same output delay of 0.000 ns has been defined on port 'dmemWdata[13]' relative to clock clk for both max and min. Make sure this reflects the design intent.
set_output_delay -clock clk 0.000 [get_ports -filter {DIRECTION == OUT}]
C:/Users/Prasit/Documents/ACSA_RISCV/vivado_gui/rv_perceptron/rv_perceptron.srcs/constrs_1/new/timing.xdc (Line: 5)
Related violations: <none>

XDCH-2#107 Warning
Same min and max delay values on IO port  
The same output delay of 0.000 ns has been defined on port 'dmemWdata[14]' relative to clock clk for both max and min. Make sure this reflects the design intent.
set_output_delay -clock clk 0.000 [get_ports -filter {DIRECTION == OUT}]
C:/Users/Prasit/Documents/ACSA_RISCV/vivado_gui/rv_perceptron/rv_perceptron.srcs/constrs_1/new/timing.xdc (Line: 5)
Related violations: <none>

XDCH-2#108 Warning
Same min and max delay values on IO port  
The same output delay of 0.000 ns has been defined on port 'dmemWdata[15]' relative to clock clk for both max and min. Make sure this reflects the design intent.
set_output_delay -clock clk 0.000 [get_ports -filter {DIRECTION == OUT}]
C:/Users/Prasit/Documents/ACSA_RISCV/vivado_gui/rv_perceptron/rv_perceptron.srcs/constrs_1/new/timing.xdc (Line: 5)
Related violations: <none>

XDCH-2#109 Warning
Same min and max delay values on IO port  
The same output delay of 0.000 ns has been defined on port 'dmemWdata[16]' relative to clock clk for both max and min. Make sure this reflects the design intent.
set_output_delay -clock clk 0.000 [get_ports -filter {DIRECTION == OUT}]
C:/Users/Prasit/Documents/ACSA_RISCV/vivado_gui/rv_perceptron/rv_perceptron.srcs/constrs_1/new/timing.xdc (Line: 5)
Related violations: <none>

XDCH-2#110 Warning
Same min and max delay values on IO port  
The same output delay of 0.000 ns has been defined on port 'dmemWdata[17]' relative to clock clk for both max and min. Make sure this reflects the design intent.
set_output_delay -clock clk 0.000 [get_ports -filter {DIRECTION == OUT}]
C:/Users/Prasit/Documents/ACSA_RISCV/vivado_gui/rv_perceptron/rv_perceptron.srcs/constrs_1/new/timing.xdc (Line: 5)
Related violations: <none>

XDCH-2#111 Warning
Same min and max delay values on IO port  
The same output delay of 0.000 ns has been defined on port 'dmemWdata[18]' relative to clock clk for both max and min. Make sure this reflects the design intent.
set_output_delay -clock clk 0.000 [get_ports -filter {DIRECTION == OUT}]
C:/Users/Prasit/Documents/ACSA_RISCV/vivado_gui/rv_perceptron/rv_perceptron.srcs/constrs_1/new/timing.xdc (Line: 5)
Related violations: <none>

XDCH-2#112 Warning
Same min and max delay values on IO port  
The same output delay of 0.000 ns has been defined on port 'dmemWdata[19]' relative to clock clk for both max and min. Make sure this reflects the design intent.
set_output_delay -clock clk 0.000 [get_ports -filter {DIRECTION == OUT}]
C:/Users/Prasit/Documents/ACSA_RISCV/vivado_gui/rv_perceptron/rv_perceptron.srcs/constrs_1/new/timing.xdc (Line: 5)
Related violations: <none>

XDCH-2#113 Warning
Same min and max delay values on IO port  
The same output delay of 0.000 ns has been defined on port 'dmemWdata[1]' relative to clock clk for both max and min. Make sure this reflects the design intent.
set_output_delay -clock clk 0.000 [get_ports -filter {DIRECTION == OUT}]
C:/Users/Prasit/Documents/ACSA_RISCV/vivado_gui/rv_perceptron/rv_perceptron.srcs/constrs_1/new/timing.xdc (Line: 5)
Related violations: <none>

XDCH-2#114 Warning
Same min and max delay values on IO port  
The same output delay of 0.000 ns has been defined on port 'dmemWdata[20]' relative to clock clk for both max and min. Make sure this reflects the design intent.
set_output_delay -clock clk 0.000 [get_ports -filter {DIRECTION == OUT}]
C:/Users/Prasit/Documents/ACSA_RISCV/vivado_gui/rv_perceptron/rv_perceptron.srcs/constrs_1/new/timing.xdc (Line: 5)
Related violations: <none>

XDCH-2#115 Warning
Same min and max delay values on IO port  
The same output delay of 0.000 ns has been defined on port 'dmemWdata[21]' relative to clock clk for both max and min. Make sure this reflects the design intent.
set_output_delay -clock clk 0.000 [get_ports -filter {DIRECTION == OUT}]
C:/Users/Prasit/Documents/ACSA_RISCV/vivado_gui/rv_perceptron/rv_perceptron.srcs/constrs_1/new/timing.xdc (Line: 5)
Related violations: <none>

XDCH-2#116 Warning
Same min and max delay values on IO port  
The same output delay of 0.000 ns has been defined on port 'dmemWdata[22]' relative to clock clk for both max and min. Make sure this reflects the design intent.
set_output_delay -clock clk 0.000 [get_ports -filter {DIRECTION == OUT}]
C:/Users/Prasit/Documents/ACSA_RISCV/vivado_gui/rv_perceptron/rv_perceptron.srcs/constrs_1/new/timing.xdc (Line: 5)
Related violations: <none>

XDCH-2#117 Warning
Same min and max delay values on IO port  
The same output delay of 0.000 ns has been defined on port 'dmemWdata[23]' relative to clock clk for both max and min. Make sure this reflects the design intent.
set_output_delay -clock clk 0.000 [get_ports -filter {DIRECTION == OUT}]
C:/Users/Prasit/Documents/ACSA_RISCV/vivado_gui/rv_perceptron/rv_perceptron.srcs/constrs_1/new/timing.xdc (Line: 5)
Related violations: <none>

XDCH-2#118 Warning
Same min and max delay values on IO port  
The same output delay of 0.000 ns has been defined on port 'dmemWdata[24]' relative to clock clk for both max and min. Make sure this reflects the design intent.
set_output_delay -clock clk 0.000 [get_ports -filter {DIRECTION == OUT}]
C:/Users/Prasit/Documents/ACSA_RISCV/vivado_gui/rv_perceptron/rv_perceptron.srcs/constrs_1/new/timing.xdc (Line: 5)
Related violations: <none>

XDCH-2#119 Warning
Same min and max delay values on IO port  
The same output delay of 0.000 ns has been defined on port 'dmemWdata[25]' relative to clock clk for both max and min. Make sure this reflects the design intent.
set_output_delay -clock clk 0.000 [get_ports -filter {DIRECTION == OUT}]
C:/Users/Prasit/Documents/ACSA_RISCV/vivado_gui/rv_perceptron/rv_perceptron.srcs/constrs_1/new/timing.xdc (Line: 5)
Related violations: <none>

XDCH-2#120 Warning
Same min and max delay values on IO port  
The same output delay of 0.000 ns has been defined on port 'dmemWdata[26]' relative to clock clk for both max and min. Make sure this reflects the design intent.
set_output_delay -clock clk 0.000 [get_ports -filter {DIRECTION == OUT}]
C:/Users/Prasit/Documents/ACSA_RISCV/vivado_gui/rv_perceptron/rv_perceptron.srcs/constrs_1/new/timing.xdc (Line: 5)
Related violations: <none>

XDCH-2#121 Warning
Same min and max delay values on IO port  
The same output delay of 0.000 ns has been defined on port 'dmemWdata[27]' relative to clock clk for both max and min. Make sure this reflects the design intent.
set_output_delay -clock clk 0.000 [get_ports -filter {DIRECTION == OUT}]
C:/Users/Prasit/Documents/ACSA_RISCV/vivado_gui/rv_perceptron/rv_perceptron.srcs/constrs_1/new/timing.xdc (Line: 5)
Related violations: <none>

XDCH-2#122 Warning
Same min and max delay values on IO port  
The same output delay of 0.000 ns has been defined on port 'dmemWdata[28]' relative to clock clk for both max and min. Make sure this reflects the design intent.
set_output_delay -clock clk 0.000 [get_ports -filter {DIRECTION == OUT}]
C:/Users/Prasit/Documents/ACSA_RISCV/vivado_gui/rv_perceptron/rv_perceptron.srcs/constrs_1/new/timing.xdc (Line: 5)
Related violations: <none>

XDCH-2#123 Warning
Same min and max delay values on IO port  
The same output delay of 0.000 ns has been defined on port 'dmemWdata[29]' relative to clock clk for both max and min. Make sure this reflects the design intent.
set_output_delay -clock clk 0.000 [get_ports -filter {DIRECTION == OUT}]
C:/Users/Prasit/Documents/ACSA_RISCV/vivado_gui/rv_perceptron/rv_perceptron.srcs/constrs_1/new/timing.xdc (Line: 5)
Related violations: <none>

XDCH-2#124 Warning
Same min and max delay values on IO port  
The same output delay of 0.000 ns has been defined on port 'dmemWdata[2]' relative to clock clk for both max and min. Make sure this reflects the design intent.
set_output_delay -clock clk 0.000 [get_ports -filter {DIRECTION == OUT}]
C:/Users/Prasit/Documents/ACSA_RISCV/vivado_gui/rv_perceptron/rv_perceptron.srcs/constrs_1/new/timing.xdc (Line: 5)
Related violations: <none>

XDCH-2#125 Warning
Same min and max delay values on IO port  
The same output delay of 0.000 ns has been defined on port 'dmemWdata[30]' relative to clock clk for both max and min. Make sure this reflects the design intent.
set_output_delay -clock clk 0.000 [get_ports -filter {DIRECTION == OUT}]
C:/Users/Prasit/Documents/ACSA_RISCV/vivado_gui/rv_perceptron/rv_perceptron.srcs/constrs_1/new/timing.xdc (Line: 5)
Related violations: <none>

XDCH-2#126 Warning
Same min and max delay values on IO port  
The same output delay of 0.000 ns has been defined on port 'dmemWdata[31]' relative to clock clk for both max and min. Make sure this reflects the design intent.
set_output_delay -clock clk 0.000 [get_ports -filter {DIRECTION == OUT}]
C:/Users/Prasit/Documents/ACSA_RISCV/vivado_gui/rv_perceptron/rv_perceptron.srcs/constrs_1/new/timing.xdc (Line: 5)
Related violations: <none>

XDCH-2#127 Warning
Same min and max delay values on IO port  
The same output delay of 0.000 ns has been defined on port 'dmemWdata[3]' relative to clock clk for both max and min. Make sure this reflects the design intent.
set_output_delay -clock clk 0.000 [get_ports -filter {DIRECTION == OUT}]
C:/Users/Prasit/Documents/ACSA_RISCV/vivado_gui/rv_perceptron/rv_perceptron.srcs/constrs_1/new/timing.xdc (Line: 5)
Related violations: <none>

XDCH-2#128 Warning
Same min and max delay values on IO port  
The same output delay of 0.000 ns has been defined on port 'dmemWdata[4]' relative to clock clk for both max and min. Make sure this reflects the design intent.
set_output_delay -clock clk 0.000 [get_ports -filter {DIRECTION == OUT}]
C:/Users/Prasit/Documents/ACSA_RISCV/vivado_gui/rv_perceptron/rv_perceptron.srcs/constrs_1/new/timing.xdc (Line: 5)
Related violations: <none>

XDCH-2#129 Warning
Same min and max delay values on IO port  
The same output delay of 0.000 ns has been defined on port 'dmemWdata[5]' relative to clock clk for both max and min. Make sure this reflects the design intent.
set_output_delay -clock clk 0.000 [get_ports -filter {DIRECTION == OUT}]
C:/Users/Prasit/Documents/ACSA_RISCV/vivado_gui/rv_perceptron/rv_perceptron.srcs/constrs_1/new/timing.xdc (Line: 5)
Related violations: <none>

XDCH-2#130 Warning
Same min and max delay values on IO port  
The same output delay of 0.000 ns has been defined on port 'dmemWdata[6]' relative to clock clk for both max and min. Make sure this reflects the design intent.
set_output_delay -clock clk 0.000 [get_ports -filter {DIRECTION == OUT}]
C:/Users/Prasit/Documents/ACSA_RISCV/vivado_gui/rv_perceptron/rv_perceptron.srcs/constrs_1/new/timing.xdc (Line: 5)
Related violations: <none>

XDCH-2#131 Warning
Same min and max delay values on IO port  
The same output delay of 0.000 ns has been defined on port 'dmemWdata[7]' relative to clock clk for both max and min. Make sure this reflects the design intent.
set_output_delay -clock clk 0.000 [get_ports -filter {DIRECTION == OUT}]
C:/Users/Prasit/Documents/ACSA_RISCV/vivado_gui/rv_perceptron/rv_perceptron.srcs/constrs_1/new/timing.xdc (Line: 5)
Related violations: <none>

XDCH-2#132 Warning
Same min and max delay values on IO port  
The same output delay of 0.000 ns has been defined on port 'dmemWdata[8]' relative to clock clk for both max and min. Make sure this reflects the design intent.
set_output_delay -clock clk 0.000 [get_ports -filter {DIRECTION == OUT}]
C:/Users/Prasit/Documents/ACSA_RISCV/vivado_gui/rv_perceptron/rv_perceptron.srcs/constrs_1/new/timing.xdc (Line: 5)
Related violations: <none>

XDCH-2#133 Warning
Same min and max delay values on IO port  
The same output delay of 0.000 ns has been defined on port 'dmemWdata[9]' relative to clock clk for both max and min. Make sure this reflects the design intent.
set_output_delay -clock clk 0.000 [get_ports -filter {DIRECTION == OUT}]
C:/Users/Prasit/Documents/ACSA_RISCV/vivado_gui/rv_perceptron/rv_perceptron.srcs/constrs_1/new/timing.xdc (Line: 5)
Related violations: <none>

XDCH-2#134 Warning
Same min and max delay values on IO port  
The same output delay of 0.000 ns has been defined on port 'dmemWen' relative to clock clk for both max and min. Make sure this reflects the design intent.
set_output_delay -clock clk 0.000 [get_ports -filter {DIRECTION == OUT}]
C:/Users/Prasit/Documents/ACSA_RISCV/vivado_gui/rv_perceptron/rv_perceptron.srcs/constrs_1/new/timing.xdc (Line: 5)
Related violations: <none>

XDCH-2#135 Warning
Same min and max delay values on IO port  
The same output delay of 0.000 ns has been defined on port 'imemAddr[0]' relative to clock clk for both max and min. Make sure this reflects the design intent.
set_output_delay -clock clk 0.000 [get_ports -filter {DIRECTION == OUT}]
C:/Users/Prasit/Documents/ACSA_RISCV/vivado_gui/rv_perceptron/rv_perceptron.srcs/constrs_1/new/timing.xdc (Line: 5)
Related violations: <none>

XDCH-2#136 Warning
Same min and max delay values on IO port  
The same output delay of 0.000 ns has been defined on port 'imemAddr[10]' relative to clock clk for both max and min. Make sure this reflects the design intent.
set_output_delay -clock clk 0.000 [get_ports -filter {DIRECTION == OUT}]
C:/Users/Prasit/Documents/ACSA_RISCV/vivado_gui/rv_perceptron/rv_perceptron.srcs/constrs_1/new/timing.xdc (Line: 5)
Related violations: <none>

XDCH-2#137 Warning
Same min and max delay values on IO port  
The same output delay of 0.000 ns has been defined on port 'imemAddr[11]' relative to clock clk for both max and min. Make sure this reflects the design intent.
set_output_delay -clock clk 0.000 [get_ports -filter {DIRECTION == OUT}]
C:/Users/Prasit/Documents/ACSA_RISCV/vivado_gui/rv_perceptron/rv_perceptron.srcs/constrs_1/new/timing.xdc (Line: 5)
Related violations: <none>

XDCH-2#138 Warning
Same min and max delay values on IO port  
The same output delay of 0.000 ns has been defined on port 'imemAddr[12]' relative to clock clk for both max and min. Make sure this reflects the design intent.
set_output_delay -clock clk 0.000 [get_ports -filter {DIRECTION == OUT}]
C:/Users/Prasit/Documents/ACSA_RISCV/vivado_gui/rv_perceptron/rv_perceptron.srcs/constrs_1/new/timing.xdc (Line: 5)
Related violations: <none>

XDCH-2#139 Warning
Same min and max delay values on IO port  
The same output delay of 0.000 ns has been defined on port 'imemAddr[13]' relative to clock clk for both max and min. Make sure this reflects the design intent.
set_output_delay -clock clk 0.000 [get_ports -filter {DIRECTION == OUT}]
C:/Users/Prasit/Documents/ACSA_RISCV/vivado_gui/rv_perceptron/rv_perceptron.srcs/constrs_1/new/timing.xdc (Line: 5)
Related violations: <none>

XDCH-2#140 Warning
Same min and max delay values on IO port  
The same output delay of 0.000 ns has been defined on port 'imemAddr[14]' relative to clock clk for both max and min. Make sure this reflects the design intent.
set_output_delay -clock clk 0.000 [get_ports -filter {DIRECTION == OUT}]
C:/Users/Prasit/Documents/ACSA_RISCV/vivado_gui/rv_perceptron/rv_perceptron.srcs/constrs_1/new/timing.xdc (Line: 5)
Related violations: <none>

XDCH-2#141 Warning
Same min and max delay values on IO port  
The same output delay of 0.000 ns has been defined on port 'imemAddr[15]' relative to clock clk for both max and min. Make sure this reflects the design intent.
set_output_delay -clock clk 0.000 [get_ports -filter {DIRECTION == OUT}]
C:/Users/Prasit/Documents/ACSA_RISCV/vivado_gui/rv_perceptron/rv_perceptron.srcs/constrs_1/new/timing.xdc (Line: 5)
Related violations: <none>

XDCH-2#142 Warning
Same min and max delay values on IO port  
The same output delay of 0.000 ns has been defined on port 'imemAddr[16]' relative to clock clk for both max and min. Make sure this reflects the design intent.
set_output_delay -clock clk 0.000 [get_ports -filter {DIRECTION == OUT}]
C:/Users/Prasit/Documents/ACSA_RISCV/vivado_gui/rv_perceptron/rv_perceptron.srcs/constrs_1/new/timing.xdc (Line: 5)
Related violations: <none>

XDCH-2#143 Warning
Same min and max delay values on IO port  
The same output delay of 0.000 ns has been defined on port 'imemAddr[17]' relative to clock clk for both max and min. Make sure this reflects the design intent.
set_output_delay -clock clk 0.000 [get_ports -filter {DIRECTION == OUT}]
C:/Users/Prasit/Documents/ACSA_RISCV/vivado_gui/rv_perceptron/rv_perceptron.srcs/constrs_1/new/timing.xdc (Line: 5)
Related violations: <none>

XDCH-2#144 Warning
Same min and max delay values on IO port  
The same output delay of 0.000 ns has been defined on port 'imemAddr[18]' relative to clock clk for both max and min. Make sure this reflects the design intent.
set_output_delay -clock clk 0.000 [get_ports -filter {DIRECTION == OUT}]
C:/Users/Prasit/Documents/ACSA_RISCV/vivado_gui/rv_perceptron/rv_perceptron.srcs/constrs_1/new/timing.xdc (Line: 5)
Related violations: <none>

XDCH-2#145 Warning
Same min and max delay values on IO port  
The same output delay of 0.000 ns has been defined on port 'imemAddr[19]' relative to clock clk for both max and min. Make sure this reflects the design intent.
set_output_delay -clock clk 0.000 [get_ports -filter {DIRECTION == OUT}]
C:/Users/Prasit/Documents/ACSA_RISCV/vivado_gui/rv_perceptron/rv_perceptron.srcs/constrs_1/new/timing.xdc (Line: 5)
Related violations: <none>

XDCH-2#146 Warning
Same min and max delay values on IO port  
The same output delay of 0.000 ns has been defined on port 'imemAddr[1]' relative to clock clk for both max and min. Make sure this reflects the design intent.
set_output_delay -clock clk 0.000 [get_ports -filter {DIRECTION == OUT}]
C:/Users/Prasit/Documents/ACSA_RISCV/vivado_gui/rv_perceptron/rv_perceptron.srcs/constrs_1/new/timing.xdc (Line: 5)
Related violations: <none>

XDCH-2#147 Warning
Same min and max delay values on IO port  
The same output delay of 0.000 ns has been defined on port 'imemAddr[20]' relative to clock clk for both max and min. Make sure this reflects the design intent.
set_output_delay -clock clk 0.000 [get_ports -filter {DIRECTION == OUT}]
C:/Users/Prasit/Documents/ACSA_RISCV/vivado_gui/rv_perceptron/rv_perceptron.srcs/constrs_1/new/timing.xdc (Line: 5)
Related violations: <none>

XDCH-2#148 Warning
Same min and max delay values on IO port  
The same output delay of 0.000 ns has been defined on port 'imemAddr[21]' relative to clock clk for both max and min. Make sure this reflects the design intent.
set_output_delay -clock clk 0.000 [get_ports -filter {DIRECTION == OUT}]
C:/Users/Prasit/Documents/ACSA_RISCV/vivado_gui/rv_perceptron/rv_perceptron.srcs/constrs_1/new/timing.xdc (Line: 5)
Related violations: <none>

XDCH-2#149 Warning
Same min and max delay values on IO port  
The same output delay of 0.000 ns has been defined on port 'imemAddr[22]' relative to clock clk for both max and min. Make sure this reflects the design intent.
set_output_delay -clock clk 0.000 [get_ports -filter {DIRECTION == OUT}]
C:/Users/Prasit/Documents/ACSA_RISCV/vivado_gui/rv_perceptron/rv_perceptron.srcs/constrs_1/new/timing.xdc (Line: 5)
Related violations: <none>

XDCH-2#150 Warning
Same min and max delay values on IO port  
The same output delay of 0.000 ns has been defined on port 'imemAddr[23]' relative to clock clk for both max and min. Make sure this reflects the design intent.
set_output_delay -clock clk 0.000 [get_ports -filter {DIRECTION == OUT}]
C:/Users/Prasit/Documents/ACSA_RISCV/vivado_gui/rv_perceptron/rv_perceptron.srcs/constrs_1/new/timing.xdc (Line: 5)
Related violations: <none>

XDCH-2#151 Warning
Same min and max delay values on IO port  
The same output delay of 0.000 ns has been defined on port 'imemAddr[24]' relative to clock clk for both max and min. Make sure this reflects the design intent.
set_output_delay -clock clk 0.000 [get_ports -filter {DIRECTION == OUT}]
C:/Users/Prasit/Documents/ACSA_RISCV/vivado_gui/rv_perceptron/rv_perceptron.srcs/constrs_1/new/timing.xdc (Line: 5)
Related violations: <none>

XDCH-2#152 Warning
Same min and max delay values on IO port  
The same output delay of 0.000 ns has been defined on port 'imemAddr[25]' relative to clock clk for both max and min. Make sure this reflects the design intent.
set_output_delay -clock clk 0.000 [get_ports -filter {DIRECTION == OUT}]
C:/Users/Prasit/Documents/ACSA_RISCV/vivado_gui/rv_perceptron/rv_perceptron.srcs/constrs_1/new/timing.xdc (Line: 5)
Related violations: <none>

XDCH-2#153 Warning
Same min and max delay values on IO port  
The same output delay of 0.000 ns has been defined on port 'imemAddr[26]' relative to clock clk for both max and min. Make sure this reflects the design intent.
set_output_delay -clock clk 0.000 [get_ports -filter {DIRECTION == OUT}]
C:/Users/Prasit/Documents/ACSA_RISCV/vivado_gui/rv_perceptron/rv_perceptron.srcs/constrs_1/new/timing.xdc (Line: 5)
Related violations: <none>

XDCH-2#154 Warning
Same min and max delay values on IO port  
The same output delay of 0.000 ns has been defined on port 'imemAddr[27]' relative to clock clk for both max and min. Make sure this reflects the design intent.
set_output_delay -clock clk 0.000 [get_ports -filter {DIRECTION == OUT}]
C:/Users/Prasit/Documents/ACSA_RISCV/vivado_gui/rv_perceptron/rv_perceptron.srcs/constrs_1/new/timing.xdc (Line: 5)
Related violations: <none>

XDCH-2#155 Warning
Same min and max delay values on IO port  
The same output delay of 0.000 ns has been defined on port 'imemAddr[28]' relative to clock clk for both max and min. Make sure this reflects the design intent.
set_output_delay -clock clk 0.000 [get_ports -filter {DIRECTION == OUT}]
C:/Users/Prasit/Documents/ACSA_RISCV/vivado_gui/rv_perceptron/rv_perceptron.srcs/constrs_1/new/timing.xdc (Line: 5)
Related violations: <none>

XDCH-2#156 Warning
Same min and max delay values on IO port  
The same output delay of 0.000 ns has been defined on port 'imemAddr[29]' relative to clock clk for both max and min. Make sure this reflects the design intent.
set_output_delay -clock clk 0.000 [get_ports -filter {DIRECTION == OUT}]
C:/Users/Prasit/Documents/ACSA_RISCV/vivado_gui/rv_perceptron/rv_perceptron.srcs/constrs_1/new/timing.xdc (Line: 5)
Related violations: <none>

XDCH-2#157 Warning
Same min and max delay values on IO port  
The same output delay of 0.000 ns has been defined on port 'imemAddr[2]' relative to clock clk for both max and min. Make sure this reflects the design intent.
set_output_delay -clock clk 0.000 [get_ports -filter {DIRECTION == OUT}]
C:/Users/Prasit/Documents/ACSA_RISCV/vivado_gui/rv_perceptron/rv_perceptron.srcs/constrs_1/new/timing.xdc (Line: 5)
Related violations: <none>

XDCH-2#158 Warning
Same min and max delay values on IO port  
The same output delay of 0.000 ns has been defined on port 'imemAddr[30]' relative to clock clk for both max and min. Make sure this reflects the design intent.
set_output_delay -clock clk 0.000 [get_ports -filter {DIRECTION == OUT}]
C:/Users/Prasit/Documents/ACSA_RISCV/vivado_gui/rv_perceptron/rv_perceptron.srcs/constrs_1/new/timing.xdc (Line: 5)
Related violations: <none>

XDCH-2#159 Warning
Same min and max delay values on IO port  
The same output delay of 0.000 ns has been defined on port 'imemAddr[31]' relative to clock clk for both max and min. Make sure this reflects the design intent.
set_output_delay -clock clk 0.000 [get_ports -filter {DIRECTION == OUT}]
C:/Users/Prasit/Documents/ACSA_RISCV/vivado_gui/rv_perceptron/rv_perceptron.srcs/constrs_1/new/timing.xdc (Line: 5)
Related violations: <none>

XDCH-2#160 Warning
Same min and max delay values on IO port  
The same output delay of 0.000 ns has been defined on port 'imemAddr[3]' relative to clock clk for both max and min. Make sure this reflects the design intent.
set_output_delay -clock clk 0.000 [get_ports -filter {DIRECTION == OUT}]
C:/Users/Prasit/Documents/ACSA_RISCV/vivado_gui/rv_perceptron/rv_perceptron.srcs/constrs_1/new/timing.xdc (Line: 5)
Related violations: <none>

XDCH-2#161 Warning
Same min and max delay values on IO port  
The same output delay of 0.000 ns has been defined on port 'imemAddr[4]' relative to clock clk for both max and min. Make sure this reflects the design intent.
set_output_delay -clock clk 0.000 [get_ports -filter {DIRECTION == OUT}]
C:/Users/Prasit/Documents/ACSA_RISCV/vivado_gui/rv_perceptron/rv_perceptron.srcs/constrs_1/new/timing.xdc (Line: 5)
Related violations: <none>

XDCH-2#162 Warning
Same min and max delay values on IO port  
The same output delay of 0.000 ns has been defined on port 'imemAddr[5]' relative to clock clk for both max and min. Make sure this reflects the design intent.
set_output_delay -clock clk 0.000 [get_ports -filter {DIRECTION == OUT}]
C:/Users/Prasit/Documents/ACSA_RISCV/vivado_gui/rv_perceptron/rv_perceptron.srcs/constrs_1/new/timing.xdc (Line: 5)
Related violations: <none>

XDCH-2#163 Warning
Same min and max delay values on IO port  
The same output delay of 0.000 ns has been defined on port 'imemAddr[6]' relative to clock clk for both max and min. Make sure this reflects the design intent.
set_output_delay -clock clk 0.000 [get_ports -filter {DIRECTION == OUT}]
C:/Users/Prasit/Documents/ACSA_RISCV/vivado_gui/rv_perceptron/rv_perceptron.srcs/constrs_1/new/timing.xdc (Line: 5)
Related violations: <none>

XDCH-2#164 Warning
Same min and max delay values on IO port  
The same output delay of 0.000 ns has been defined on port 'imemAddr[7]' relative to clock clk for both max and min. Make sure this reflects the design intent.
set_output_delay -clock clk 0.000 [get_ports -filter {DIRECTION == OUT}]
C:/Users/Prasit/Documents/ACSA_RISCV/vivado_gui/rv_perceptron/rv_perceptron.srcs/constrs_1/new/timing.xdc (Line: 5)
Related violations: <none>

XDCH-2#165 Warning
Same min and max delay values on IO port  
The same output delay of 0.000 ns has been defined on port 'imemAddr[8]' relative to clock clk for both max and min. Make sure this reflects the design intent.
set_output_delay -clock clk 0.000 [get_ports -filter {DIRECTION == OUT}]
C:/Users/Prasit/Documents/ACSA_RISCV/vivado_gui/rv_perceptron/rv_perceptron.srcs/constrs_1/new/timing.xdc (Line: 5)
Related violations: <none>

XDCH-2#166 Warning
Same min and max delay values on IO port  
The same output delay of 0.000 ns has been defined on port 'imemAddr[9]' relative to clock clk for both max and min. Make sure this reflects the design intent.
set_output_delay -clock clk 0.000 [get_ports -filter {DIRECTION == OUT}]
C:/Users/Prasit/Documents/ACSA_RISCV/vivado_gui/rv_perceptron/rv_perceptron.srcs/constrs_1/new/timing.xdc (Line: 5)
Related violations: <none>


