Copyright 1986-2022 Xilinx, Inc. All Rights Reserved. Copyright 2022-2023 Advanced Micro Devices, Inc. All Rights Reserved.
---------------------------------------------------------------------------------------------------------------------------------------------------------------------------------------------------------
| Tool Version : Vivado v.2023.2 (win64) Build 4029153 Fri Oct 13 20:14:34 MDT 2023
| Date         : Sat Sep 12 12:41:34 2026
| Host         : DESKTOP-LP0DM3H running 64-bit major release  (build 9200)
| Command      : report_timing_summary -max_paths 10 -report_unconstrained -file core_timing_summary_routed.rpt -pb core_timing_summary_routed.pb -rpx core_timing_summary_routed.rpx -warn_on_violation
| Design       : core
| Device       : 7a35t-cpg236
| Speed File   : -1  PRODUCTION 1.23 2018-06-13
| Design State : Routed
---------------------------------------------------------------------------------------------------------------------------------------------------------------------------------------------------------

Timing Summary Report

------------------------------------------------------------------------------------------------
| Timer Settings
| --------------
------------------------------------------------------------------------------------------------

  Enable Multi Corner Analysis               :  Yes
  Enable Pessimism Removal                   :  Yes
  Pessimism Removal Resolution               :  Nearest Common Node
  Enable Input Delay Default Clock           :  No
  Enable Preset / Clear Arcs                 :  No
  Disable Flight Delays                      :  No
  Ignore I/O Paths                           :  No
  Timing Early Launch at Borrowing Latches   :  No
  Borrow Time for Max Delay Exceptions       :  Yes
  Merge Timing Exceptions                    :  Yes
  Inter-SLR Compensation                     :  Conservative

  Corner  Analyze    Analyze    
  Name    Max Paths  Min Paths  
  ------  ---------  ---------  
  Slow    Yes        Yes        
  Fast    Yes        Yes        


------------------------------------------------------------------------------------------------
| Report Methodology
| ------------------
------------------------------------------------------------------------------------------------

Rule       Severity  Description                                                Violations  
---------  --------  ---------------------------------------------------------  ----------  
SYNTH-5    Warning   Mapped onto distributed RAM because of timing constraints  56          
TIMING-16  Warning   Large setup violation                                      724         
XDCH-2     Warning   Same min and max delay values on IO port                   166         

Note: This report is based on the most recent report_methodology run and may not be up-to-date. Run report_methodology on the current design for the latest report.



check_timing report

Table of Contents
-----------------
1. checking no_clock (0)
2. checking constant_clock (0)
3. checking pulse_width_clock (0)
4. checking unconstrained_internal_endpoints (0)
5. checking no_input_delay (0)
6. checking no_output_delay (0)
7. checking multiple_clock (0)
8. checking generated_clocks (0)
9. checking loops (0)
10. checking partial_input_delay (0)
11. checking partial_output_delay (0)
12. checking latch_loops (0)

1. checking no_clock (0)
------------------------
 There are 0 register/latch pins with no clock.


2. checking constant_clock (0)
------------------------------
 There are 0 register/latch pins with constant_clock.


3. checking pulse_width_clock (0)
---------------------------------
 There are 0 register/latch pins which need pulse_width check


4. checking unconstrained_internal_endpoints (0)
------------------------------------------------
 There are 0 pins that are not constrained for maximum delay.

 There are 0 pins that are not constrained for maximum delay due to constant clock.


5. checking no_input_delay (0)
------------------------------
 There are 0 input ports with no input delay specified.

 There are 0 input ports with no input delay but user has a false path constraint.


6. checking no_output_delay (0)
-------------------------------
 There are 0 ports with no output delay specified.

 There are 0 ports with no output delay but user has a false path constraint

 There are 0 ports with no output delay but with a timing clock defined on it or propagating through it


7. checking multiple_clock (0)
------------------------------
 There are 0 register/latch pins with multiple clocks.


8. checking generated_clocks (0)
--------------------------------
 There are 0 generated clocks that are not connected to a clock source.


9. checking loops (0)
---------------------
 There are 0 combinational loops in the design.


10. checking partial_input_delay (0)
------------------------------------
 There are 0 input ports with partial input delay specified.


11. checking partial_output_delay (0)
-------------------------------------
 There are 0 ports with partial output delay specified.


12. checking latch_loops (0)
----------------------------
 There are 0 combinational latch loops in the design through latch input



------------------------------------------------------------------------------------------------
| Design Timing Summary
| ---------------------
------------------------------------------------------------------------------------------------

    WNS(ns)      TNS(ns)  TNS Failing Endpoints  TNS Total Endpoints      WHS(ns)      THS(ns)  THS Failing Endpoints  THS Total Endpoints     WPWS(ns)     TPWS(ns)  TPWS Failing Endpoints  TPWS Total Endpoints  
    -------      -------  ---------------------  -------------------      -------      -------  ---------------------  -------------------     --------     --------  ----------------------  --------------------  
     -1.619    -1324.620                   1621                16650       -0.441     -114.326                   1346                16650        3.750        0.000                       0                  3318  


Timing constraints are not met.


------------------------------------------------------------------------------------------------
| Clock Summary
| -------------
------------------------------------------------------------------------------------------------

Clock  Waveform(ns)       Period(ns)      Frequency(MHz)
-----  ------------       ----------      --------------
clk    {0.000 5.000}      10.000          100.000         


------------------------------------------------------------------------------------------------
| Intra Clock Table
| -----------------
------------------------------------------------------------------------------------------------

Clock             WNS(ns)      TNS(ns)  TNS Failing Endpoints  TNS Total Endpoints      WHS(ns)      THS(ns)  THS Failing Endpoints  THS Total Endpoints     WPWS(ns)     TPWS(ns)  TPWS Failing Endpoints  TPWS Total Endpoints  
-----             -------      -------  ---------------------  -------------------      -------      -------  ---------------------  -------------------     --------     --------  ----------------------  --------------------  
clk                -1.619    -1324.620                   1621                16650       -0.441     -114.326                   1346                16650        3.750        0.000                       0                  3318  


------------------------------------------------------------------------------------------------
| Inter Clock Table
| -----------------
------------------------------------------------------------------------------------------------

From Clock    To Clock          WNS(ns)      TNS(ns)  TNS Failing Endpoints  TNS Total Endpoints      WHS(ns)      THS(ns)  THS Failing Endpoints  THS Total Endpoints  
----------    --------          -------      -------  ---------------------  -------------------      -------      -------  ---------------------  -------------------  


------------------------------------------------------------------------------------------------
| Other Path Groups Table
| -----------------------
------------------------------------------------------------------------------------------------

Path Group    From Clock    To Clock          WNS(ns)      TNS(ns)  TNS Failing Endpoints  TNS Total Endpoints      WHS(ns)      THS(ns)  THS Failing Endpoints  THS Total Endpoints  
----------    ----------    --------          -------      -------  ---------------------  -------------------      -------      -------  ---------------------  -------------------  


------------------------------------------------------------------------------------------------
| User Ignored Path Table
| -----------------------
------------------------------------------------------------------------------------------------

Path Group    From Clock    To Clock    
----------    ----------    --------    


------------------------------------------------------------------------------------------------
| Unconstrained Path Table
| ------------------------
------------------------------------------------------------------------------------------------

Path Group    From Clock    To Clock    
----------    ----------    --------    


------------------------------------------------------------------------------------------------
| Timing Details
| --------------
------------------------------------------------------------------------------------------------


---------------------------------------------------------------------------------------------------
From Clock:  clk
  To Clock:  clk

Setup :         1621  Failing Endpoints,  Worst Slack       -1.619ns,  Total Violation    -1324.620ns
Hold  :         1346  Failing Endpoints,  Worst Slack       -0.441ns,  Total Violation     -114.326ns
PW    :            0  Failing Endpoints,  Worst Slack        3.750ns,  Total Violation        0.000ns
---------------------------------------------------------------------------------------------------


Max Delay Paths
--------------------------------------------------------------------------------------
Slack (VIOLATED) :        -1.619ns  (required time - arrival time)
  Source:                 execute/r2AddrSv_reg[2]/C
                            (rising edge-triggered cell FDRE clocked by clk  {rise@0.000ns fall@5.000ns period=10.000ns})
  Destination:            fetch/pc_reg[6]_rep__4/D
                            (rising edge-triggered cell FDRE clocked by clk  {rise@0.000ns fall@5.000ns period=10.000ns})
  Path Group:             clk
  Path Type:              Setup (Max at Slow Process Corner)
  Requirement:            10.000ns  (clk rise@10.000ns - clk rise@0.000ns)
  Data Path Delay:        11.317ns  (logic 3.045ns (26.905%)  route 8.272ns (73.095%))
  Logic Levels:           17  (CARRY4=3 LUT2=2 LUT3=2 LUT4=1 LUT5=2 LUT6=6 MUXF7=1)
  Clock Path Skew:        -0.049ns (DCD - SCD + CPR)
    Destination Clock Delay (DCD):    0.924ns = ( 10.924 - 10.000 ) 
    Source Clock Delay      (SCD):    0.973ns
    Clock Pessimism Removal (CPR):    0.000ns
  Clock Uncertainty:      0.035ns  ((TSJ^2 + TIJ^2)^1/2 + DJ) / 2 + PE
    Total System Jitter     (TSJ):    0.071ns
    Total Input Jitter      (TIJ):    0.000ns
    Discrete Jitter          (DJ):    0.000ns
    Phase Error              (PE):    0.000ns

    Location             Delay type                Incr(ns)  Path(ns)    Netlist Resource(s)
  -------------------------------------------------------------------    -------------------
                         (clock clk rise edge)        0.000     0.000 r  
                                                      0.000     0.000 r  clk (IN)
                         net (fo=3317, unset)         0.973     0.973    execute/clk
    SLICE_X32Y146        FDRE                                         r  execute/r2AddrSv_reg[2]/C
  -------------------------------------------------------------------    -------------------
    SLICE_X32Y146        FDRE (Prop_fdre_C_Q)         0.456     1.429 r  execute/r2AddrSv_reg[2]/Q
                         net (fo=3, routed)           0.851     2.280    execute/E_r2Addr[2]
    SLICE_X32Y146        LUT6 (Prop_lut6_I3_O)        0.124     2.404 r  execute/writeDataSv[31]_i_8/O
                         net (fo=1, routed)           0.442     2.845    wback/writeDataSv_reg[4]
    SLICE_X32Y147        LUT6 (Prop_lut6_I3_O)        0.124     2.969 r  wback/writeDataSv[31]_i_3/O
                         net (fo=32, routed)          0.745     3.714    wback/fwdBE0__0
    SLICE_X33Y147        LUT2 (Prop_lut2_I0_O)        0.124     3.838 r  wback/writeDataSv[0]_i_2/O
                         net (fo=28, routed)          0.630     4.468    wback/r2AddrSv_reg[4]
    SLICE_X26Y143        LUT6 (Prop_lut6_I5_O)        0.124     4.592 r  wback/writeDataSv[9]_i_2/O
                         net (fo=1, routed)           0.495     5.087    mem/writeDataSv_reg[9]_0
    SLICE_X27Y143        LUT5 (Prop_lut5_I4_O)        0.124     5.211 r  mem/writeDataSv[9]_i_1/O
                         net (fo=3, routed)           0.415     5.626    execute/alu/aluResultSv[23]_i_3_0[4]
    SLICE_X27Y141        LUT3 (Prop_lut3_I1_O)        0.124     5.750 r  execute/alu/aluResult2_carry__0_i_16/O
                         net (fo=8, routed)           1.065     6.815    execute/alu/immExtSv_reg[23][4]
    SLICE_X29Y137        LUT4 (Prop_lut4_I2_O)        0.124     6.939 r  execute/alu/aluResult2_carry__0_i_8/O
                         net (fo=1, routed)           0.000     6.939    execute/alu/aluResult2_carry__0_i_8_n_0
    SLICE_X29Y137        CARRY4 (Prop_carry4_S[0]_CO[3])
                                                      0.532     7.471 r  execute/alu/aluResult2_carry__0/CO[3]
                         net (fo=1, routed)           0.000     7.471    execute/alu/aluResult2_carry__0_n_0
    SLICE_X29Y138        CARRY4 (Prop_carry4_CI_CO[3])
                                                      0.114     7.585 r  execute/alu/aluResult2_carry__1/CO[3]
                         net (fo=1, routed)           0.000     7.585    execute/alu/aluResult2_carry__1_n_0
    SLICE_X29Y139        CARRY4 (Prop_carry4_CI_CO[3])
                                                      0.114     7.699 r  execute/alu/aluResult2_carry__2/CO[3]
                         net (fo=2, routed)           0.625     8.324    execute/alu/p_2_in_0
    SLICE_X31Y139        LUT6 (Prop_lut6_I0_O)        0.124     8.448 r  execute/alu/pc[31]_i_15/O
                         net (fo=1, routed)           0.572     9.020    execute/alu/pc[31]_i_15_n_0
    SLICE_X31Y138        LUT6 (Prop_lut6_I5_O)        0.124     9.144 r  execute/alu/pc[31]_i_12/O
                         net (fo=1, routed)           0.149     9.293    execute/alu/pc[31]_i_12_n_0
    SLICE_X31Y138        LUT3 (Prop_lut3_I0_O)        0.124     9.417 r  execute/alu/pc[31]_i_6/O
                         net (fo=46, routed)          0.399     9.816    execute/alu/E_pcSel
    SLICE_X33Y138        LUT2 (Prop_lut2_I1_O)        0.124     9.940 r  execute/alu/gOvr.dUncond_i_4/O
                         net (fo=84, routed)          0.913    10.853    gPerceptron.bPredict/E_wrongBranch
    SLICE_X35Y138        LUT6 (Prop_lut6_I4_O)        0.124    10.977 r  gPerceptron.bPredict/pc[6]_i_5_comp/O
                         net (fo=1, routed)           0.575    11.552    execute/alu/pc_reg[6]
    SLICE_X35Y135        LUT5 (Prop_lut5_I0_O)        0.124    11.676 r  execute/alu/pc[6]_i_3/O
                         net (fo=1, routed)           0.000    11.676    execute/alu/pc[6]_i_3_n_0
    SLICE_X35Y135        MUXF7 (Prop_muxf7_I1_O)      0.217    11.893 r  execute/alu/pc_reg[6]_i_1/O
                         net (fo=8, routed)           0.397    12.290    fetch/pc_reg[31]_2[6]
    SLICE_X32Y135        FDRE                                         r  fetch/pc_reg[6]_rep__4/D
  -------------------------------------------------------------------    -------------------

                         (clock clk rise edge)       10.000    10.000 r  
                                                      0.000    10.000 r  clk (IN)
                         net (fo=3317, unset)         0.924    10.924    fetch/clk
    SLICE_X32Y135        FDRE                                         r  fetch/pc_reg[6]_rep__4/C
                         clock pessimism              0.000    10.924    
                         clock uncertainty           -0.035    10.889    
    SLICE_X32Y135        FDRE (Setup_fdre_C_D)       -0.218    10.671    fetch/pc_reg[6]_rep__4
  -------------------------------------------------------------------
                         required time                         10.671    
                         arrival time                         -12.290    
  -------------------------------------------------------------------
                         slack                                 -1.619    

Slack (VIOLATED) :        -1.619ns  (required time - arrival time)
  Source:                 execute/r2AddrSv_reg[2]/C
                            (rising edge-triggered cell FDRE clocked by clk  {rise@0.000ns fall@5.000ns period=10.000ns})
  Destination:            fetch/pc_reg[6]_rep__3/D
                            (rising edge-triggered cell FDRE clocked by clk  {rise@0.000ns fall@5.000ns period=10.000ns})
  Path Group:             clk
  Path Type:              Setup (Max at Slow Process Corner)
  Requirement:            10.000ns  (clk rise@10.000ns - clk rise@0.000ns)
  Data Path Delay:        11.320ns  (logic 3.045ns (26.898%)  route 8.275ns (73.102%))
  Logic Levels:           17  (CARRY4=3 LUT2=2 LUT3=2 LUT4=1 LUT5=2 LUT6=6 MUXF7=1)
  Clock Path Skew:        -0.049ns (DCD - SCD + CPR)
    Destination Clock Delay (DCD):    0.924ns = ( 10.924 - 10.000 ) 
    Source Clock Delay      (SCD):    0.973ns
    Clock Pessimism Removal (CPR):    0.000ns
  Clock Uncertainty:      0.035ns  ((TSJ^2 + TIJ^2)^1/2 + DJ) / 2 + PE
    Total System Jitter     (TSJ):    0.071ns
    Total Input Jitter      (TIJ):    0.000ns
    Discrete Jitter          (DJ):    0.000ns
    Phase Error              (PE):    0.000ns

    Location             Delay type                Incr(ns)  Path(ns)    Netlist Resource(s)
  -------------------------------------------------------------------    -------------------
                         (clock clk rise edge)        0.000     0.000 r  
                                                      0.000     0.000 r  clk (IN)
                         net (fo=3317, unset)         0.973     0.973    execute/clk
    SLICE_X32Y146        FDRE                                         r  execute/r2AddrSv_reg[2]/C
  -------------------------------------------------------------------    -------------------
    SLICE_X32Y146        FDRE (Prop_fdre_C_Q)         0.456     1.429 r  execute/r2AddrSv_reg[2]/Q
                         net (fo=3, routed)           0.851     2.280    execute/E_r2Addr[2]
    SLICE_X32Y146        LUT6 (Prop_lut6_I3_O)        0.124     2.404 r  execute/writeDataSv[31]_i_8/O
                         net (fo=1, routed)           0.442     2.845    wback/writeDataSv_reg[4]
    SLICE_X32Y147        LUT6 (Prop_lut6_I3_O)        0.124     2.969 r  wback/writeDataSv[31]_i_3/O
                         net (fo=32, routed)          0.745     3.714    wback/fwdBE0__0
    SLICE_X33Y147        LUT2 (Prop_lut2_I0_O)        0.124     3.838 r  wback/writeDataSv[0]_i_2/O
                         net (fo=28, routed)          0.630     4.468    wback/r2AddrSv_reg[4]
    SLICE_X26Y143        LUT6 (Prop_lut6_I5_O)        0.124     4.592 r  wback/writeDataSv[9]_i_2/O
                         net (fo=1, routed)           0.495     5.087    mem/writeDataSv_reg[9]_0
    SLICE_X27Y143        LUT5 (Prop_lut5_I4_O)        0.124     5.211 r  mem/writeDataSv[9]_i_1/O
                         net (fo=3, routed)           0.415     5.626    execute/alu/aluResultSv[23]_i_3_0[4]
    SLICE_X27Y141        LUT3 (Prop_lut3_I1_O)        0.124     5.750 r  execute/alu/aluResult2_carry__0_i_16/O
                         net (fo=8, routed)           1.065     6.815    execute/alu/immExtSv_reg[23][4]
    SLICE_X29Y137        LUT4 (Prop_lut4_I2_O)        0.124     6.939 r  execute/alu/aluResult2_carry__0_i_8/O
                         net (fo=1, routed)           0.000     6.939    execute/alu/aluResult2_carry__0_i_8_n_0
    SLICE_X29Y137        CARRY4 (Prop_carry4_S[0]_CO[3])
                                                      0.532     7.471 r  execute/alu/aluResult2_carry__0/CO[3]
                         net (fo=1, routed)           0.000     7.471    execute/alu/aluResult2_carry__0_n_0
    SLICE_X29Y138        CARRY4 (Prop_carry4_CI_CO[3])
                                                      0.114     7.585 r  execute/alu/aluResult2_carry__1/CO[3]
                         net (fo=1, routed)           0.000     7.585    execute/alu/aluResult2_carry__1_n_0
    SLICE_X29Y139        CARRY4 (Prop_carry4_CI_CO[3])
                                                      0.114     7.699 r  execute/alu/aluResult2_carry__2/CO[3]
                         net (fo=2, routed)           0.625     8.324    execute/alu/p_2_in_0
    SLICE_X31Y139        LUT6 (Prop_lut6_I0_O)        0.124     8.448 r  execute/alu/pc[31]_i_15/O
                         net (fo=1, routed)           0.572     9.020    execute/alu/pc[31]_i_15_n_0
    SLICE_X31Y138        LUT6 (Prop_lut6_I5_O)        0.124     9.144 r  execute/alu/pc[31]_i_12/O
                         net (fo=1, routed)           0.149     9.293    execute/alu/pc[31]_i_12_n_0
    SLICE_X31Y138        LUT3 (Prop_lut3_I0_O)        0.124     9.417 r  execute/alu/pc[31]_i_6/O
                         net (fo=46, routed)          0.399     9.816    execute/alu/E_pcSel
    SLICE_X33Y138        LUT2 (Prop_lut2_I1_O)        0.124     9.940 r  execute/alu/gOvr.dUncond_i_4/O
                         net (fo=84, routed)          0.913    10.853    gPerceptron.bPredict/E_wrongBranch
    SLICE_X35Y138        LUT6 (Prop_lut6_I4_O)        0.124    10.977 r  gPerceptron.bPredict/pc[6]_i_5_comp/O
                         net (fo=1, routed)           0.575    11.552    execute/alu/pc_reg[6]
    SLICE_X35Y135        LUT5 (Prop_lut5_I0_O)        0.124    11.676 r  execute/alu/pc[6]_i_3/O
                         net (fo=1, routed)           0.000    11.676    execute/alu/pc[6]_i_3_n_0
    SLICE_X35Y135        MUXF7 (Prop_muxf7_I1_O)      0.217    11.893 r  execute/alu/pc_reg[6]_i_1/O
                         net (fo=8, routed)           0.400    12.293    fetch/pc_reg[31]_2[6]
    SLICE_X32Y135        FDRE                                         r  fetch/pc_reg[6]_rep__3/D
  -------------------------------------------------------------------    -------------------

                         (clock clk rise edge)       10.000    10.000 r  
                                                      0.000    10.000 r  clk (IN)
                         net (fo=3317, unset)         0.924    10.924    fetch/clk
    SLICE_X32Y135        FDRE                                         r  fetch/pc_reg[6]_rep__3/C
                         clock pessimism              0.000    10.924    
                         clock uncertainty           -0.035    10.889    
    SLICE_X32Y135        FDRE (Setup_fdre_C_D)       -0.215    10.674    fetch/pc_reg[6]_rep__3
  -------------------------------------------------------------------
                         required time                         10.674    
                         arrival time                         -12.293    
  -------------------------------------------------------------------
                         slack                                 -1.619    

Slack (VIOLATED) :        -1.618ns  (required time - arrival time)
  Source:                 execute/r2AddrSv_reg[2]/C
                            (rising edge-triggered cell FDRE clocked by clk  {rise@0.000ns fall@5.000ns period=10.000ns})
  Destination:            execute/pcSv_reg[4]/R
                            (rising edge-triggered cell FDRE clocked by clk  {rise@0.000ns fall@5.000ns period=10.000ns})
  Path Group:             clk
  Path Type:              Setup (Max at Slow Process Corner)
  Requirement:            10.000ns  (clk rise@10.000ns - clk rise@0.000ns)
  Data Path Delay:        11.105ns  (logic 2.704ns (24.349%)  route 8.401ns (75.651%))
  Logic Levels:           15  (CARRY4=3 LUT2=2 LUT3=3 LUT4=1 LUT5=1 LUT6=5)
  Clock Path Skew:        -0.049ns (DCD - SCD + CPR)
    Destination Clock Delay (DCD):    0.924ns = ( 10.924 - 10.000 ) 
    Source Clock Delay      (SCD):    0.973ns
    Clock Pessimism Removal (CPR):    0.000ns
  Clock Uncertainty:      0.035ns  ((TSJ^2 + TIJ^2)^1/2 + DJ) / 2 + PE
    Total System Jitter     (TSJ):    0.071ns
    Total Input Jitter      (TIJ):    0.000ns
    Discrete Jitter          (DJ):    0.000ns
    Phase Error              (PE):    0.000ns

    Location             Delay type                Incr(ns)  Path(ns)    Netlist Resource(s)
  -------------------------------------------------------------------    -------------------
                         (clock clk rise edge)        0.000     0.000 r  
                                                      0.000     0.000 r  clk (IN)
                         net (fo=3317, unset)         0.973     0.973    execute/clk
    SLICE_X32Y146        FDRE                                         r  execute/r2AddrSv_reg[2]/C
  -------------------------------------------------------------------    -------------------
    SLICE_X32Y146        FDRE (Prop_fdre_C_Q)         0.456     1.429 r  execute/r2AddrSv_reg[2]/Q
                         net (fo=3, routed)           0.851     2.280    execute/E_r2Addr[2]
    SLICE_X32Y146        LUT6 (Prop_lut6_I3_O)        0.124     2.404 r  execute/writeDataSv[31]_i_8/O
                         net (fo=1, routed)           0.442     2.845    wback/writeDataSv_reg[4]
    SLICE_X32Y147        LUT6 (Prop_lut6_I3_O)        0.124     2.969 r  wback/writeDataSv[31]_i_3/O
                         net (fo=32, routed)          0.745     3.714    wback/fwdBE0__0
    SLICE_X33Y147        LUT2 (Prop_lut2_I0_O)        0.124     3.838 r  wback/writeDataSv[0]_i_2/O
                         net (fo=28, routed)          0.630     4.468    wback/r2AddrSv_reg[4]
    SLICE_X26Y143        LUT6 (Prop_lut6_I5_O)        0.124     4.592 r  wback/writeDataSv[9]_i_2/O
                         net (fo=1, routed)           0.495     5.087    mem/writeDataSv_reg[9]_0
    SLICE_X27Y143        LUT5 (Prop_lut5_I4_O)        0.124     5.211 r  mem/writeDataSv[9]_i_1/O
                         net (fo=3, routed)           0.415     5.626    execute/alu/aluResultSv[23]_i_3_0[4]
    SLICE_X27Y141        LUT3 (Prop_lut3_I1_O)        0.124     5.750 r  execute/alu/aluResult2_carry__0_i_16/O
                         net (fo=8, routed)           1.065     6.815    execute/alu/immExtSv_reg[23][4]
    SLICE_X29Y137        LUT4 (Prop_lut4_I2_O)        0.124     6.939 r  execute/alu/aluResult2_carry__0_i_8/O
                         net (fo=1, routed)           0.000     6.939    execute/alu/aluResult2_carry__0_i_8_n_0
    SLICE_X29Y137        CARRY4 (Prop_carry4_S[0]_CO[3])
                                                      0.532     7.471 r  execute/alu/aluResult2_carry__0/CO[3]
                         net (fo=1, routed)           0.000     7.471    execute/alu/aluResult2_carry__0_n_0
    SLICE_X29Y138        CARRY4 (Prop_carry4_CI_CO[3])
                                                      0.114     7.585 r  execute/alu/aluResult2_carry__1/CO[3]
                         net (fo=1, routed)           0.000     7.585    execute/alu/aluResult2_carry__1_n_0
    SLICE_X29Y139        CARRY4 (Prop_carry4_CI_CO[3])
                                                      0.114     7.699 r  execute/alu/aluResult2_carry__2/CO[3]
                         net (fo=2, routed)           0.625     8.324    execute/alu/p_2_in_0
    SLICE_X31Y139        LUT6 (Prop_lut6_I0_O)        0.124     8.448 r  execute/alu/pc[31]_i_15/O
                         net (fo=1, routed)           0.572     9.020    execute/alu/pc[31]_i_15_n_0
    SLICE_X31Y138        LUT6 (Prop_lut6_I5_O)        0.124     9.144 r  execute/alu/pc[31]_i_12/O
                         net (fo=1, routed)           0.149     9.293    execute/alu/pc[31]_i_12_n_0
    SLICE_X31Y138        LUT3 (Prop_lut3_I0_O)        0.124     9.417 r  execute/alu/pc[31]_i_6/O
                         net (fo=46, routed)          0.399     9.816    execute/alu/E_pcSel
    SLICE_X33Y138        LUT2 (Prop_lut2_I1_O)        0.124     9.940 r  execute/alu/gOvr.dUncond_i_4/O
                         net (fo=84, routed)          0.584    10.524    execute/alu/bPredictedTakenSv_reg
    SLICE_X33Y136        LUT3 (Prop_lut3_I1_O)        0.124    10.648 r  execute/alu/bpBusSv[24]_i_1__0/O
                         net (fo=224, routed)         1.430    12.078    execute/a0
    SLICE_X31Y124        FDRE                                         r  execute/pcSv_reg[4]/R
  -------------------------------------------------------------------    -------------------

                         (clock clk rise edge)       10.000    10.000 r  
                                                      0.000    10.000 r  clk (IN)
                         net (fo=3317, unset)         0.924    10.924    execute/clk
    SLICE_X31Y124        FDRE                                         r  execute/pcSv_reg[4]/C
                         clock pessimism              0.000    10.924    
                         clock uncertainty           -0.035    10.889    
    SLICE_X31Y124        FDRE (Setup_fdre_C_R)       -0.429    10.460    execute/pcSv_reg[4]
  -------------------------------------------------------------------
                         required time                         10.460    
                         arrival time                         -12.078    
  -------------------------------------------------------------------
                         slack                                 -1.618    

Slack (VIOLATED) :        -1.602ns  (required time - arrival time)
  Source:                 execute/r2AddrSv_reg[2]/C
                            (rising edge-triggered cell FDRE clocked by clk  {rise@0.000ns fall@5.000ns period=10.000ns})
  Destination:            fetch/pc_reg[6]/D
                            (rising edge-triggered cell FDRE clocked by clk  {rise@0.000ns fall@5.000ns period=10.000ns})
  Path Group:             clk
  Path Type:              Setup (Max at Slow Process Corner)
  Requirement:            10.000ns  (clk rise@10.000ns - clk rise@0.000ns)
  Data Path Delay:        11.300ns  (logic 3.045ns (26.946%)  route 8.255ns (73.054%))
  Logic Levels:           17  (CARRY4=3 LUT2=2 LUT3=2 LUT4=1 LUT5=2 LUT6=6 MUXF7=1)
  Clock Path Skew:        -0.049ns (DCD - SCD + CPR)
    Destination Clock Delay (DCD):    0.924ns = ( 10.924 - 10.000 ) 
    Source Clock Delay      (SCD):    0.973ns
    Clock Pessimism Removal (CPR):    0.000ns
  Clock Uncertainty:      0.035ns  ((TSJ^2 + TIJ^2)^1/2 + DJ) / 2 + PE
    Total System Jitter     (TSJ):    0.071ns
    Total Input Jitter      (TIJ):    0.000ns
    Discrete Jitter          (DJ):    0.000ns
    Phase Error              (PE):    0.000ns

    Location             Delay type                Incr(ns)  Path(ns)    Netlist Resource(s)
  -------------------------------------------------------------------    -------------------
                         (clock clk rise edge)        0.000     0.000 r  
                                                      0.000     0.000 r  clk (IN)
                         net (fo=3317, unset)         0.973     0.973    execute/clk
    SLICE_X32Y146        FDRE                                         r  execute/r2AddrSv_reg[2]/C
  -------------------------------------------------------------------    -------------------
    SLICE_X32Y146        FDRE (Prop_fdre_C_Q)         0.456     1.429 r  execute/r2AddrSv_reg[2]/Q
                         net (fo=3, routed)           0.851     2.280    execute/E_r2Addr[2]
    SLICE_X32Y146        LUT6 (Prop_lut6_I3_O)        0.124     2.404 r  execute/writeDataSv[31]_i_8/O
                         net (fo=1, routed)           0.442     2.845    wback/writeDataSv_reg[4]
    SLICE_X32Y147        LUT6 (Prop_lut6_I3_O)        0.124     2.969 r  wback/writeDataSv[31]_i_3/O
                         net (fo=32, routed)          0.745     3.714    wback/fwdBE0__0
    SLICE_X33Y147        LUT2 (Prop_lut2_I0_O)        0.124     3.838 r  wback/writeDataSv[0]_i_2/O
                         net (fo=28, routed)          0.630     4.468    wback/r2AddrSv_reg[4]
    SLICE_X26Y143        LUT6 (Prop_lut6_I5_O)        0.124     4.592 r  wback/writeDataSv[9]_i_2/O
                         net (fo=1, routed)           0.495     5.087    mem/writeDataSv_reg[9]_0
    SLICE_X27Y143        LUT5 (Prop_lut5_I4_O)        0.124     5.211 r  mem/writeDataSv[9]_i_1/O
                         net (fo=3, routed)           0.415     5.626    execute/alu/aluResultSv[23]_i_3_0[4]
    SLICE_X27Y141        LUT3 (Prop_lut3_I1_O)        0.124     5.750 r  execute/alu/aluResult2_carry__0_i_16/O
                         net (fo=8, routed)           1.065     6.815    execute/alu/immExtSv_reg[23][4]
    SLICE_X29Y137        LUT4 (Prop_lut4_I2_O)        0.124     6.939 r  execute/alu/aluResult2_carry__0_i_8/O
                         net (fo=1, routed)           0.000     6.939    execute/alu/aluResult2_carry__0_i_8_n_0
    SLICE_X29Y137        CARRY4 (Prop_carry4_S[0]_CO[3])
                                                      0.532     7.471 r  execute/alu/aluResult2_carry__0/CO[3]
                         net (fo=1, routed)           0.000     7.471    execute/alu/aluResult2_carry__0_n_0
    SLICE_X29Y138        CARRY4 (Prop_carry4_CI_CO[3])
                                                      0.114     7.585 r  execute/alu/aluResult2_carry__1/CO[3]
                         net (fo=1, routed)           0.000     7.585    execute/alu/aluResult2_carry__1_n_0
    SLICE_X29Y139        CARRY4 (Prop_carry4_CI_CO[3])
                                                      0.114     7.699 r  execute/alu/aluResult2_carry__2/CO[3]
                         net (fo=2, routed)           0.625     8.324    execute/alu/p_2_in_0
    SLICE_X31Y139        LUT6 (Prop_lut6_I0_O)        0.124     8.448 r  execute/alu/pc[31]_i_15/O
                         net (fo=1, routed)           0.572     9.020    execute/alu/pc[31]_i_15_n_0
    SLICE_X31Y138        LUT6 (Prop_lut6_I5_O)        0.124     9.144 r  execute/alu/pc[31]_i_12/O
                         net (fo=1, routed)           0.149     9.293    execute/alu/pc[31]_i_12_n_0
    SLICE_X31Y138        LUT3 (Prop_lut3_I0_O)        0.124     9.417 r  execute/alu/pc[31]_i_6/O
                         net (fo=46, routed)          0.399     9.816    execute/alu/E_pcSel
    SLICE_X33Y138        LUT2 (Prop_lut2_I1_O)        0.124     9.940 r  execute/alu/gOvr.dUncond_i_4/O
                         net (fo=84, routed)          0.913    10.853    gPerceptron.bPredict/E_wrongBranch
    SLICE_X35Y138        LUT6 (Prop_lut6_I4_O)        0.124    10.977 r  gPerceptron.bPredict/pc[6]_i_5_comp/O
                         net (fo=1, routed)           0.575    11.552    execute/alu/pc_reg[6]
    SLICE_X35Y135        LUT5 (Prop_lut5_I0_O)        0.124    11.676 r  execute/alu/pc[6]_i_3/O
                         net (fo=1, routed)           0.000    11.676    execute/alu/pc[6]_i_3_n_0
    SLICE_X35Y135        MUXF7 (Prop_muxf7_I1_O)      0.217    11.893 r  execute/alu/pc_reg[6]_i_1/O
                         net (fo=8, routed)           0.380    12.273    fetch/pc_reg[31]_2[6]
    SLICE_X35Y134        FDRE                                         r  fetch/pc_reg[6]/D
  -------------------------------------------------------------------    -------------------

                         (clock clk rise edge)       10.000    10.000 r  
                                                      0.000    10.000 r  clk (IN)
                         net (fo=3317, unset)         0.924    10.924    fetch/clk
    SLICE_X35Y134        FDRE                                         r  fetch/pc_reg[6]/C
                         clock pessimism              0.000    10.924    
                         clock uncertainty           -0.035    10.889    
    SLICE_X35Y134        FDRE (Setup_fdre_C_D)       -0.218    10.671    fetch/pc_reg[6]
  -------------------------------------------------------------------
                         required time                         10.671    
                         arrival time                         -12.273    
  -------------------------------------------------------------------
                         slack                                 -1.602    

Slack (VIOLATED) :        -1.597ns  (required time - arrival time)
  Source:                 execute/r2AddrSv_reg[2]/C
                            (rising edge-triggered cell FDRE clocked by clk  {rise@0.000ns fall@5.000ns period=10.000ns})
  Destination:            fetch/pc_reg[6]_rep/D
                            (rising edge-triggered cell FDRE clocked by clk  {rise@0.000ns fall@5.000ns period=10.000ns})
  Path Group:             clk
  Path Type:              Setup (Max at Slow Process Corner)
  Requirement:            10.000ns  (clk rise@10.000ns - clk rise@0.000ns)
  Data Path Delay:        11.308ns  (logic 3.045ns (26.927%)  route 8.263ns (73.073%))
  Logic Levels:           17  (CARRY4=3 LUT2=2 LUT3=2 LUT4=1 LUT5=2 LUT6=6 MUXF7=1)
  Clock Path Skew:        -0.049ns (DCD - SCD + CPR)
    Destination Clock Delay (DCD):    0.924ns = ( 10.924 - 10.000 ) 
    Source Clock Delay      (SCD):    0.973ns
    Clock Pessimism Removal (CPR):    0.000ns
  Clock Uncertainty:      0.035ns  ((TSJ^2 + TIJ^2)^1/2 + DJ) / 2 + PE
    Total System Jitter     (TSJ):    0.071ns
    Total Input Jitter      (TIJ):    0.000ns
    Discrete Jitter          (DJ):    0.000ns
    Phase Error              (PE):    0.000ns

    Location             Delay type                Incr(ns)  Path(ns)    Netlist Resource(s)
  -------------------------------------------------------------------    -------------------
                         (clock clk rise edge)        0.000     0.000 r  
                                                      0.000     0.000 r  clk (IN)
                         net (fo=3317, unset)         0.973     0.973    execute/clk
    SLICE_X32Y146        FDRE                                         r  execute/r2AddrSv_reg[2]/C
  -------------------------------------------------------------------    -------------------
    SLICE_X32Y146        FDRE (Prop_fdre_C_Q)         0.456     1.429 r  execute/r2AddrSv_reg[2]/Q
                         net (fo=3, routed)           0.851     2.280    execute/E_r2Addr[2]
    SLICE_X32Y146        LUT6 (Prop_lut6_I3_O)        0.124     2.404 r  execute/writeDataSv[31]_i_8/O
                         net (fo=1, routed)           0.442     2.845    wback/writeDataSv_reg[4]
    SLICE_X32Y147        LUT6 (Prop_lut6_I3_O)        0.124     2.969 r  wback/writeDataSv[31]_i_3/O
                         net (fo=32, routed)          0.745     3.714    wback/fwdBE0__0
    SLICE_X33Y147        LUT2 (Prop_lut2_I0_O)        0.124     3.838 r  wback/writeDataSv[0]_i_2/O
                         net (fo=28, routed)          0.630     4.468    wback/r2AddrSv_reg[4]
    SLICE_X26Y143        LUT6 (Prop_lut6_I5_O)        0.124     4.592 r  wback/writeDataSv[9]_i_2/O
                         net (fo=1, routed)           0.495     5.087    mem/writeDataSv_reg[9]_0
    SLICE_X27Y143        LUT5 (Prop_lut5_I4_O)        0.124     5.211 r  mem/writeDataSv[9]_i_1/O
                         net (fo=3, routed)           0.415     5.626    execute/alu/aluResultSv[23]_i_3_0[4]
    SLICE_X27Y141        LUT3 (Prop_lut3_I1_O)        0.124     5.750 r  execute/alu/aluResult2_carry__0_i_16/O
                         net (fo=8, routed)           1.065     6.815    execute/alu/immExtSv_reg[23][4]
    SLICE_X29Y137        LUT4 (Prop_lut4_I2_O)        0.124     6.939 r  execute/alu/aluResult2_carry__0_i_8/O
                         net (fo=1, routed)           0.000     6.939    execute/alu/aluResult2_carry__0_i_8_n_0
    SLICE_X29Y137        CARRY4 (Prop_carry4_S[0]_CO[3])
                                                      0.532     7.471 r  execute/alu/aluResult2_carry__0/CO[3]
                         net (fo=1, routed)           0.000     7.471    execute/alu/aluResult2_carry__0_n_0
    SLICE_X29Y138        CARRY4 (Prop_carry4_CI_CO[3])
                                                      0.114     7.585 r  execute/alu/aluResult2_carry__1/CO[3]
                         net (fo=1, routed)           0.000     7.585    execute/alu/aluResult2_carry__1_n_0
    SLICE_X29Y139        CARRY4 (Prop_carry4_CI_CO[3])
                                                      0.114     7.699 r  execute/alu/aluResult2_carry__2/CO[3]
                         net (fo=2, routed)           0.625     8.324    execute/alu/p_2_in_0
    SLICE_X31Y139        LUT6 (Prop_lut6_I0_O)        0.124     8.448 r  execute/alu/pc[31]_i_15/O
                         net (fo=1, routed)           0.572     9.020    execute/alu/pc[31]_i_15_n_0
    SLICE_X31Y138        LUT6 (Prop_lut6_I5_O)        0.124     9.144 r  execute/alu/pc[31]_i_12/O
                         net (fo=1, routed)           0.149     9.293    execute/alu/pc[31]_i_12_n_0
    SLICE_X31Y138        LUT3 (Prop_lut3_I0_O)        0.124     9.417 r  execute/alu/pc[31]_i_6/O
                         net (fo=46, routed)          0.399     9.816    execute/alu/E_pcSel
    SLICE_X33Y138        LUT2 (Prop_lut2_I1_O)        0.124     9.940 r  execute/alu/gOvr.dUncond_i_4/O
                         net (fo=84, routed)          0.913    10.853    gPerceptron.bPredict/E_wrongBranch
    SLICE_X35Y138        LUT6 (Prop_lut6_I4_O)        0.124    10.977 r  gPerceptron.bPredict/pc[6]_i_5_comp/O
                         net (fo=1, routed)           0.575    11.552    execute/alu/pc_reg[6]
    SLICE_X35Y135        LUT5 (Prop_lut5_I0_O)        0.124    11.676 r  execute/alu/pc[6]_i_3/O
                         net (fo=1, routed)           0.000    11.676    execute/alu/pc[6]_i_3_n_0
    SLICE_X35Y135        MUXF7 (Prop_muxf7_I1_O)      0.217    11.893 r  execute/alu/pc_reg[6]_i_1/O
                         net (fo=8, routed)           0.388    12.281    fetch/pc_reg[31]_2[6]
    SLICE_X34Y136        FDRE                                         r  fetch/pc_reg[6]_rep/D
  -------------------------------------------------------------------    -------------------

                         (clock clk rise edge)       10.000    10.000 r  
                                                      0.000    10.000 r  clk (IN)
                         net (fo=3317, unset)         0.924    10.924    fetch/clk
    SLICE_X34Y136        FDRE                                         r  fetch/pc_reg[6]_rep/C
                         clock pessimism              0.000    10.924    
                         clock uncertainty           -0.035    10.889    
    SLICE_X34Y136        FDRE (Setup_fdre_C_D)       -0.205    10.684    fetch/pc_reg[6]_rep
  -------------------------------------------------------------------
                         required time                         10.684    
                         arrival time                         -12.281    
  -------------------------------------------------------------------
                         slack                                 -1.597    

Slack (VIOLATED) :        -1.583ns  (required time - arrival time)
  Source:                 execute/r2AddrSv_reg[2]/C
                            (rising edge-triggered cell FDRE clocked by clk  {rise@0.000ns fall@5.000ns period=10.000ns})
  Destination:            fetch/pc_reg[6]_rep__5/D
                            (rising edge-triggered cell FDRE clocked by clk  {rise@0.000ns fall@5.000ns period=10.000ns})
  Path Group:             clk
  Path Type:              Setup (Max at Slow Process Corner)
  Requirement:            10.000ns  (clk rise@10.000ns - clk rise@0.000ns)
  Data Path Delay:        11.308ns  (logic 3.045ns (26.927%)  route 8.263ns (73.073%))
  Logic Levels:           17  (CARRY4=3 LUT2=2 LUT3=2 LUT4=1 LUT5=2 LUT6=6 MUXF7=1)
  Clock Path Skew:        -0.049ns (DCD - SCD + CPR)
    Destination Clock Delay (DCD):    0.924ns = ( 10.924 - 10.000 ) 
    Source Clock Delay      (SCD):    0.973ns
    Clock Pessimism Removal (CPR):    0.000ns
  Clock Uncertainty:      0.035ns  ((TSJ^2 + TIJ^2)^1/2 + DJ) / 2 + PE
    Total System Jitter     (TSJ):    0.071ns
    Total Input Jitter      (TIJ):    0.000ns
    Discrete Jitter          (DJ):    0.000ns
    Phase Error              (PE):    0.000ns

    Location             Delay type                Incr(ns)  Path(ns)    Netlist Resource(s)
  -------------------------------------------------------------------    -------------------
                         (clock clk rise edge)        0.000     0.000 r  
                                                      0.000     0.000 r  clk (IN)
                         net (fo=3317, unset)         0.973     0.973    execute/clk
    SLICE_X32Y146        FDRE                                         r  execute/r2AddrSv_reg[2]/C
  -------------------------------------------------------------------    -------------------
    SLICE_X32Y146        FDRE (Prop_fdre_C_Q)         0.456     1.429 r  execute/r2AddrSv_reg[2]/Q
                         net (fo=3, routed)           0.851     2.280    execute/E_r2Addr[2]
    SLICE_X32Y146        LUT6 (Prop_lut6_I3_O)        0.124     2.404 r  execute/writeDataSv[31]_i_8/O
                         net (fo=1, routed)           0.442     2.845    wback/writeDataSv_reg[4]
    SLICE_X32Y147        LUT6 (Prop_lut6_I3_O)        0.124     2.969 r  wback/writeDataSv[31]_i_3/O
                         net (fo=32, routed)          0.745     3.714    wback/fwdBE0__0
    SLICE_X33Y147        LUT2 (Prop_lut2_I0_O)        0.124     3.838 r  wback/writeDataSv[0]_i_2/O
                         net (fo=28, routed)          0.630     4.468    wback/r2AddrSv_reg[4]
    SLICE_X26Y143        LUT6 (Prop_lut6_I5_O)        0.124     4.592 r  wback/writeDataSv[9]_i_2/O
                         net (fo=1, routed)           0.495     5.087    mem/writeDataSv_reg[9]_0
    SLICE_X27Y143        LUT5 (Prop_lut5_I4_O)        0.124     5.211 r  mem/writeDataSv[9]_i_1/O
                         net (fo=3, routed)           0.415     5.626    execute/alu/aluResultSv[23]_i_3_0[4]
    SLICE_X27Y141        LUT3 (Prop_lut3_I1_O)        0.124     5.750 r  execute/alu/aluResult2_carry__0_i_16/O
                         net (fo=8, routed)           1.065     6.815    execute/alu/immExtSv_reg[23][4]
    SLICE_X29Y137        LUT4 (Prop_lut4_I2_O)        0.124     6.939 r  execute/alu/aluResult2_carry__0_i_8/O
                         net (fo=1, routed)           0.000     6.939    execute/alu/aluResult2_carry__0_i_8_n_0
    SLICE_X29Y137        CARRY4 (Prop_carry4_S[0]_CO[3])
                                                      0.532     7.471 r  execute/alu/aluResult2_carry__0/CO[3]
                         net (fo=1, routed)           0.000     7.471    execute/alu/aluResult2_carry__0_n_0
    SLICE_X29Y138        CARRY4 (Prop_carry4_CI_CO[3])
                                                      0.114     7.585 r  execute/alu/aluResult2_carry__1/CO[3]
                         net (fo=1, routed)           0.000     7.585    execute/alu/aluResult2_carry__1_n_0
    SLICE_X29Y139        CARRY4 (Prop_carry4_CI_CO[3])
                                                      0.114     7.699 r  execute/alu/aluResult2_carry__2/CO[3]
                         net (fo=2, routed)           0.625     8.324    execute/alu/p_2_in_0
    SLICE_X31Y139        LUT6 (Prop_lut6_I0_O)        0.124     8.448 r  execute/alu/pc[31]_i_15/O
                         net (fo=1, routed)           0.572     9.020    execute/alu/pc[31]_i_15_n_0
    SLICE_X31Y138        LUT6 (Prop_lut6_I5_O)        0.124     9.144 r  execute/alu/pc[31]_i_12/O
                         net (fo=1, routed)           0.149     9.293    execute/alu/pc[31]_i_12_n_0
    SLICE_X31Y138        LUT3 (Prop_lut3_I0_O)        0.124     9.417 r  execute/alu/pc[31]_i_6/O
                         net (fo=46, routed)          0.399     9.816    execute/alu/E_pcSel
    SLICE_X33Y138        LUT2 (Prop_lut2_I1_O)        0.124     9.940 r  execute/alu/gOvr.dUncond_i_4/O
                         net (fo=84, routed)          0.913    10.853    gPerceptron.bPredict/E_wrongBranch
    SLICE_X35Y138        LUT6 (Prop_lut6_I4_O)        0.124    10.977 r  gPerceptron.bPredict/pc[6]_i_5_comp/O
                         net (fo=1, routed)           0.575    11.552    execute/alu/pc_reg[6]
    SLICE_X35Y135        LUT5 (Prop_lut5_I0_O)        0.124    11.676 r  execute/alu/pc[6]_i_3/O
                         net (fo=1, routed)           0.000    11.676    execute/alu/pc[6]_i_3_n_0
    SLICE_X35Y135        MUXF7 (Prop_muxf7_I1_O)      0.217    11.893 r  execute/alu/pc_reg[6]_i_1/O
                         net (fo=8, routed)           0.388    12.281    fetch/pc_reg[31]_2[6]
    SLICE_X34Y136        FDRE                                         r  fetch/pc_reg[6]_rep__5/D
  -------------------------------------------------------------------    -------------------

                         (clock clk rise edge)       10.000    10.000 r  
                                                      0.000    10.000 r  clk (IN)
                         net (fo=3317, unset)         0.924    10.924    fetch/clk
    SLICE_X34Y136        FDRE                                         r  fetch/pc_reg[6]_rep__5/C
                         clock pessimism              0.000    10.924    
                         clock uncertainty           -0.035    10.889    
    SLICE_X34Y136        FDRE (Setup_fdre_C_D)       -0.191    10.698    fetch/pc_reg[6]_rep__5
  -------------------------------------------------------------------
                         required time                         10.698    
                         arrival time                         -12.281    
  -------------------------------------------------------------------
                         slack                                 -1.583    

Slack (VIOLATED) :        -1.581ns  (required time - arrival time)
  Source:                 execute/r2AddrSv_reg[2]/C
                            (rising edge-triggered cell FDRE clocked by clk  {rise@0.000ns fall@5.000ns period=10.000ns})
  Destination:            execute/jumpSv_reg/R
                            (rising edge-triggered cell FDRE clocked by clk  {rise@0.000ns fall@5.000ns period=10.000ns})
  Path Group:             clk
  Path Type:              Setup (Max at Slow Process Corner)
  Requirement:            10.000ns  (clk rise@10.000ns - clk rise@0.000ns)
  Data Path Delay:        11.068ns  (logic 2.704ns (24.430%)  route 8.364ns (75.570%))
  Logic Levels:           15  (CARRY4=3 LUT2=2 LUT3=3 LUT4=1 LUT5=1 LUT6=5)
  Clock Path Skew:        -0.049ns (DCD - SCD + CPR)
    Destination Clock Delay (DCD):    0.924ns = ( 10.924 - 10.000 ) 
    Source Clock Delay      (SCD):    0.973ns
    Clock Pessimism Removal (CPR):    0.000ns
  Clock Uncertainty:      0.035ns  ((TSJ^2 + TIJ^2)^1/2 + DJ) / 2 + PE
    Total System Jitter     (TSJ):    0.071ns
    Total Input Jitter      (TIJ):    0.000ns
    Discrete Jitter          (DJ):    0.000ns
    Phase Error              (PE):    0.000ns

    Location             Delay type                Incr(ns)  Path(ns)    Netlist Resource(s)
  -------------------------------------------------------------------    -------------------
                         (clock clk rise edge)        0.000     0.000 r  
                                                      0.000     0.000 r  clk (IN)
                         net (fo=3317, unset)         0.973     0.973    execute/clk
    SLICE_X32Y146        FDRE                                         r  execute/r2AddrSv_reg[2]/C
  -------------------------------------------------------------------    -------------------
    SLICE_X32Y146        FDRE (Prop_fdre_C_Q)         0.456     1.429 r  execute/r2AddrSv_reg[2]/Q
                         net (fo=3, routed)           0.851     2.280    execute/E_r2Addr[2]
    SLICE_X32Y146        LUT6 (Prop_lut6_I3_O)        0.124     2.404 r  execute/writeDataSv[31]_i_8/O
                         net (fo=1, routed)           0.442     2.845    wback/writeDataSv_reg[4]
    SLICE_X32Y147        LUT6 (Prop_lut6_I3_O)        0.124     2.969 r  wback/writeDataSv[31]_i_3/O
                         net (fo=32, routed)          0.745     3.714    wback/fwdBE0__0
    SLICE_X33Y147        LUT2 (Prop_lut2_I0_O)        0.124     3.838 r  wback/writeDataSv[0]_i_2/O
                         net (fo=28, routed)          0.630     4.468    wback/r2AddrSv_reg[4]
    SLICE_X26Y143        LUT6 (Prop_lut6_I5_O)        0.124     4.592 r  wback/writeDataSv[9]_i_2/O
                         net (fo=1, routed)           0.495     5.087    mem/writeDataSv_reg[9]_0
    SLICE_X27Y143        LUT5 (Prop_lut5_I4_O)        0.124     5.211 r  mem/writeDataSv[9]_i_1/O
                         net (fo=3, routed)           0.415     5.626    execute/alu/aluResultSv[23]_i_3_0[4]
    SLICE_X27Y141        LUT3 (Prop_lut3_I1_O)        0.124     5.750 r  execute/alu/aluResult2_carry__0_i_16/O
                         net (fo=8, routed)           1.065     6.815    execute/alu/immExtSv_reg[23][4]
    SLICE_X29Y137        LUT4 (Prop_lut4_I2_O)        0.124     6.939 r  execute/alu/aluResult2_carry__0_i_8/O
                         net (fo=1, routed)           0.000     6.939    execute/alu/aluResult2_carry__0_i_8_n_0
    SLICE_X29Y137        CARRY4 (Prop_carry4_S[0]_CO[3])
                                                      0.532     7.471 r  execute/alu/aluResult2_carry__0/CO[3]
                         net (fo=1, routed)           0.000     7.471    execute/alu/aluResult2_carry__0_n_0
    SLICE_X29Y138        CARRY4 (Prop_carry4_CI_CO[3])
                                                      0.114     7.585 r  execute/alu/aluResult2_carry__1/CO[3]
                         net (fo=1, routed)           0.000     7.585    execute/alu/aluResult2_carry__1_n_0
    SLICE_X29Y139        CARRY4 (Prop_carry4_CI_CO[3])
                                                      0.114     7.699 r  execute/alu/aluResult2_carry__2/CO[3]
                         net (fo=2, routed)           0.625     8.324    execute/alu/p_2_in_0
    SLICE_X31Y139        LUT6 (Prop_lut6_I0_O)        0.124     8.448 r  execute/alu/pc[31]_i_15/O
                         net (fo=1, routed)           0.572     9.020    execute/alu/pc[31]_i_15_n_0
    SLICE_X31Y138        LUT6 (Prop_lut6_I5_O)        0.124     9.144 r  execute/alu/pc[31]_i_12/O
                         net (fo=1, routed)           0.149     9.293    execute/alu/pc[31]_i_12_n_0
    SLICE_X31Y138        LUT3 (Prop_lut3_I0_O)        0.124     9.417 r  execute/alu/pc[31]_i_6/O
                         net (fo=46, routed)          0.399     9.816    execute/alu/E_pcSel
    SLICE_X33Y138        LUT2 (Prop_lut2_I1_O)        0.124     9.940 r  execute/alu/gOvr.dUncond_i_4/O
                         net (fo=84, routed)          0.584    10.524    execute/alu/bPredictedTakenSv_reg
    SLICE_X33Y136        LUT3 (Prop_lut3_I1_O)        0.124    10.648 r  execute/alu/bpBusSv[24]_i_1__0/O
                         net (fo=224, routed)         1.394    12.041    execute/a0
    SLICE_X36Y146        FDRE                                         r  execute/jumpSv_reg/R
  -------------------------------------------------------------------    -------------------

                         (clock clk rise edge)       10.000    10.000 r  
                                                      0.000    10.000 r  clk (IN)
                         net (fo=3317, unset)         0.924    10.924    execute/clk
    SLICE_X36Y146        FDRE                                         r  execute/jumpSv_reg/C
                         clock pessimism              0.000    10.924    
                         clock uncertainty           -0.035    10.889    
    SLICE_X36Y146        FDRE (Setup_fdre_C_R)       -0.429    10.460    execute/jumpSv_reg
  -------------------------------------------------------------------
                         required time                         10.460    
                         arrival time                         -12.041    
  -------------------------------------------------------------------
                         slack                                 -1.581    

Slack (VIOLATED) :        -1.581ns  (required time - arrival time)
  Source:                 execute/r2AddrSv_reg[2]/C
                            (rising edge-triggered cell FDRE clocked by clk  {rise@0.000ns fall@5.000ns period=10.000ns})
  Destination:            execute/rdAddrSv_reg[2]/R
                            (rising edge-triggered cell FDRE clocked by clk  {rise@0.000ns fall@5.000ns period=10.000ns})
  Path Group:             clk
  Path Type:              Setup (Max at Slow Process Corner)
  Requirement:            10.000ns  (clk rise@10.000ns - clk rise@0.000ns)
  Data Path Delay:        11.068ns  (logic 2.704ns (24.430%)  route 8.364ns (75.570%))
  Logic Levels:           15  (CARRY4=3 LUT2=2 LUT3=3 LUT4=1 LUT5=1 LUT6=5)
  Clock Path Skew:        -0.049ns (DCD - SCD + CPR)
    Destination Clock Delay (DCD):    0.924ns = ( 10.924 - 10.000 ) 
    Source Clock Delay      (SCD):    0.973ns
    Clock Pessimism Removal (CPR):    0.000ns
  Clock Uncertainty:      0.035ns  ((TSJ^2 + TIJ^2)^1/2 + DJ) / 2 + PE
    Total System Jitter     (TSJ):    0.071ns
    Total Input Jitter      (TIJ):    0.000ns
    Discrete Jitter          (DJ):    0.000ns
    Phase Error              (PE):    0.000ns

    Location             Delay type                Incr(ns)  Path(ns)    Netlist Resource(s)
  -------------------------------------------------------------------    -------------------
                         (clock clk rise edge)        0.000     0.000 r  
                                                      0.000     0.000 r  clk (IN)
                         net (fo=3317, unset)         0.973     0.973    execute/clk
    SLICE_X32Y146        FDRE                                         r  execute/r2AddrSv_reg[2]/C
  -------------------------------------------------------------------    -------------------
    SLICE_X32Y146        FDRE (Prop_fdre_C_Q)         0.456     1.429 r  execute/r2AddrSv_reg[2]/Q
                         net (fo=3, routed)           0.851     2.280    execute/E_r2Addr[2]
    SLICE_X32Y146        LUT6 (Prop_lut6_I3_O)        0.124     2.404 r  execute/writeDataSv[31]_i_8/O
                         net (fo=1, routed)           0.442     2.845    wback/writeDataSv_reg[4]
    SLICE_X32Y147        LUT6 (Prop_lut6_I3_O)        0.124     2.969 r  wback/writeDataSv[31]_i_3/O
                         net (fo=32, routed)          0.745     3.714    wback/fwdBE0__0
    SLICE_X33Y147        LUT2 (Prop_lut2_I0_O)        0.124     3.838 r  wback/writeDataSv[0]_i_2/O
                         net (fo=28, routed)          0.630     4.468    wback/r2AddrSv_reg[4]
    SLICE_X26Y143        LUT6 (Prop_lut6_I5_O)        0.124     4.592 r  wback/writeDataSv[9]_i_2/O
                         net (fo=1, routed)           0.495     5.087    mem/writeDataSv_reg[9]_0
    SLICE_X27Y143        LUT5 (Prop_lut5_I4_O)        0.124     5.211 r  mem/writeDataSv[9]_i_1/O
                         net (fo=3, routed)           0.415     5.626    execute/alu/aluResultSv[23]_i_3_0[4]
    SLICE_X27Y141        LUT3 (Prop_lut3_I1_O)        0.124     5.750 r  execute/alu/aluResult2_carry__0_i_16/O
                         net (fo=8, routed)           1.065     6.815    execute/alu/immExtSv_reg[23][4]
    SLICE_X29Y137        LUT4 (Prop_lut4_I2_O)        0.124     6.939 r  execute/alu/aluResult2_carry__0_i_8/O
                         net (fo=1, routed)           0.000     6.939    execute/alu/aluResult2_carry__0_i_8_n_0
    SLICE_X29Y137        CARRY4 (Prop_carry4_S[0]_CO[3])
                                                      0.532     7.471 r  execute/alu/aluResult2_carry__0/CO[3]
                         net (fo=1, routed)           0.000     7.471    execute/alu/aluResult2_carry__0_n_0
    SLICE_X29Y138        CARRY4 (Prop_carry4_CI_CO[3])
                                                      0.114     7.585 r  execute/alu/aluResult2_carry__1/CO[3]
                         net (fo=1, routed)           0.000     7.585    execute/alu/aluResult2_carry__1_n_0
    SLICE_X29Y139        CARRY4 (Prop_carry4_CI_CO[3])
                                                      0.114     7.699 r  execute/alu/aluResult2_carry__2/CO[3]
                         net (fo=2, routed)           0.625     8.324    execute/alu/p_2_in_0
    SLICE_X31Y139        LUT6 (Prop_lut6_I0_O)        0.124     8.448 r  execute/alu/pc[31]_i_15/O
                         net (fo=1, routed)           0.572     9.020    execute/alu/pc[31]_i_15_n_0
    SLICE_X31Y138        LUT6 (Prop_lut6_I5_O)        0.124     9.144 r  execute/alu/pc[31]_i_12/O
                         net (fo=1, routed)           0.149     9.293    execute/alu/pc[31]_i_12_n_0
    SLICE_X31Y138        LUT3 (Prop_lut3_I0_O)        0.124     9.417 r  execute/alu/pc[31]_i_6/O
                         net (fo=46, routed)          0.399     9.816    execute/alu/E_pcSel
    SLICE_X33Y138        LUT2 (Prop_lut2_I1_O)        0.124     9.940 r  execute/alu/gOvr.dUncond_i_4/O
                         net (fo=84, routed)          0.584    10.524    execute/alu/bPredictedTakenSv_reg
    SLICE_X33Y136        LUT3 (Prop_lut3_I1_O)        0.124    10.648 r  execute/alu/bpBusSv[24]_i_1__0/O
                         net (fo=224, routed)         1.394    12.041    execute/a0
    SLICE_X36Y146        FDRE                                         r  execute/rdAddrSv_reg[2]/R
  -------------------------------------------------------------------    -------------------

                         (clock clk rise edge)       10.000    10.000 r  
                                                      0.000    10.000 r  clk (IN)
                         net (fo=3317, unset)         0.924    10.924    execute/clk
    SLICE_X36Y146        FDRE                                         r  execute/rdAddrSv_reg[2]/C
                         clock pessimism              0.000    10.924    
                         clock uncertainty           -0.035    10.889    
    SLICE_X36Y146        FDRE (Setup_fdre_C_R)       -0.429    10.460    execute/rdAddrSv_reg[2]
  -------------------------------------------------------------------
                         required time                         10.460    
                         arrival time                         -12.041    
  -------------------------------------------------------------------
                         slack                                 -1.581    

Slack (VIOLATED) :        -1.581ns  (required time - arrival time)
  Source:                 execute/r2AddrSv_reg[2]/C
                            (rising edge-triggered cell FDRE clocked by clk  {rise@0.000ns fall@5.000ns period=10.000ns})
  Destination:            execute/regWriteSv_reg/R
                            (rising edge-triggered cell FDRE clocked by clk  {rise@0.000ns fall@5.000ns period=10.000ns})
  Path Group:             clk
  Path Type:              Setup (Max at Slow Process Corner)
  Requirement:            10.000ns  (clk rise@10.000ns - clk rise@0.000ns)
  Data Path Delay:        11.068ns  (logic 2.704ns (24.430%)  route 8.364ns (75.570%))
  Logic Levels:           15  (CARRY4=3 LUT2=2 LUT3=3 LUT4=1 LUT5=1 LUT6=5)
  Clock Path Skew:        -0.049ns (DCD - SCD + CPR)
    Destination Clock Delay (DCD):    0.924ns = ( 10.924 - 10.000 ) 
    Source Clock Delay      (SCD):    0.973ns
    Clock Pessimism Removal (CPR):    0.000ns
  Clock Uncertainty:      0.035ns  ((TSJ^2 + TIJ^2)^1/2 + DJ) / 2 + PE
    Total System Jitter     (TSJ):    0.071ns
    Total Input Jitter      (TIJ):    0.000ns
    Discrete Jitter          (DJ):    0.000ns
    Phase Error              (PE):    0.000ns

    Location             Delay type                Incr(ns)  Path(ns)    Netlist Resource(s)
  -------------------------------------------------------------------    -------------------
                         (clock clk rise edge)        0.000     0.000 r  
                                                      0.000     0.000 r  clk (IN)
                         net (fo=3317, unset)         0.973     0.973    execute/clk
    SLICE_X32Y146        FDRE                                         r  execute/r2AddrSv_reg[2]/C
  -------------------------------------------------------------------    -------------------
    SLICE_X32Y146        FDRE (Prop_fdre_C_Q)         0.456     1.429 r  execute/r2AddrSv_reg[2]/Q
                         net (fo=3, routed)           0.851     2.280    execute/E_r2Addr[2]
    SLICE_X32Y146        LUT6 (Prop_lut6_I3_O)        0.124     2.404 r  execute/writeDataSv[31]_i_8/O
                         net (fo=1, routed)           0.442     2.845    wback/writeDataSv_reg[4]
    SLICE_X32Y147        LUT6 (Prop_lut6_I3_O)        0.124     2.969 r  wback/writeDataSv[31]_i_3/O
                         net (fo=32, routed)          0.745     3.714    wback/fwdBE0__0
    SLICE_X33Y147        LUT2 (Prop_lut2_I0_O)        0.124     3.838 r  wback/writeDataSv[0]_i_2/O
                         net (fo=28, routed)          0.630     4.468    wback/r2AddrSv_reg[4]
    SLICE_X26Y143        LUT6 (Prop_lut6_I5_O)        0.124     4.592 r  wback/writeDataSv[9]_i_2/O
                         net (fo=1, routed)           0.495     5.087    mem/writeDataSv_reg[9]_0
    SLICE_X27Y143        LUT5 (Prop_lut5_I4_O)        0.124     5.211 r  mem/writeDataSv[9]_i_1/O
                         net (fo=3, routed)           0.415     5.626    execute/alu/aluResultSv[23]_i_3_0[4]
    SLICE_X27Y141        LUT3 (Prop_lut3_I1_O)        0.124     5.750 r  execute/alu/aluResult2_carry__0_i_16/O
                         net (fo=8, routed)           1.065     6.815    execute/alu/immExtSv_reg[23][4]
    SLICE_X29Y137        LUT4 (Prop_lut4_I2_O)        0.124     6.939 r  execute/alu/aluResult2_carry__0_i_8/O
                         net (fo=1, routed)           0.000     6.939    execute/alu/aluResult2_carry__0_i_8_n_0
    SLICE_X29Y137        CARRY4 (Prop_carry4_S[0]_CO[3])
                                                      0.532     7.471 r  execute/alu/aluResult2_carry__0/CO[3]
                         net (fo=1, routed)           0.000     7.471    execute/alu/aluResult2_carry__0_n_0
    SLICE_X29Y138        CARRY4 (Prop_carry4_CI_CO[3])
                                                      0.114     7.585 r  execute/alu/aluResult2_carry__1/CO[3]
                         net (fo=1, routed)           0.000     7.585    execute/alu/aluResult2_carry__1_n_0
    SLICE_X29Y139        CARRY4 (Prop_carry4_CI_CO[3])
                                                      0.114     7.699 r  execute/alu/aluResult2_carry__2/CO[3]
                         net (fo=2, routed)           0.625     8.324    execute/alu/p_2_in_0
    SLICE_X31Y139        LUT6 (Prop_lut6_I0_O)        0.124     8.448 r  execute/alu/pc[31]_i_15/O
                         net (fo=1, routed)           0.572     9.020    execute/alu/pc[31]_i_15_n_0
    SLICE_X31Y138        LUT6 (Prop_lut6_I5_O)        0.124     9.144 r  execute/alu/pc[31]_i_12/O
                         net (fo=1, routed)           0.149     9.293    execute/alu/pc[31]_i_12_n_0
    SLICE_X31Y138        LUT3 (Prop_lut3_I0_O)        0.124     9.417 r  execute/alu/pc[31]_i_6/O
                         net (fo=46, routed)          0.399     9.816    execute/alu/E_pcSel
    SLICE_X33Y138        LUT2 (Prop_lut2_I1_O)        0.124     9.940 r  execute/alu/gOvr.dUncond_i_4/O
                         net (fo=84, routed)          0.584    10.524    execute/alu/bPredictedTakenSv_reg
    SLICE_X33Y136        LUT3 (Prop_lut3_I1_O)        0.124    10.648 r  execute/alu/bpBusSv[24]_i_1__0/O
                         net (fo=224, routed)         1.394    12.041    execute/a0
    SLICE_X36Y146        FDRE                                         r  execute/regWriteSv_reg/R
  -------------------------------------------------------------------    -------------------

                         (clock clk rise edge)       10.000    10.000 r  
                                                      0.000    10.000 r  clk (IN)
                         net (fo=3317, unset)         0.924    10.924    execute/clk
    SLICE_X36Y146        FDRE                                         r  execute/regWriteSv_reg/C
                         clock pessimism              0.000    10.924    
                         clock uncertainty           -0.035    10.889    
    SLICE_X36Y146        FDRE (Setup_fdre_C_R)       -0.429    10.460    execute/regWriteSv_reg
  -------------------------------------------------------------------
                         required time                         10.460    
                         arrival time                         -12.041    
  -------------------------------------------------------------------
                         slack                                 -1.581    

Slack (VIOLATED) :        -1.549ns  (required time - arrival time)
  Source:                 execute/r2AddrSv_reg[2]/C
                            (rising edge-triggered cell FDRE clocked by clk  {rise@0.000ns fall@5.000ns period=10.000ns})
  Destination:            execute/aSv_reg[10]/R
                            (rising edge-triggered cell FDRE clocked by clk  {rise@0.000ns fall@5.000ns period=10.000ns})
  Path Group:             clk
  Path Type:              Setup (Max at Slow Process Corner)
  Requirement:            10.000ns  (clk rise@10.000ns - clk rise@0.000ns)
  Data Path Delay:        11.036ns  (logic 2.704ns (24.502%)  route 8.332ns (75.498%))
  Logic Levels:           15  (CARRY4=3 LUT2=2 LUT3=3 LUT4=1 LUT5=1 LUT6=5)
  Clock Path Skew:        -0.049ns (DCD - SCD + CPR)
    Destination Clock Delay (DCD):    0.924ns = ( 10.924 - 10.000 ) 
    Source Clock Delay      (SCD):    0.973ns
    Clock Pessimism Removal (CPR):    0.000ns
  Clock Uncertainty:      0.035ns  ((TSJ^2 + TIJ^2)^1/2 + DJ) / 2 + PE
    Total System Jitter     (TSJ):    0.071ns
    Total Input Jitter      (TIJ):    0.000ns
    Discrete Jitter          (DJ):    0.000ns
    Phase Error              (PE):    0.000ns

    Location             Delay type                Incr(ns)  Path(ns)    Netlist Resource(s)
  -------------------------------------------------------------------    -------------------
                         (clock clk rise edge)        0.000     0.000 r  
                                                      0.000     0.000 r  clk (IN)
                         net (fo=3317, unset)         0.973     0.973    execute/clk
    SLICE_X32Y146        FDRE                                         r  execute/r2AddrSv_reg[2]/C
  -------------------------------------------------------------------    -------------------
    SLICE_X32Y146        FDRE (Prop_fdre_C_Q)         0.456     1.429 r  execute/r2AddrSv_reg[2]/Q
                         net (fo=3, routed)           0.851     2.280    execute/E_r2Addr[2]
    SLICE_X32Y146        LUT6 (Prop_lut6_I3_O)        0.124     2.404 r  execute/writeDataSv[31]_i_8/O
                         net (fo=1, routed)           0.442     2.845    wback/writeDataSv_reg[4]
    SLICE_X32Y147        LUT6 (Prop_lut6_I3_O)        0.124     2.969 r  wback/writeDataSv[31]_i_3/O
                         net (fo=32, routed)          0.745     3.714    wback/fwdBE0__0
    SLICE_X33Y147        LUT2 (Prop_lut2_I0_O)        0.124     3.838 r  wback/writeDataSv[0]_i_2/O
                         net (fo=28, routed)          0.630     4.468    wback/r2AddrSv_reg[4]
    SLICE_X26Y143        LUT6 (Prop_lut6_I5_O)        0.124     4.592 r  wback/writeDataSv[9]_i_2/O
                         net (fo=1, routed)           0.495     5.087    mem/writeDataSv_reg[9]_0
    SLICE_X27Y143        LUT5 (Prop_lut5_I4_O)        0.124     5.211 r  mem/writeDataSv[9]_i_1/O
                         net (fo=3, routed)           0.415     5.626    execute/alu/aluResultSv[23]_i_3_0[4]
    SLICE_X27Y141        LUT3 (Prop_lut3_I1_O)        0.124     5.750 r  execute/alu/aluResult2_carry__0_i_16/O
                         net (fo=8, routed)           1.065     6.815    execute/alu/immExtSv_reg[23][4]
    SLICE_X29Y137        LUT4 (Prop_lut4_I2_O)        0.124     6.939 r  execute/alu/aluResult2_carry__0_i_8/O
                         net (fo=1, routed)           0.000     6.939    execute/alu/aluResult2_carry__0_i_8_n_0
    SLICE_X29Y137        CARRY4 (Prop_carry4_S[0]_CO[3])
                                                      0.532     7.471 r  execute/alu/aluResult2_carry__0/CO[3]
                         net (fo=1, routed)           0.000     7.471    execute/alu/aluResult2_carry__0_n_0
    SLICE_X29Y138        CARRY4 (Prop_carry4_CI_CO[3])
                                                      0.114     7.585 r  execute/alu/aluResult2_carry__1/CO[3]
                         net (fo=1, routed)           0.000     7.585    execute/alu/aluResult2_carry__1_n_0
    SLICE_X29Y139        CARRY4 (Prop_carry4_CI_CO[3])
                                                      0.114     7.699 r  execute/alu/aluResult2_carry__2/CO[3]
                         net (fo=2, routed)           0.625     8.324    execute/alu/p_2_in_0
    SLICE_X31Y139        LUT6 (Prop_lut6_I0_O)        0.124     8.448 r  execute/alu/pc[31]_i_15/O
                         net (fo=1, routed)           0.572     9.020    execute/alu/pc[31]_i_15_n_0
    SLICE_X31Y138        LUT6 (Prop_lut6_I5_O)        0.124     9.144 r  execute/alu/pc[31]_i_12/O
                         net (fo=1, routed)           0.149     9.293    execute/alu/pc[31]_i_12_n_0
    SLICE_X31Y138        LUT3 (Prop_lut3_I0_O)        0.124     9.417 r  execute/alu/pc[31]_i_6/O
                         net (fo=46, routed)          0.399     9.816    execute/alu/E_pcSel
    SLICE_X33Y138        LUT2 (Prop_lut2_I1_O)        0.124     9.940 r  execute/alu/gOvr.dUncond_i_4/O
                         net (fo=84, routed)          0.584    10.524    execute/alu/bPredictedTakenSv_reg
    SLICE_X33Y136        LUT3 (Prop_lut3_I1_O)        0.124    10.648 r  execute/alu/bpBusSv[24]_i_1__0/O
                         net (fo=224, routed)         1.361    12.009    execute/a0
    SLICE_X29Y145        FDRE                                         r  execute/aSv_reg[10]/R
  -------------------------------------------------------------------    -------------------

                         (clock clk rise edge)       10.000    10.000 r  
                                                      0.000    10.000 r  clk (IN)
                         net (fo=3317, unset)         0.924    10.924    execute/clk
    SLICE_X29Y145        FDRE                                         r  execute/aSv_reg[10]/C
                         clock pessimism              0.000    10.924    
                         clock uncertainty           -0.035    10.889    
    SLICE_X29Y145        FDRE (Setup_fdre_C_R)       -0.429    10.460    execute/aSv_reg[10]
  -------------------------------------------------------------------
                         required time                         10.460    
                         arrival time                         -12.009    
  -------------------------------------------------------------------
                         slack                                 -1.549    





Min Delay Paths
--------------------------------------------------------------------------------------
Slack (VIOLATED) :        -0.441ns  (arrival time - required time)
  Source:                 imemRdata[12]
                            (input port clocked by clk  {rise@0.000ns fall@5.000ns period=10.000ns})
  Destination:            decode/instrSv_reg[12]/D
                            (rising edge-triggered cell FDRE clocked by clk  {rise@0.000ns fall@5.000ns period=10.000ns})
  Path Group:             clk
  Path Type:              Hold (Min at Slow Process Corner)
  Requirement:            0.000ns  (clk rise@0.000ns - clk rise@0.000ns)
  Data Path Delay:        0.924ns  (logic 0.000ns (0.000%)  route 0.924ns (100.000%))
  Logic Levels:           0  
  Input Delay:            0.000ns
  Clock Path Skew:        0.973ns (DCD - SCD - CPR)
    Destination Clock Delay (DCD):    0.973ns
    Source Clock Delay      (SCD):    0.000ns
    Clock Pessimism Removal (CPR):    -0.000ns
  Clock Uncertainty:      0.035ns  ((TSJ^2 + TIJ^2)^1/2 + DJ) / 2 + PE
    Total System Jitter     (TSJ):    0.071ns
    Total Input Jitter      (TIJ):    0.000ns
    Discrete Jitter          (DJ):    0.000ns
    Phase Error              (PE):    0.000ns

    Location             Delay type                Incr(ns)  Path(ns)    Netlist Resource(s)
  -------------------------------------------------------------------    -------------------
                         (clock clk rise edge)        0.000     0.000 r  
                         input delay                  0.000     0.000    
                                                      0.000     0.000 r  imemRdata[12] (IN)
                         net (fo=0)                   0.924     0.924    decode/imemRdata[10]
    SLICE_X37Y141        FDRE                                         r  decode/instrSv_reg[12]/D
  -------------------------------------------------------------------    -------------------

                         (clock clk rise edge)        0.000     0.000 r  
                                                      0.000     0.000 r  clk (IN)
                         net (fo=3317, unset)         0.973     0.973    decode/clk
    SLICE_X37Y141        FDRE                                         r  decode/instrSv_reg[12]/C
                         clock pessimism              0.000     0.973    
                         clock uncertainty            0.035     1.008    
    SLICE_X37Y141        FDRE (Hold_fdre_C_D)         0.357     1.365    decode/instrSv_reg[12]
  -------------------------------------------------------------------
                         required time                         -1.365    
                         arrival time                           0.924    
  -------------------------------------------------------------------
                         slack                                 -0.441    

Slack (VIOLATED) :        -0.441ns  (arrival time - required time)
  Source:                 imemRdata[14]
                            (input port clocked by clk  {rise@0.000ns fall@5.000ns period=10.000ns})
  Destination:            decode/instrSv_reg[14]/D
                            (rising edge-triggered cell FDRE clocked by clk  {rise@0.000ns fall@5.000ns period=10.000ns})
  Path Group:             clk
  Path Type:              Hold (Min at Slow Process Corner)
  Requirement:            0.000ns  (clk rise@0.000ns - clk rise@0.000ns)
  Data Path Delay:        0.924ns  (logic 0.000ns (0.000%)  route 0.924ns (100.000%))
  Logic Levels:           0  
  Input Delay:            0.000ns
  Clock Path Skew:        0.973ns (DCD - SCD - CPR)
    Destination Clock Delay (DCD):    0.973ns
    Source Clock Delay      (SCD):    0.000ns
    Clock Pessimism Removal (CPR):    -0.000ns
  Clock Uncertainty:      0.035ns  ((TSJ^2 + TIJ^2)^1/2 + DJ) / 2 + PE
    Total System Jitter     (TSJ):    0.071ns
    Total Input Jitter      (TIJ):    0.000ns
    Discrete Jitter          (DJ):    0.000ns
    Phase Error              (PE):    0.000ns

    Location             Delay type                Incr(ns)  Path(ns)    Netlist Resource(s)
  -------------------------------------------------------------------    -------------------
                         (clock clk rise edge)        0.000     0.000 r  
                         input delay                  0.000     0.000    
                                                      0.000     0.000 r  imemRdata[14] (IN)
                         net (fo=0)                   0.924     0.924    decode/imemRdata[12]
    SLICE_X39Y134        FDRE                                         r  decode/instrSv_reg[14]/D
  -------------------------------------------------------------------    -------------------

                         (clock clk rise edge)        0.000     0.000 r  
                                                      0.000     0.000 r  clk (IN)
                         net (fo=3317, unset)         0.973     0.973    decode/clk
    SLICE_X39Y134        FDRE                                         r  decode/instrSv_reg[14]/C
                         clock pessimism              0.000     0.973    
                         clock uncertainty            0.035     1.008    
    SLICE_X39Y134        FDRE (Hold_fdre_C_D)         0.357     1.365    decode/instrSv_reg[14]
  -------------------------------------------------------------------
                         required time                         -1.365    
                         arrival time                           0.924    
  -------------------------------------------------------------------
                         slack                                 -0.441    

Slack (VIOLATED) :        -0.441ns  (arrival time - required time)
  Source:                 imemRdata[15]
                            (input port clocked by clk  {rise@0.000ns fall@5.000ns period=10.000ns})
  Destination:            decode/instrSv_reg[15]/D
                            (rising edge-triggered cell FDRE clocked by clk  {rise@0.000ns fall@5.000ns period=10.000ns})
  Path Group:             clk
  Path Type:              Hold (Min at Slow Process Corner)
  Requirement:            0.000ns  (clk rise@0.000ns - clk rise@0.000ns)
  Data Path Delay:        0.924ns  (logic 0.000ns (0.000%)  route 0.924ns (100.000%))
  Logic Levels:           0  
  Input Delay:            0.000ns
  Clock Path Skew:        0.973ns (DCD - SCD - CPR)
    Destination Clock Delay (DCD):    0.973ns
    Source Clock Delay      (SCD):    0.000ns
    Clock Pessimism Removal (CPR):    -0.000ns
  Clock Uncertainty:      0.035ns  ((TSJ^2 + TIJ^2)^1/2 + DJ) / 2 + PE
    Total System Jitter     (TSJ):    0.071ns
    Total Input Jitter      (TIJ):    0.000ns
    Discrete Jitter          (DJ):    0.000ns
    Phase Error              (PE):    0.000ns

    Location             Delay type                Incr(ns)  Path(ns)    Netlist Resource(s)
  -------------------------------------------------------------------    -------------------
                         (clock clk rise edge)        0.000     0.000 r  
                         input delay                  0.000     0.000    
                                                      0.000     0.000 r  imemRdata[15] (IN)
                         net (fo=0)                   0.924     0.924    decode/imemRdata[13]
    SLICE_X37Y138        FDRE                                         r  decode/instrSv_reg[15]/D
  -------------------------------------------------------------------    -------------------

                         (clock clk rise edge)        0.000     0.000 r  
                                                      0.000     0.000 r  clk (IN)
                         net (fo=3317, unset)         0.973     0.973    decode/clk
    SLICE_X37Y138        FDRE                                         r  decode/instrSv_reg[15]/C
                         clock pessimism              0.000     0.973    
                         clock uncertainty            0.035     1.008    
    SLICE_X37Y138        FDRE (Hold_fdre_C_D)         0.357     1.365    decode/instrSv_reg[15]
  -------------------------------------------------------------------
                         required time                         -1.365    
                         arrival time                           0.924    
  -------------------------------------------------------------------
                         slack                                 -0.441    

Slack (VIOLATED) :        -0.441ns  (arrival time - required time)
  Source:                 imemRdata[16]
                            (input port clocked by clk  {rise@0.000ns fall@5.000ns period=10.000ns})
  Destination:            decode/instrSv_reg[16]/D
                            (rising edge-triggered cell FDRE clocked by clk  {rise@0.000ns fall@5.000ns period=10.000ns})
  Path Group:             clk
  Path Type:              Hold (Min at Slow Process Corner)
  Requirement:            0.000ns  (clk rise@0.000ns - clk rise@0.000ns)
  Data Path Delay:        0.924ns  (logic 0.000ns (0.000%)  route 0.924ns (100.000%))
  Logic Levels:           0  
  Input Delay:            0.000ns
  Clock Path Skew:        0.973ns (DCD - SCD - CPR)
    Destination Clock Delay (DCD):    0.973ns
    Source Clock Delay      (SCD):    0.000ns
    Clock Pessimism Removal (CPR):    -0.000ns
  Clock Uncertainty:      0.035ns  ((TSJ^2 + TIJ^2)^1/2 + DJ) / 2 + PE
    Total System Jitter     (TSJ):    0.071ns
    Total Input Jitter      (TIJ):    0.000ns
    Discrete Jitter          (DJ):    0.000ns
    Phase Error              (PE):    0.000ns

    Location             Delay type                Incr(ns)  Path(ns)    Netlist Resource(s)
  -------------------------------------------------------------------    -------------------
                         (clock clk rise edge)        0.000     0.000 r  
                         input delay                  0.000     0.000    
                                                      0.000     0.000 r  imemRdata[16] (IN)
                         net (fo=0)                   0.924     0.924    decode/imemRdata[14]
    SLICE_X36Y136        FDRE                                         r  decode/instrSv_reg[16]/D
  -------------------------------------------------------------------    -------------------

                         (clock clk rise edge)        0.000     0.000 r  
                                                      0.000     0.000 r  clk (IN)
                         net (fo=3317, unset)         0.973     0.973    decode/clk
    SLICE_X36Y136        FDRE                                         r  decode/instrSv_reg[16]/C
                         clock pessimism              0.000     0.973    
                         clock uncertainty            0.035     1.008    
    SLICE_X36Y136        FDRE (Hold_fdre_C_D)         0.357     1.365    decode/instrSv_reg[16]
  -------------------------------------------------------------------
                         required time                         -1.365    
                         arrival time                           0.924    
  -------------------------------------------------------------------
                         slack                                 -0.441    

Slack (VIOLATED) :        -0.441ns  (arrival time - required time)
  Source:                 imemRdata[18]
                            (input port clocked by clk  {rise@0.000ns fall@5.000ns period=10.000ns})
  Destination:            decode/instrSv_reg[18]/D
                            (rising edge-triggered cell FDRE clocked by clk  {rise@0.000ns fall@5.000ns period=10.000ns})
  Path Group:             clk
  Path Type:              Hold (Min at Slow Process Corner)
  Requirement:            0.000ns  (clk rise@0.000ns - clk rise@0.000ns)
  Data Path Delay:        0.924ns  (logic 0.000ns (0.000%)  route 0.924ns (100.000%))
  Logic Levels:           0  
  Input Delay:            0.000ns
  Clock Path Skew:        0.973ns (DCD - SCD - CPR)
    Destination Clock Delay (DCD):    0.973ns
    Source Clock Delay      (SCD):    0.000ns
    Clock Pessimism Removal (CPR):    -0.000ns
  Clock Uncertainty:      0.035ns  ((TSJ^2 + TIJ^2)^1/2 + DJ) / 2 + PE
    Total System Jitter     (TSJ):    0.071ns
    Total Input Jitter      (TIJ):    0.000ns
    Discrete Jitter          (DJ):    0.000ns
    Phase Error              (PE):    0.000ns

    Location             Delay type                Incr(ns)  Path(ns)    Netlist Resource(s)
  -------------------------------------------------------------------    -------------------
                         (clock clk rise edge)        0.000     0.000 r  
                         input delay                  0.000     0.000    
                                                      0.000     0.000 r  imemRdata[18] (IN)
                         net (fo=0)                   0.924     0.924    decode/imemRdata[16]
    SLICE_X39Y134        FDRE                                         r  decode/instrSv_reg[18]/D
  -------------------------------------------------------------------    -------------------

                         (clock clk rise edge)        0.000     0.000 r  
                                                      0.000     0.000 r  clk (IN)
                         net (fo=3317, unset)         0.973     0.973    decode/clk
    SLICE_X39Y134        FDRE                                         r  decode/instrSv_reg[18]/C
                         clock pessimism              0.000     0.973    
                         clock uncertainty            0.035     1.008    
    SLICE_X39Y134        FDRE (Hold_fdre_C_D)         0.357     1.365    decode/instrSv_reg[18]
  -------------------------------------------------------------------
                         required time                         -1.365    
                         arrival time                           0.924    
  -------------------------------------------------------------------
                         slack                                 -0.441    

Slack (VIOLATED) :        -0.441ns  (arrival time - required time)
  Source:                 imemRdata[20]
                            (input port clocked by clk  {rise@0.000ns fall@5.000ns period=10.000ns})
  Destination:            decode/instrSv_reg[20]/D
                            (rising edge-triggered cell FDRE clocked by clk  {rise@0.000ns fall@5.000ns period=10.000ns})
  Path Group:             clk
  Path Type:              Hold (Min at Slow Process Corner)
  Requirement:            0.000ns  (clk rise@0.000ns - clk rise@0.000ns)
  Data Path Delay:        0.924ns  (logic 0.000ns (0.000%)  route 0.924ns (100.000%))
  Logic Levels:           0  
  Input Delay:            0.000ns
  Clock Path Skew:        0.973ns (DCD - SCD - CPR)
    Destination Clock Delay (DCD):    0.973ns
    Source Clock Delay      (SCD):    0.000ns
    Clock Pessimism Removal (CPR):    -0.000ns
  Clock Uncertainty:      0.035ns  ((TSJ^2 + TIJ^2)^1/2 + DJ) / 2 + PE
    Total System Jitter     (TSJ):    0.071ns
    Total Input Jitter      (TIJ):    0.000ns
    Discrete Jitter          (DJ):    0.000ns
    Phase Error              (PE):    0.000ns

    Location             Delay type                Incr(ns)  Path(ns)    Netlist Resource(s)
  -------------------------------------------------------------------    -------------------
                         (clock clk rise edge)        0.000     0.000 r  
                         input delay                  0.000     0.000    
                                                      0.000     0.000 r  imemRdata[20] (IN)
                         net (fo=0)                   0.924     0.924    decode/imemRdata[18]
    SLICE_X37Y138        FDRE                                         r  decode/instrSv_reg[20]/D
  -------------------------------------------------------------------    -------------------

                         (clock clk rise edge)        0.000     0.000 r  
                                                      0.000     0.000 r  clk (IN)
                         net (fo=3317, unset)         0.973     0.973    decode/clk
    SLICE_X37Y138        FDRE                                         r  decode/instrSv_reg[20]/C
                         clock pessimism              0.000     0.973    
                         clock uncertainty            0.035     1.008    
    SLICE_X37Y138        FDRE (Hold_fdre_C_D)         0.357     1.365    decode/instrSv_reg[20]
  -------------------------------------------------------------------
                         required time                         -1.365    
                         arrival time                           0.924    
  -------------------------------------------------------------------
                         slack                                 -0.441    

Slack (VIOLATED) :        -0.441ns  (arrival time - required time)
  Source:                 imemRdata[21]
                            (input port clocked by clk  {rise@0.000ns fall@5.000ns period=10.000ns})
  Destination:            decode/instrSv_reg[21]/D
                            (rising edge-triggered cell FDRE clocked by clk  {rise@0.000ns fall@5.000ns period=10.000ns})
  Path Group:             clk
  Path Type:              Hold (Min at Slow Process Corner)
  Requirement:            0.000ns  (clk rise@0.000ns - clk rise@0.000ns)
  Data Path Delay:        0.924ns  (logic 0.000ns (0.000%)  route 0.924ns (100.000%))
  Logic Levels:           0  
  Input Delay:            0.000ns
  Clock Path Skew:        0.973ns (DCD - SCD - CPR)
    Destination Clock Delay (DCD):    0.973ns
    Source Clock Delay      (SCD):    0.000ns
    Clock Pessimism Removal (CPR):    -0.000ns
  Clock Uncertainty:      0.035ns  ((TSJ^2 + TIJ^2)^1/2 + DJ) / 2 + PE
    Total System Jitter     (TSJ):    0.071ns
    Total Input Jitter      (TIJ):    0.000ns
    Discrete Jitter          (DJ):    0.000ns
    Phase Error              (PE):    0.000ns

    Location             Delay type                Incr(ns)  Path(ns)    Netlist Resource(s)
  -------------------------------------------------------------------    -------------------
                         (clock clk rise edge)        0.000     0.000 r  
                         input delay                  0.000     0.000    
                                                      0.000     0.000 r  imemRdata[21] (IN)
                         net (fo=0)                   0.924     0.924    decode/imemRdata[19]
    SLICE_X37Y138        FDRE                                         r  decode/instrSv_reg[21]/D
  -------------------------------------------------------------------    -------------------

                         (clock clk rise edge)        0.000     0.000 r  
                                                      0.000     0.000 r  clk (IN)
                         net (fo=3317, unset)         0.973     0.973    decode/clk
    SLICE_X37Y138        FDRE                                         r  decode/instrSv_reg[21]/C
                         clock pessimism              0.000     0.973    
                         clock uncertainty            0.035     1.008    
    SLICE_X37Y138        FDRE (Hold_fdre_C_D)         0.357     1.365    decode/instrSv_reg[21]
  -------------------------------------------------------------------
                         required time                         -1.365    
                         arrival time                           0.924    
  -------------------------------------------------------------------
                         slack                                 -0.441    

Slack (VIOLATED) :        -0.441ns  (arrival time - required time)
  Source:                 imemRdata[24]
                            (input port clocked by clk  {rise@0.000ns fall@5.000ns period=10.000ns})
  Destination:            decode/instrSv_reg[24]/D
                            (rising edge-triggered cell FDRE clocked by clk  {rise@0.000ns fall@5.000ns period=10.000ns})
  Path Group:             clk
  Path Type:              Hold (Min at Slow Process Corner)
  Requirement:            0.000ns  (clk rise@0.000ns - clk rise@0.000ns)
  Data Path Delay:        0.924ns  (logic 0.000ns (0.000%)  route 0.924ns (100.000%))
  Logic Levels:           0  
  Input Delay:            0.000ns
  Clock Path Skew:        0.973ns (DCD - SCD - CPR)
    Destination Clock Delay (DCD):    0.973ns
    Source Clock Delay      (SCD):    0.000ns
    Clock Pessimism Removal (CPR):    -0.000ns
  Clock Uncertainty:      0.035ns  ((TSJ^2 + TIJ^2)^1/2 + DJ) / 2 + PE
    Total System Jitter     (TSJ):    0.071ns
    Total Input Jitter      (TIJ):    0.000ns
    Discrete Jitter          (DJ):    0.000ns
    Phase Error              (PE):    0.000ns

    Location             Delay type                Incr(ns)  Path(ns)    Netlist Resource(s)
  -------------------------------------------------------------------    -------------------
                         (clock clk rise edge)        0.000     0.000 r  
                         input delay                  0.000     0.000    
                                                      0.000     0.000 r  imemRdata[24] (IN)
                         net (fo=0)                   0.924     0.924    decode/imemRdata[22]
    SLICE_X36Y137        FDRE                                         r  decode/instrSv_reg[24]/D
  -------------------------------------------------------------------    -------------------

                         (clock clk rise edge)        0.000     0.000 r  
                                                      0.000     0.000 r  clk (IN)
                         net (fo=3317, unset)         0.973     0.973    decode/clk
    SLICE_X36Y137        FDRE                                         r  decode/instrSv_reg[24]/C
                         clock pessimism              0.000     0.973    
                         clock uncertainty            0.035     1.008    
    SLICE_X36Y137        FDRE (Hold_fdre_C_D)         0.357     1.365    decode/instrSv_reg[24]
  -------------------------------------------------------------------
                         required time                         -1.365    
                         arrival time                           0.924    
  -------------------------------------------------------------------
                         slack                                 -0.441    

Slack (VIOLATED) :        -0.441ns  (arrival time - required time)
  Source:                 imemRdata[26]
                            (input port clocked by clk  {rise@0.000ns fall@5.000ns period=10.000ns})
  Destination:            decode/instrSv_reg[26]/D
                            (rising edge-triggered cell FDRE clocked by clk  {rise@0.000ns fall@5.000ns period=10.000ns})
  Path Group:             clk
  Path Type:              Hold (Min at Slow Process Corner)
  Requirement:            0.000ns  (clk rise@0.000ns - clk rise@0.000ns)
  Data Path Delay:        0.924ns  (logic 0.000ns (0.000%)  route 0.924ns (100.000%))
  Logic Levels:           0  
  Input Delay:            0.000ns
  Clock Path Skew:        0.973ns (DCD - SCD - CPR)
    Destination Clock Delay (DCD):    0.973ns
    Source Clock Delay      (SCD):    0.000ns
    Clock Pessimism Removal (CPR):    -0.000ns
  Clock Uncertainty:      0.035ns  ((TSJ^2 + TIJ^2)^1/2 + DJ) / 2 + PE
    Total System Jitter     (TSJ):    0.071ns
    Total Input Jitter      (TIJ):    0.000ns
    Discrete Jitter          (DJ):    0.000ns
    Phase Error              (PE):    0.000ns

    Location             Delay type                Incr(ns)  Path(ns)    Netlist Resource(s)
  -------------------------------------------------------------------    -------------------
                         (clock clk rise edge)        0.000     0.000 r  
                         input delay                  0.000     0.000    
                                                      0.000     0.000 r  imemRdata[26] (IN)
                         net (fo=0)                   0.924     0.924    decode/imemRdata[24]
    SLICE_X36Y136        FDRE                                         r  decode/instrSv_reg[26]/D
  -------------------------------------------------------------------    -------------------

                         (clock clk rise edge)        0.000     0.000 r  
                                                      0.000     0.000 r  clk (IN)
                         net (fo=3317, unset)         0.973     0.973    decode/clk
    SLICE_X36Y136        FDRE                                         r  decode/instrSv_reg[26]/C
                         clock pessimism              0.000     0.973    
                         clock uncertainty            0.035     1.008    
    SLICE_X36Y136        FDRE (Hold_fdre_C_D)         0.357     1.365    decode/instrSv_reg[26]
  -------------------------------------------------------------------
                         required time                         -1.365    
                         arrival time                           0.924    
  -------------------------------------------------------------------
                         slack                                 -0.441    

Slack (VIOLATED) :        -0.441ns  (arrival time - required time)
  Source:                 imemRdata[27]
                            (input port clocked by clk  {rise@0.000ns fall@5.000ns period=10.000ns})
  Destination:            decode/instrSv_reg[27]/D
                            (rising edge-triggered cell FDRE clocked by clk  {rise@0.000ns fall@5.000ns period=10.000ns})
  Path Group:             clk
  Path Type:              Hold (Min at Slow Process Corner)
  Requirement:            0.000ns  (clk rise@0.000ns - clk rise@0.000ns)
  Data Path Delay:        0.924ns  (logic 0.000ns (0.000%)  route 0.924ns (100.000%))
  Logic Levels:           0  
  Input Delay:            0.000ns
  Clock Path Skew:        0.973ns (DCD - SCD - CPR)
    Destination Clock Delay (DCD):    0.973ns
    Source Clock Delay      (SCD):    0.000ns
    Clock Pessimism Removal (CPR):    -0.000ns
  Clock Uncertainty:      0.035ns  ((TSJ^2 + TIJ^2)^1/2 + DJ) / 2 + PE
    Total System Jitter     (TSJ):    0.071ns
    Total Input Jitter      (TIJ):    0.000ns
    Discrete Jitter          (DJ):    0.000ns
    Phase Error              (PE):    0.000ns

    Location             Delay type                Incr(ns)  Path(ns)    Netlist Resource(s)
  -------------------------------------------------------------------    -------------------
                         (clock clk rise edge)        0.000     0.000 r  
                         input delay                  0.000     0.000    
                                                      0.000     0.000 r  imemRdata[27] (IN)
                         net (fo=0)                   0.924     0.924    decode/imemRdata[25]
    SLICE_X36Y140        FDRE                                         r  decode/instrSv_reg[27]/D
  -------------------------------------------------------------------    -------------------

                         (clock clk rise edge)        0.000     0.000 r  
                                                      0.000     0.000 r  clk (IN)
                         net (fo=3317, unset)         0.973     0.973    decode/clk
    SLICE_X36Y140        FDRE                                         r  decode/instrSv_reg[27]/C
                         clock pessimism              0.000     0.973    
                         clock uncertainty            0.035     1.008    
    SLICE_X36Y140        FDRE (Hold_fdre_C_D)         0.357     1.365    decode/instrSv_reg[27]
  -------------------------------------------------------------------
                         required time                         -1.365    
                         arrival time                           0.924    
  -------------------------------------------------------------------
                         slack                                 -0.441    





Pulse Width Checks
--------------------------------------------------------------------------------------
Clock Name:         clk
Waveform(ns):       { 0.000 5.000 }
Period(ns):         10.000
Sources:            { clk }

Check Type        Corner  Lib Pin     Reference Pin  Required(ns)  Actual(ns)  Slack(ns)  Location       Pin
Min Period        n/a     FDRE/C      n/a            1.000         10.000      9.000      SLICE_X39Y141  decode/bPredictedTakenSv_reg/C
Min Period        n/a     FDRE/C      n/a            1.000         10.000      9.000      SLICE_X35Y137  decode/bpBusSv_reg[23]/C
Min Period        n/a     FDRE/C      n/a            1.000         10.000      9.000      SLICE_X37Y138  decode/bpBusSv_reg[24]/C
Min Period        n/a     FDRE/C      n/a            1.000         10.000      9.000      SLICE_X32Y137  decode/instrSv_reg[10]/C
Min Period        n/a     FDRE/C      n/a            1.000         10.000      9.000      SLICE_X41Y140  decode/instrSv_reg[11]/C
Min Period        n/a     FDRE/C      n/a            1.000         10.000      9.000      SLICE_X37Y141  decode/instrSv_reg[12]/C
Min Period        n/a     FDRE/C      n/a            1.000         10.000      9.000      SLICE_X40Y135  decode/instrSv_reg[13]/C
Min Period        n/a     FDRE/C      n/a            1.000         10.000      9.000      SLICE_X39Y134  decode/instrSv_reg[14]/C
Min Period        n/a     FDRE/C      n/a            1.000         10.000      9.000      SLICE_X37Y138  decode/instrSv_reg[15]/C
Min Period        n/a     FDRE/C      n/a            1.000         10.000      9.000      SLICE_X36Y136  decode/instrSv_reg[16]/C
Low Pulse Width   Slow    RAMD32/CLK  n/a            1.250         5.000       3.750      SLICE_X34Y143  decode/regF/registers_reg_r1_0_31_0_5/RAMA/CLK
Low Pulse Width   Fast    RAMD32/CLK  n/a            1.250         5.000       3.750      SLICE_X34Y143  decode/regF/registers_reg_r1_0_31_0_5/RAMA/CLK
Low Pulse Width   Slow    RAMD32/CLK  n/a            1.250         5.000       3.750      SLICE_X34Y143  decode/regF/registers_reg_r1_0_31_0_5/RAMA_D1/CLK
Low Pulse Width   Fast    RAMD32/CLK  n/a            1.250         5.000       3.750      SLICE_X34Y143  decode/regF/registers_reg_r1_0_31_0_5/RAMA_D1/CLK
Low Pulse Width   Slow    RAMD32/CLK  n/a            1.250         5.000       3.750      SLICE_X34Y143  decode/regF/registers_reg_r1_0_31_0_5/RAMB/CLK
Low Pulse Width   Fast    RAMD32/CLK  n/a            1.250         5.000       3.750      SLICE_X34Y143  decode/regF/registers_reg_r1_0_31_0_5/RAMB/CLK
Low Pulse Width   Slow    RAMD32/CLK  n/a            1.250         5.000       3.750      SLICE_X34Y143  decode/regF/registers_reg_r1_0_31_0_5/RAMB_D1/CLK
Low Pulse Width   Fast    RAMD32/CLK  n/a            1.250         5.000       3.750      SLICE_X34Y143  decode/regF/registers_reg_r1_0_31_0_5/RAMB_D1/CLK
Low Pulse Width   Slow    RAMD32/CLK  n/a            1.250         5.000       3.750      SLICE_X34Y143  decode/regF/registers_reg_r1_0_31_0_5/RAMC/CLK
Low Pulse Width   Fast    RAMD32/CLK  n/a            1.250         5.000       3.750      SLICE_X34Y143  decode/regF/registers_reg_r1_0_31_0_5/RAMC/CLK
High Pulse Width  Slow    RAMD32/CLK  n/a            1.250         5.000       3.750      SLICE_X34Y143  decode/regF/registers_reg_r1_0_31_0_5/RAMA/CLK
High Pulse Width  Fast    RAMD32/CLK  n/a            1.250         5.000       3.750      SLICE_X34Y143  decode/regF/registers_reg_r1_0_31_0_5/RAMA/CLK
High Pulse Width  Slow    RAMD32/CLK  n/a            1.250         5.000       3.750      SLICE_X34Y143  decode/regF/registers_reg_r1_0_31_0_5/RAMA_D1/CLK
High Pulse Width  Fast    RAMD32/CLK  n/a            1.250         5.000       3.750      SLICE_X34Y143  decode/regF/registers_reg_r1_0_31_0_5/RAMA_D1/CLK
High Pulse Width  Slow    RAMD32/CLK  n/a            1.250         5.000       3.750      SLICE_X34Y143  decode/regF/registers_reg_r1_0_31_0_5/RAMB/CLK
High Pulse Width  Fast    RAMD32/CLK  n/a            1.250         5.000       3.750      SLICE_X34Y143  decode/regF/registers_reg_r1_0_31_0_5/RAMB/CLK
High Pulse Width  Slow    RAMD32/CLK  n/a            1.250         5.000       3.750      SLICE_X34Y143  decode/regF/registers_reg_r1_0_31_0_5/RAMB_D1/CLK
High Pulse Width  Fast    RAMD32/CLK  n/a            1.250         5.000       3.750      SLICE_X34Y143  decode/regF/registers_reg_r1_0_31_0_5/RAMB_D1/CLK
High Pulse Width  Slow    RAMD32/CLK  n/a            1.250         5.000       3.750      SLICE_X34Y143  decode/regF/registers_reg_r1_0_31_0_5/RAMC/CLK
High Pulse Width  Fast    RAMD32/CLK  n/a            1.250         5.000       3.750      SLICE_X34Y143  decode/regF/registers_reg_r1_0_31_0_5/RAMC/CLK



