#-----------------------------------------------------------
# Vivado v2023.2 (64-bit)
# SW Build 4029153 on Fri Oct 13 20:14:34 MDT 2023
# IP Build 4028589 on Sat Oct 14 00:45:43 MDT 2023
# SharedData Build 4025554 on Tue Oct 10 17:18:54 MDT 2023
# Start of session at: Tue Aug 11 13:52:25 2026
# Process ID: 25464
# Current directory: C:/Users/Prasit/Documents/hsec_proj_all/itoh_inv_final/project_1
# Command line: vivado.exe -gui_launcher_event rodinguilauncherevent19088 C:\Users\Prasit\Documents\hsec_proj_all\itoh_inv_final\project_1\project_1.xpr
# Log file: C:/Users/Prasit/Documents/hsec_proj_all/itoh_inv_final/project_1/vivado.log
# Journal file: C:/Users/Prasit/Documents/hsec_proj_all/itoh_inv_final/project_1\vivado.jou
# Running On: DESKTOP-LP0DM3H, OS: Windows, CPU Frequency: 2496 MHz, CPU Physical cores: 10, Host memory: 8245 MB
#-----------------------------------------------------------
start_gui
open_project C:/Users/Prasit/Documents/hsec_proj_all/itoh_inv_final/project_1/project_1.xpr
WARNING: [Board 49-26] cannot add Board Part digilentinc.com:genesys2:part0:1.1 available at C:/Xilinx/Vivado/2023.2/data/xhub/boards/XilinxBoardStore/boards/Xilinx/genesys2/H/board.xml as part xc7k325tffg900-2 specified in board_part file is either invalid or not available
WARNING: [Board 49-26] cannot add Board Part digilentinc.com:sword:part0:1.0 available at C:/Xilinx/Vivado/2023.2/data/xhub/boards/XilinxBoardStore/boards/Xilinx/sword/C.0/board.xml as part xc7k325tffg900-2 specified in board_part file is either invalid or not available
WARNING: [Board 49-26] cannot add Board Part xilinx.com:kc705:part0:1.6 available at C:/Xilinx/Vivado/2023.2/data/xhub/boards/XilinxBoardStore/boards/Xilinx/kc705/1.6/board.xml as part xc7k325tffg900-2 specified in board_part file is either invalid or not available
WARNING: [Board 49-26] cannot add Board Part xilinx.com:kcu105:part0:1.6 available at C:/Xilinx/Vivado/2023.2/data/xhub/boards/XilinxBoardStore/boards/Xilinx/kcu105/1.6/board.xml as part xcku040-ffva1156-2-e specified in board_part file is either invalid or not available
WARNING: [Board 49-26] cannot add Board Part xilinx.com:kcu105:part0:1.7 available at C:/Xilinx/Vivado/2023.2/data/xhub/boards/XilinxBoardStore/boards/Xilinx/kcu105/1.7/board.xml as part xcku040-ffva1156-2-e specified in board_part file is either invalid or not available
WARNING: [Board 49-26] cannot add Board Part xilinx.com:kcu1500:part0:1.2 available at C:/Xilinx/Vivado/2023.2/data/xhub/boards/XilinxBoardStore/boards/Xilinx/kcu1500/1.2/board.xml as part xcku115-flvb2104-2-e specified in board_part file is either invalid or not available
WARNING: [Board 49-26] cannot add Board Part xilinx.com:vc707:part0:1.4 available at C:/Xilinx/Vivado/2023.2/data/xhub/boards/XilinxBoardStore/boards/Xilinx/vc707/1.4/board.xml as part xc7vx485tffg1761-2 specified in board_part file is either invalid or not available
WARNING: [Board 49-26] cannot add Board Part xilinx.com:vc709:part0:1.8 available at C:/Xilinx/Vivado/2023.2/data/xhub/boards/XilinxBoardStore/boards/Xilinx/vc709/1.8/board.xml as part xc7vx690tffg1761-2 specified in board_part file is either invalid or not available
WARNING: [Board 49-26] cannot add Board Part xilinx.com:vck190:part0:2.2 available at C:/Xilinx/Vivado/2023.2/data/xhub/boards/XilinxBoardStore/boards/Xilinx/vck190/production/2.2/board.xml as part xcvc1902-vsva2197-2mp-e-s specified in board_part file is either invalid or not available
WARNING: [Board 49-26] cannot add Board Part xilinx.com:vck190:part0:3.0 available at C:/Xilinx/Vivado/2023.2/data/xhub/boards/XilinxBoardStore/boards/Xilinx/vck190/production/3.0/board.xml as part xcvc1902-vsva2197-2mp-e-s specified in board_part file is either invalid or not available
WARNING: [Board 49-26] cannot add Board Part xilinx.com:vck190:part0:3.1 available at C:/Xilinx/Vivado/2023.2/data/xhub/boards/XilinxBoardStore/boards/Xilinx/vck190/production/3.1/board.xml as part xcvc1902-vsva2197-2mp-e-s specified in board_part file is either invalid or not available
WARNING: [Board 49-26] cannot add Board Part xilinx.com:vck190:part0:3.2 available at C:/Xilinx/Vivado/2023.2/data/xhub/boards/XilinxBoardStore/boards/Xilinx/vck190/production/3.2/board.xml as part xcvc1902-vsva2197-2mp-e-s specified in board_part file is either invalid or not available
WARNING: [Board 49-26] cannot add Board Part xilinx.com:vck190_newl:part0:1.0 available at C:/Xilinx/Vivado/2023.2/data/xhub/boards/XilinxBoardStore/boards/Xilinx/vck190_newl/production/1.0/board.xml as part xcvc1902-vsva2197-2mp-e-s specified in board_part file is either invalid or not available
WARNING: [Board 49-26] cannot add Board Part xilinx.com:vck190_newl:part0:1.1 available at C:/Xilinx/Vivado/2023.2/data/xhub/boards/XilinxBoardStore/boards/Xilinx/vck190_newl/production/1.1/board.xml as part xcvc1902-vsva2197-2mp-e-s specified in board_part file is either invalid or not available
WARNING: [Board 49-26] cannot add Board Part xilinx.com:vcu108:part0:1.6 available at C:/Xilinx/Vivado/2023.2/data/xhub/boards/XilinxBoardStore/boards/Xilinx/vcu108/1.6/board.xml as part xcvu095-ffva2104-2-e specified in board_part file is either invalid or not available
WARNING: [Board 49-26] cannot add Board Part xilinx.com:vcu108:part0:1.7 available at C:/Xilinx/Vivado/2023.2/data/xhub/boards/XilinxBoardStore/boards/Xilinx/vcu108/1.7/board.xml as part xcvu095-ffva2104-2-e specified in board_part file is either invalid or not available
WARNING: [Board 49-26] cannot add Board Part xilinx.com:vcu110:part0:1.4 available at C:/Xilinx/Vivado/2023.2/data/xhub/boards/XilinxBoardStore/boards/Xilinx/vcu110/1.4/board.xml as part xcvu190-flgc2104-2-e specified in board_part file is either invalid or not available
WARNING: [Board 49-26] cannot add Board Part xilinx.com:vcu118:part0:2.0 available at C:/Xilinx/Vivado/2023.2/data/xhub/boards/XilinxBoardStore/boards/Xilinx/vcu118/2.0/board.xml as part xcvu9p-flga2104-2l-e specified in board_part file is either invalid or not available
WARNING: [Board 49-26] cannot add Board Part xilinx.com:vcu118:part0:2.3 available at C:/Xilinx/Vivado/2023.2/data/xhub/boards/XilinxBoardStore/boards/Xilinx/vcu118/2.3/board.xml as part xcvu9p-flga2104-2l-e specified in board_part file is either invalid or not available
WARNING: [Board 49-26] cannot add Board Part xilinx.com:vcu118:part0:2.4 available at C:/Xilinx/Vivado/2023.2/data/xhub/boards/XilinxBoardStore/boards/Xilinx/vcu118/2.4/board.xml as part xcvu9p-flga2104-2l-e specified in board_part file is either invalid or not available
WARNING: [Board 49-26] cannot add Board Part xilinx.com:vcu129:part0:1.0 available at C:/Xilinx/Vivado/2023.2/data/xhub/boards/XilinxBoardStore/boards/Xilinx/vcu129/production/1.0/board.xml as part xcvu29p-fsga2577-2l-e specified in board_part file is either invalid or not available
WARNING: [Board 49-26] cannot add Board Part xilinx.com:vcu1525:part0:1.3 available at C:/Xilinx/Vivado/2023.2/data/xhub/boards/XilinxBoardStore/boards/Xilinx/vcu1525/1.3/board.xml as part xcvu9p-fsgd2104-2l-e specified in board_part file is either invalid or not available
WARNING: [Board 49-26] cannot add Board Part xilinx.com:vek280:part0:1.0 available at C:/Xilinx/Vivado/2023.2/data/xhub/boards/XilinxBoardStore/boards/Xilinx/vek280/production/1.0/board.xml as part xcve2802-vsvh1760-2mp-e-s specified in board_part file is either invalid or not available
WARNING: [Board 49-26] cannot add Board Part xilinx.com:vek280_es:part0:1.0 available at C:/Xilinx/Vivado/2023.2/data/xhub/boards/XilinxBoardStore/boards/Xilinx/vek280/es/rev_a/1.0/board.xml as part xcve2802-vsvh1760-2lp-e-s-es1 specified in board_part file is either invalid or not available
WARNING: [Board 49-26] cannot add Board Part xilinx.com:vek280_es:part0:1.1 available at C:/Xilinx/Vivado/2023.2/data/xhub/boards/XilinxBoardStore/boards/Xilinx/vek280/es/rev_a/1.1/board.xml as part xcve2802-vsvh1760-2lp-e-s-es1 specified in board_part file is either invalid or not available
WARNING: [Board 49-26] cannot add Board Part xilinx.com:vek280_es_revb:part0:1.0 available at C:/Xilinx/Vivado/2023.2/data/xhub/boards/XilinxBoardStore/boards/Xilinx/vek280/es/rev_b/1.0/board.xml as part xcve2802-vsvh1760-2mp-e-s-es1 specified in board_part file is either invalid or not available
WARNING: [Board 49-26] cannot add Board Part xilinx.com:vek280_es_revb:part0:1.1 available at C:/Xilinx/Vivado/2023.2/data/xhub/boards/XilinxBoardStore/boards/Xilinx/vek280/es/rev_b/1.1/board.xml as part xcve2802-vsvh1760-2mp-e-s-es1 specified in board_part file is either invalid or not available
WARNING: [Board 49-26] cannot add Board Part xilinx.com:vermeo_t1_mpsoc:part0:1.0 available at C:/Xilinx/Vivado/2023.2/data/xhub/boards/XilinxBoardStore/boards/Xilinx/vermeo_t1_mpsoc/1.0/board.xml as part xczu19eg-ffvd1760-2l-e specified in board_part file is either invalid or not available
WARNING: [Board 49-26] cannot add Board Part xilinx.com:vermeo_t1_rfsoc:part0:1.0 available at C:/Xilinx/Vivado/2023.2/data/xhub/boards/XilinxBoardStore/boards/Xilinx/vermeo_t1_rfsoc/1.0/board.xml as part xczu21dr-ffvd1156-2l-e specified in board_part file is either invalid or not available
WARNING: [Board 49-26] cannot add Board Part xilinx.com:vhk158:part0:1.0 available at C:/Xilinx/Vivado/2023.2/data/xhub/boards/XilinxBoardStore/boards/Xilinx/vhk158/production/1.0/board.xml as part xcvh1582-vsva3697-2mp-e-s specified in board_part file is either invalid or not available
WARNING: [Board 49-26] cannot add Board Part xilinx.com:vhk158:part0:1.1 available at C:/Xilinx/Vivado/2023.2/data/xhub/boards/XilinxBoardStore/boards/Xilinx/vhk158/production/1.1/board.xml as part xcvh1582-vsva3697-2mp-e-s specified in board_part file is either invalid or not available
WARNING: [Board 49-26] cannot add Board Part xilinx.com:vhk158_es:part0:1.0 available at C:/Xilinx/Vivado/2023.2/data/xhub/boards/XilinxBoardStore/boards/Xilinx/vhk158/es/1.0/board.xml as part xcvh1582-vsva3697-2mp-e-s-es1 specified in board_part file is either invalid or not available
WARNING: [Board 49-26] cannot add Board Part xilinx.com:vhk158_es:part0:1.1 available at C:/Xilinx/Vivado/2023.2/data/xhub/boards/XilinxBoardStore/boards/Xilinx/vhk158/es/1.1/board.xml as part xcvh1582-vsva3697-2mp-e-s-es1 specified in board_part file is either invalid or not available
WARNING: [Board 49-26] cannot add Board Part xilinx.com:vmk180:part0:2.2 available at C:/Xilinx/Vivado/2023.2/data/xhub/boards/XilinxBoardStore/boards/Xilinx/vmk180/production/2.2/board.xml as part xcvm1802-vsva2197-2mp-e-s specified in board_part file is either invalid or not available
WARNING: [Board 49-26] cannot add Board Part xilinx.com:vmk180:part0:3.0 available at C:/Xilinx/Vivado/2023.2/data/xhub/boards/XilinxBoardStore/boards/Xilinx/vmk180/production/3.0/board.xml as part xcvm1802-vsva2197-2mp-e-s specified in board_part file is either invalid or not available
WARNING: [Board 49-26] cannot add Board Part xilinx.com:vmk180:part0:3.1 available at C:/Xilinx/Vivado/2023.2/data/xhub/boards/XilinxBoardStore/boards/Xilinx/vmk180/production/3.1/board.xml as part xcvm1802-vsva2197-2mp-e-s specified in board_part file is either invalid or not available
WARNING: [Board 49-26] cannot add Board Part xilinx.com:vmk180:part0:3.2 available at C:/Xilinx/Vivado/2023.2/data/xhub/boards/XilinxBoardStore/boards/Xilinx/vmk180/production/3.2/board.xml as part xcvm1802-vsva2197-2mp-e-s specified in board_part file is either invalid or not available
WARNING: [Board 49-26] cannot add Board Part xilinx.com:vmk180_newl:part0:1.0 available at C:/Xilinx/Vivado/2023.2/data/xhub/boards/XilinxBoardStore/boards/Xilinx/vmk180_newl/production/1.0/board.xml as part xcvm1802-vsva2197-2mp-e-s specified in board_part file is either invalid or not available
WARNING: [Board 49-26] cannot add Board Part xilinx.com:vmk180_newl:part0:1.1 available at C:/Xilinx/Vivado/2023.2/data/xhub/boards/XilinxBoardStore/boards/Xilinx/vmk180_newl/production/1.1/board.xml as part xcvm1802-vsva2197-2mp-e-s specified in board_part file is either invalid or not available
WARNING: [Board 49-26] cannot add Board Part xilinx.com:vpk120:part0:1.0 available at C:/Xilinx/Vivado/2023.2/data/xhub/boards/XilinxBoardStore/boards/Xilinx/vpk120/production/1.0/board.xml as part xcvp1202-vsva2785-2mp-e-s specified in board_part file is either invalid or not available
WARNING: [Board 49-26] cannot add Board Part xilinx.com:vpk120:part0:1.1 available at C:/Xilinx/Vivado/2023.2/data/xhub/boards/XilinxBoardStore/boards/Xilinx/vpk120/production/1.1/board.xml as part xcvp1202-vsva2785-2mp-e-s specified in board_part file is either invalid or not available
WARNING: [Board 49-26] cannot add Board Part xilinx.com:vpk120:part0:1.2 available at C:/Xilinx/Vivado/2023.2/data/xhub/boards/XilinxBoardStore/boards/Xilinx/vpk120/production/1.2/board.xml as part xcvp1202-vsva2785-2mp-e-s specified in board_part file is either invalid or not available
WARNING: [Board 49-26] cannot add Board Part xilinx.com:vpk180:part0:1.0 available at C:/Xilinx/Vivado/2023.2/data/xhub/boards/XilinxBoardStore/boards/Xilinx/vpk180/production/1.0/board.xml as part xcvp1802-lsvc4072-2mp-e-s specified in board_part file is either invalid or not available
WARNING: [Board 49-26] cannot add Board Part xilinx.com:vpk180:part0:1.1 available at C:/Xilinx/Vivado/2023.2/data/xhub/boards/XilinxBoardStore/boards/Xilinx/vpk180/production/1.1/board.xml as part xcvp1802-lsvc4072-2mp-e-s specified in board_part file is either invalid or not available
WARNING: [Board 49-26] cannot add Board Part xilinx.com:zc706:part0:1.4 available at C:/Xilinx/Vivado/2023.2/data/xhub/boards/XilinxBoardStore/boards/Xilinx/zc706/1.4/board.xml as part xc7z045ffg900-2 specified in board_part file is either invalid or not available
WARNING: [Board 49-26] cannot add Board Part xilinx.com:zcu102:part0:3.3 available at C:/Xilinx/Vivado/2023.2/data/xhub/boards/XilinxBoardStore/boards/Xilinx/zcu102/3.3/board.xml as part xczu9eg-ffvb1156-2-e specified in board_part file is either invalid or not available
WARNING: [Board 49-26] cannot add Board Part xilinx.com:zcu102:part0:3.4 available at C:/Xilinx/Vivado/2023.2/data/xhub/boards/XilinxBoardStore/boards/Xilinx/zcu102/3.4/board.xml as part xczu9eg-ffvb1156-2-e specified in board_part file is either invalid or not available
WARNING: [Board 49-26] cannot add Board Part xilinx.com:zcu111:part0:1.2 available at C:/Xilinx/Vivado/2023.2/data/xhub/boards/XilinxBoardStore/boards/Xilinx/zcu111/1.2/board.xml as part xczu28dr-ffvg1517-2-e specified in board_part file is either invalid or not available
WARNING: [Board 49-26] cannot add Board Part xilinx.com:zcu111:part0:1.3 available at C:/Xilinx/Vivado/2023.2/data/xhub/boards/XilinxBoardStore/boards/Xilinx/zcu111/1.3/board.xml as part xczu28dr-ffvg1517-2-e specified in board_part file is either invalid or not available
WARNING: [Board 49-26] cannot add Board Part xilinx.com:zcu111:part0:1.4 available at C:/Xilinx/Vivado/2023.2/data/xhub/boards/XilinxBoardStore/boards/Xilinx/zcu111/1.4/board.xml as part xczu28dr-ffvg1517-2-e specified in board_part file is either invalid or not available
WARNING: [Board 49-26] cannot add Board Part xilinx.com:zcu1275:part0:1.0 available at C:/Xilinx/Vivado/2023.2/data/xhub/boards/XilinxBoardStore/boards/Xilinx/zcu1275/1.0/board.xml as part xczu29dr-ffvf1760-2-e specified in board_part file is either invalid or not available
WARNING: [Board 49-26] cannot add Board Part xilinx.com:zcu1285:part0:1.0 available at C:/Xilinx/Vivado/2023.2/data/xhub/boards/XilinxBoardStore/boards/Xilinx/zcu1285/1.0/board.xml as part xczu39dr-ffvf1760-2-i specified in board_part file is either invalid or not available
WARNING: [Board 49-26] cannot add Board Part xilinx.com:zcu208:part0:2.0 available at C:/Xilinx/Vivado/2023.2/data/xhub/boards/XilinxBoardStore/boards/Xilinx/zcu208/production/2.0/board.xml as part xczu48dr-fsvg1517-2-e specified in board_part file is either invalid or not available
WARNING: [Board 49-26] cannot add Board Part xilinx.com:zcu208ld:part0:2.0 available at C:/Xilinx/Vivado/2023.2/data/xhub/boards/XilinxBoardStore/boards/Xilinx/zcu208ld/production/2.0/board.xml as part xczu58dr-fsvg1517-2-i specified in board_part file is either invalid or not available
WARNING: [Board 49-26] cannot add Board Part xilinx.com:zcu216:part0:2.0 available at C:/Xilinx/Vivado/2023.2/data/xhub/boards/XilinxBoardStore/boards/Xilinx/zcu216/production/2.0/board.xml as part xczu49dr-ffvf1760-2-e specified in board_part file is either invalid or not available
WARNING: [Board 49-26] cannot add Board Part xilinx.com:zcu216ld:part0:2.0 available at C:/Xilinx/Vivado/2023.2/data/xhub/boards/XilinxBoardStore/boards/Xilinx/zcu216ld/production/2.0/board.xml as part xczu59dr-ffvf1760-2-i specified in board_part file is either invalid or not available
WARNING: [Board 49-26] cannot add Board Part xilinx.com:zcu670:part0:2.0 available at C:/Xilinx/Vivado/2023.2/data/xhub/boards/XilinxBoardStore/boards/Xilinx/zcu670/2.0/board.xml as part xczu67dr-fsve1156-2-i specified in board_part file is either invalid or not available
WARNING: [Board 49-26] cannot add Board Part xilinx.com:zcu670ld:part0:1.0 available at C:/Xilinx/Vivado/2023.2/data/xhub/boards/XilinxBoardStore/boards/Xilinx/zcu670ld/1.0/board.xml as part xczu57dr-fsve1156-2-i specified in board_part file is either invalid or not available
INFO: [filemgmt 56-3] Default IP Output Path : Could not find the directory 'C:/Users/Prasit/Documents/hsec_proj_all/itoh_inv_final/project_1/project_1.gen/sources_1'.
Scanning sources...
Finished scanning sources
INFO: [IP_Flow 19-234] Refreshing IP repositories
INFO: [IP_Flow 19-1704] No user IP repositories specified
INFO: [IP_Flow 19-2313] Loaded Vivado IP repository 'C:/Xilinx/Vivado/2023.2/data/ip'.
open_project: Time (s): cpu = 00:00:49 ; elapsed = 00:00:26 . Memory (MB): peak = 1498.051 ; gain = 421.473
update_compile_order -fileset sources_1
update_compile_order -fileset sources_1
close [ open C:/Users/Prasit/Documents/hsec_proj_all/itoh_inv_final/project_1/project_1.srcs/sources_1/new/gf283_reduce.v w ]
add_files C:/Users/Prasit/Documents/hsec_proj_all/itoh_inv_final/project_1/project_1.srcs/sources_1/new/gf283_reduce.v
update_compile_order -fileset sources_1
close [ open C:/Users/Prasit/Documents/hsec_proj_all/itoh_inv_final/project_1/project_1.srcs/sources_1/new/gf283_square.v w ]
add_files C:/Users/Prasit/Documents/hsec_proj_all/itoh_inv_final/project_1/project_1.srcs/sources_1/new/gf283_square.v
update_compile_order -fileset sources_1
WARNING: [filemgmt 56-199] Attempt to get parsing info during refresh. "On-the-fly" syntax checking information may be incorrect. [C:\Users\Prasit\Documents\hsec_proj_all\itoh_inv_final\project_1\project_1.srcs\sources_1\new\gf283_square.v:]
WARNING: [filemgmt 56-199] Attempt to get parsing info during refresh. "On-the-fly" syntax checking information may be incorrect. [C:\Users\Prasit\Documents\hsec_proj_all\itoh_inv_final\project_1\project_1.srcs\sources_1\new\gf283_reduce.v:]
ERROR: [Common 17-180] Spawn failed: No error
close [ open C:/Users/Prasit/Documents/hsec_proj_all/itoh_inv_final/project_1/project_1.srcs/sources_1/new/gf283_sqr_pow2k.v w ]
add_files C:/Users/Prasit/Documents/hsec_proj_all/itoh_inv_final/project_1/project_1.srcs/sources_1/new/gf283_sqr_pow2k.v
WARNING: [filemgmt 56-199] Attempt to get parsing info during refresh. "On-the-fly" syntax checking information may be incorrect. [C:\Users\Prasit\Documents\hsec_proj_all\itoh_inv_final\project_1\project_1.srcs\sources_1\new\gf283_square.v:]
WARNING: [filemgmt 56-199] Attempt to get parsing info during refresh. "On-the-fly" syntax checking information may be incorrect. [C:\Users\Prasit\Documents\hsec_proj_all\itoh_inv_final\project_1\project_1.srcs\sources_1\new\gf283_reduce.v:]
ERROR: [Common 17-180] Spawn failed: No error
WARNING: [filemgmt 56-199] Attempt to get parsing info during refresh. "On-the-fly" syntax checking information may be incorrect. [C:\Users\Prasit\Documents\hsec_proj_all\itoh_inv_final\project_1\project_1.srcs\sources_1\new\gf283_square.v:]
WARNING: [filemgmt 56-199] Attempt to get parsing info during refresh. "On-the-fly" syntax checking information may be incorrect. [C:\Users\Prasit\Documents\hsec_proj_all\itoh_inv_final\project_1\project_1.srcs\sources_1\new\gf283_reduce.v:]
ERROR: [Common 17-180] Spawn failed: No error
update_compile_order -fileset sources_1
WARNING: [filemgmt 56-199] Attempt to get parsing info during refresh. "On-the-fly" syntax checking information may be incorrect. [C:\Users\Prasit\Documents\hsec_proj_all\itoh_inv_final\project_1\project_1.srcs\sources_1\new\gf283_square.v:]
WARNING: [filemgmt 56-199] Attempt to get parsing info during refresh. "On-the-fly" syntax checking information may be incorrect. [C:\Users\Prasit\Documents\hsec_proj_all\itoh_inv_final\project_1\project_1.srcs\sources_1\new\gf283_reduce.v:]
ERROR: [Common 17-180] Spawn failed: No error
WARNING: [filemgmt 56-199] Attempt to get parsing info during refresh. "On-the-fly" syntax checking information may be incorrect. [C:\Users\Prasit\Documents\hsec_proj_all\itoh_inv_final\project_1\project_1.srcs\sources_1\new\gf283_square.v:]
WARNING: [filemgmt 56-199] Attempt to get parsing info during refresh. "On-the-fly" syntax checking information may be incorrect. [C:\Users\Prasit\Documents\hsec_proj_all\itoh_inv_final\project_1\project_1.srcs\sources_1\new\gf283_sqr_pow2k.v:]
WARNING: [filemgmt 56-199] Attempt to get parsing info during refresh. "On-the-fly" syntax checking information may be incorrect. [C:\Users\Prasit\Documents\hsec_proj_all\itoh_inv_final\project_1\project_1.srcs\sources_1\new\gf283_reduce.v:]
WARNING: [filemgmt 56-199] Attempt to get parsing info during refresh. "On-the-fly" syntax checking information may be incorrect. [C:\Users\Prasit\Documents\hsec_proj_all\itoh_inv_final\project_1\project_1.srcs\sources_1\new\gf283_square.v:]
WARNING: [filemgmt 56-199] Attempt to get parsing info during refresh. "On-the-fly" syntax checking information may be incorrect. [C:\Users\Prasit\Documents\hsec_proj_all\itoh_inv_final\project_1\project_1.srcs\sources_1\new\gf283_sqr_pow2k.v:]
WARNING: [filemgmt 56-199] Attempt to get parsing info during refresh. "On-the-fly" syntax checking information may be incorrect. [C:\Users\Prasit\Documents\hsec_proj_all\itoh_inv_final\project_1\project_1.srcs\sources_1\new\gf283_reduce.v:]
close [ open C:/Users/Prasit/Documents/hsec_proj_all/itoh_inv_final/project_1/project_1.srcs/sources_1/new/gf283_itoh_tsujii.v w ]
add_files C:/Users/Prasit/Documents/hsec_proj_all/itoh_inv_final/project_1/project_1.srcs/sources_1/new/gf283_itoh_tsujii.v
WARNING: [filemgmt 56-199] Attempt to get parsing info during refresh. "On-the-fly" syntax checking information may be incorrect. [C:\Users\Prasit\Documents\hsec_proj_all\itoh_inv_final\project_1\project_1.srcs\sources_1\new\gf283_square.v:]
WARNING: [filemgmt 56-199] Attempt to get parsing info during refresh. "On-the-fly" syntax checking information may be incorrect. [C:\Users\Prasit\Documents\hsec_proj_all\itoh_inv_final\project_1\project_1.srcs\sources_1\new\gf283_sqr_pow2k.v:]
WARNING: [filemgmt 56-199] Attempt to get parsing info during refresh. "On-the-fly" syntax checking information may be incorrect. [C:\Users\Prasit\Documents\hsec_proj_all\itoh_inv_final\project_1\project_1.srcs\sources_1\new\gf283_reduce.v:]
WARNING: [filemgmt 56-199] Attempt to get parsing info during refresh. "On-the-fly" syntax checking information may be incorrect. [C:\Users\Prasit\Documents\hsec_proj_all\itoh_inv_final\project_1\project_1.srcs\sources_1\new\gf283_square.v:]
WARNING: [filemgmt 56-199] Attempt to get parsing info during refresh. "On-the-fly" syntax checking information may be incorrect. [C:\Users\Prasit\Documents\hsec_proj_all\itoh_inv_final\project_1\project_1.srcs\sources_1\new\gf283_sqr_pow2k.v:]
WARNING: [filemgmt 56-199] Attempt to get parsing info during refresh. "On-the-fly" syntax checking information may be incorrect. [C:\Users\Prasit\Documents\hsec_proj_all\itoh_inv_final\project_1\project_1.srcs\sources_1\new\gf283_reduce.v:]
WARNING: [filemgmt 56-199] Attempt to get parsing info during refresh. "On-the-fly" syntax checking information may be incorrect. [C:\Users\Prasit\Documents\hsec_proj_all\itoh_inv_final\project_1\project_1.srcs\sources_1\new\gf283_square.v:]
WARNING: [filemgmt 56-199] Attempt to get parsing info during refresh. "On-the-fly" syntax checking information may be incorrect. [C:\Users\Prasit\Documents\hsec_proj_all\itoh_inv_final\project_1\project_1.srcs\sources_1\new\gf283_sqr_pow2k.v:]
WARNING: [filemgmt 56-199] Attempt to get parsing info during refresh. "On-the-fly" syntax checking information may be incorrect. [C:\Users\Prasit\Documents\hsec_proj_all\itoh_inv_final\project_1\project_1.srcs\sources_1\new\gf283_reduce.v:]
update_compile_order -fileset sources_1
WARNING: [filemgmt 56-199] Attempt to get parsing info during refresh. "On-the-fly" syntax checking information may be incorrect. [C:\Users\Prasit\Documents\hsec_proj_all\itoh_inv_final\project_1\project_1.srcs\sources_1\new\gf283_square.v:]
WARNING: [filemgmt 56-199] Attempt to get parsing info during refresh. "On-the-fly" syntax checking information may be incorrect. [C:\Users\Prasit\Documents\hsec_proj_all\itoh_inv_final\project_1\project_1.srcs\sources_1\new\gf283_sqr_pow2k.v:]
WARNING: [filemgmt 56-199] Attempt to get parsing info during refresh. "On-the-fly" syntax checking information may be incorrect. [C:\Users\Prasit\Documents\hsec_proj_all\itoh_inv_final\project_1\project_1.srcs\sources_1\new\gf283_reduce.v:]
WARNING: [filemgmt 56-199] Attempt to get parsing info during refresh. "On-the-fly" syntax checking information may be incorrect. [C:\Users\Prasit\Documents\hsec_proj_all\itoh_inv_final\project_1\project_1.srcs\sources_1\new\gf283_square.v:]
WARNING: [filemgmt 56-199] Attempt to get parsing info during refresh. "On-the-fly" syntax checking information may be incorrect. [C:\Users\Prasit\Documents\hsec_proj_all\itoh_inv_final\project_1\project_1.srcs\sources_1\new\gf283_sqr_pow2k.v:]
WARNING: [filemgmt 56-199] Attempt to get parsing info during refresh. "On-the-fly" syntax checking information may be incorrect. [C:\Users\Prasit\Documents\hsec_proj_all\itoh_inv_final\project_1\project_1.srcs\sources_1\new\gf283_reduce.v:]
WARNING: [filemgmt 56-199] Attempt to get parsing info during refresh. "On-the-fly" syntax checking information may be incorrect. [C:\Users\Prasit\Documents\hsec_proj_all\itoh_inv_final\project_1\project_1.srcs\sources_1\new\gf283_square.v:]
WARNING: [filemgmt 56-199] Attempt to get parsing info during refresh. "On-the-fly" syntax checking information may be incorrect. [C:\Users\Prasit\Documents\hsec_proj_all\itoh_inv_final\project_1\project_1.srcs\sources_1\new\gf283_sqr_pow2k.v:]
WARNING: [filemgmt 56-199] Attempt to get parsing info during refresh. "On-the-fly" syntax checking information may be incorrect. [C:\Users\Prasit\Documents\hsec_proj_all\itoh_inv_final\project_1\project_1.srcs\sources_1\new\gf283_itoh_tsujii.v:]
WARNING: [filemgmt 56-199] Attempt to get parsing info during refresh. "On-the-fly" syntax checking information may be incorrect. [C:\Users\Prasit\Documents\hsec_proj_all\itoh_inv_final\project_1\project_1.srcs\sources_1\new\gf283_reduce.v:]
WARNING: [filemgmt 56-199] Attempt to get parsing info during refresh. "On-the-fly" syntax checking information may be incorrect. [C:\Users\Prasit\Documents\hsec_proj_all\itoh_inv_final\project_1\project_1.srcs\sources_1\new\gf283_square.v:]
WARNING: [filemgmt 56-199] Attempt to get parsing info during refresh. "On-the-fly" syntax checking information may be incorrect. [C:\Users\Prasit\Documents\hsec_proj_all\itoh_inv_final\project_1\project_1.srcs\sources_1\new\gf283_sqr_pow2k.v:]
WARNING: [filemgmt 56-199] Attempt to get parsing info during refresh. "On-the-fly" syntax checking information may be incorrect. [C:\Users\Prasit\Documents\hsec_proj_all\itoh_inv_final\project_1\project_1.srcs\sources_1\new\gf283_itoh_tsujii.v:]
WARNING: [filemgmt 56-199] Attempt to get parsing info during refresh. "On-the-fly" syntax checking information may be incorrect. [C:\Users\Prasit\Documents\hsec_proj_all\itoh_inv_final\project_1\project_1.srcs\sources_1\new\gf283_reduce.v:]
ERROR: [Common 17-180] Spawn failed: No error
WARNING: [filemgmt 56-199] Attempt to get parsing info during refresh. "On-the-fly" syntax checking information may be incorrect. [C:\Users\Prasit\Documents\hsec_proj_all\itoh_inv_final\project_1\project_1.srcs\sources_1\new\gf283_square.v:]
WARNING: [filemgmt 56-199] Attempt to get parsing info during refresh. "On-the-fly" syntax checking information may be incorrect. [C:\Users\Prasit\Documents\hsec_proj_all\itoh_inv_final\project_1\project_1.srcs\sources_1\new\gf283_sqr_pow2k.v:]
WARNING: [filemgmt 56-199] Attempt to get parsing info during refresh. "On-the-fly" syntax checking information may be incorrect. [C:\Users\Prasit\Documents\hsec_proj_all\itoh_inv_final\project_1\project_1.srcs\sources_1\new\gf283_itoh_tsujii.v:]
WARNING: [filemgmt 56-199] Attempt to get parsing info during refresh. "On-the-fly" syntax checking information may be incorrect. [C:\Users\Prasit\Documents\hsec_proj_all\itoh_inv_final\project_1\project_1.srcs\sources_1\new\gf283_reduce.v:]
ERROR: [Common 17-180] Spawn failed: No error
close [ open C:/Users/Prasit/Documents/hsec_proj_all/itoh_inv_final/project_1/project_1.srcs/sources_1/new/gf283_mul_pipe.v w ]
add_files C:/Users/Prasit/Documents/hsec_proj_all/itoh_inv_final/project_1/project_1.srcs/sources_1/new/gf283_mul_pipe.v
WARNING: [filemgmt 56-199] Attempt to get parsing info during refresh. "On-the-fly" syntax checking information may be incorrect. [C:\Users\Prasit\Documents\hsec_proj_all\itoh_inv_final\project_1\project_1.srcs\sources_1\new\gf283_square.v:]
WARNING: [filemgmt 56-199] Attempt to get parsing info during refresh. "On-the-fly" syntax checking information may be incorrect. [C:\Users\Prasit\Documents\hsec_proj_all\itoh_inv_final\project_1\project_1.srcs\sources_1\new\gf283_sqr_pow2k.v:]
WARNING: [filemgmt 56-199] Attempt to get parsing info during refresh. "On-the-fly" syntax checking information may be incorrect. [C:\Users\Prasit\Documents\hsec_proj_all\itoh_inv_final\project_1\project_1.srcs\sources_1\new\gf283_itoh_tsujii.v:]
WARNING: [filemgmt 56-199] Attempt to get parsing info during refresh. "On-the-fly" syntax checking information may be incorrect. [C:\Users\Prasit\Documents\hsec_proj_all\itoh_inv_final\project_1\project_1.srcs\sources_1\new\gf283_reduce.v:]
WARNING: [filemgmt 56-199] Attempt to get parsing info during refresh. "On-the-fly" syntax checking information may be incorrect. [C:\Users\Prasit\Documents\hsec_proj_all\itoh_inv_final\project_1\project_1.srcs\sources_1\new\gf283_square.v:]
WARNING: [filemgmt 56-199] Attempt to get parsing info during refresh. "On-the-fly" syntax checking information may be incorrect. [C:\Users\Prasit\Documents\hsec_proj_all\itoh_inv_final\project_1\project_1.srcs\sources_1\new\gf283_sqr_pow2k.v:]
WARNING: [filemgmt 56-199] Attempt to get parsing info during refresh. "On-the-fly" syntax checking information may be incorrect. [C:\Users\Prasit\Documents\hsec_proj_all\itoh_inv_final\project_1\project_1.srcs\sources_1\new\gf283_itoh_tsujii.v:]
WARNING: [filemgmt 56-199] Attempt to get parsing info during refresh. "On-the-fly" syntax checking information may be incorrect. [C:\Users\Prasit\Documents\hsec_proj_all\itoh_inv_final\project_1\project_1.srcs\sources_1\new\gf283_reduce.v:]
ERROR: [Common 17-180] Spawn failed: No error
WARNING: [filemgmt 56-199] Attempt to get parsing info during refresh. "On-the-fly" syntax checking information may be incorrect. [C:\Users\Prasit\Documents\hsec_proj_all\itoh_inv_final\project_1\project_1.srcs\sources_1\new\gf283_square.v:]
WARNING: [filemgmt 56-199] Attempt to get parsing info during refresh. "On-the-fly" syntax checking information may be incorrect. [C:\Users\Prasit\Documents\hsec_proj_all\itoh_inv_final\project_1\project_1.srcs\sources_1\new\gf283_sqr_pow2k.v:]
WARNING: [filemgmt 56-199] Attempt to get parsing info during refresh. "On-the-fly" syntax checking information may be incorrect. [C:\Users\Prasit\Documents\hsec_proj_all\itoh_inv_final\project_1\project_1.srcs\sources_1\new\gf283_itoh_tsujii.v:]
WARNING: [filemgmt 56-199] Attempt to get parsing info during refresh. "On-the-fly" syntax checking information may be incorrect. [C:\Users\Prasit\Documents\hsec_proj_all\itoh_inv_final\project_1\project_1.srcs\sources_1\new\gf283_reduce.v:]
ERROR: [Common 17-180] Spawn failed: No error
WARNING: [filemgmt 56-199] Attempt to get parsing info during refresh. "On-the-fly" syntax checking information may be incorrect. [C:\Users\Prasit\Documents\hsec_proj_all\itoh_inv_final\project_1\project_1.srcs\sources_1\new\gf283_square.v:]
WARNING: [filemgmt 56-199] Attempt to get parsing info during refresh. "On-the-fly" syntax checking information may be incorrect. [C:\Users\Prasit\Documents\hsec_proj_all\itoh_inv_final\project_1\project_1.srcs\sources_1\new\gf283_sqr_pow2k.v:]
WARNING: [filemgmt 56-199] Attempt to get parsing info during refresh. "On-the-fly" syntax checking information may be incorrect. [C:\Users\Prasit\Documents\hsec_proj_all\itoh_inv_final\project_1\project_1.srcs\sources_1\new\gf283_itoh_tsujii.v:]
WARNING: [filemgmt 56-199] Attempt to get parsing info during refresh. "On-the-fly" syntax checking information may be incorrect. [C:\Users\Prasit\Documents\hsec_proj_all\itoh_inv_final\project_1\project_1.srcs\sources_1\new\gf283_reduce.v:]
WARNING: [filemgmt 56-199] Attempt to get parsing info during refresh. "On-the-fly" syntax checking information may be incorrect. [C:\Users\Prasit\Documents\hsec_proj_all\itoh_inv_final\project_1\project_1.srcs\sources_1\new\gf283_square.v:]
WARNING: [filemgmt 56-199] Attempt to get parsing info during refresh. "On-the-fly" syntax checking information may be incorrect. [C:\Users\Prasit\Documents\hsec_proj_all\itoh_inv_final\project_1\project_1.srcs\sources_1\new\gf283_sqr_pow2k.v:]
WARNING: [filemgmt 56-199] Attempt to get parsing info during refresh. "On-the-fly" syntax checking information may be incorrect. [C:\Users\Prasit\Documents\hsec_proj_all\itoh_inv_final\project_1\project_1.srcs\sources_1\new\gf283_itoh_tsujii.v:]
WARNING: [filemgmt 56-199] Attempt to get parsing info during refresh. "On-the-fly" syntax checking information may be incorrect. [C:\Users\Prasit\Documents\hsec_proj_all\itoh_inv_final\project_1\project_1.srcs\sources_1\new\gf283_reduce.v:]
ERROR: [Common 17-180] Spawn failed: No error
WARNING: [filemgmt 56-199] Attempt to get parsing info during refresh. "On-the-fly" syntax checking information may be incorrect. [C:\Users\Prasit\Documents\hsec_proj_all\itoh_inv_final\project_1\project_1.srcs\sources_1\new\gf283_square.v:]
WARNING: [filemgmt 56-199] Attempt to get parsing info during refresh. "On-the-fly" syntax checking information may be incorrect. [C:\Users\Prasit\Documents\hsec_proj_all\itoh_inv_final\project_1\project_1.srcs\sources_1\new\gf283_sqr_pow2k.v:]
WARNING: [filemgmt 56-199] Attempt to get parsing info during refresh. "On-the-fly" syntax checking information may be incorrect. [C:\Users\Prasit\Documents\hsec_proj_all\itoh_inv_final\project_1\project_1.srcs\sources_1\new\gf283_itoh_tsujii.v:]
WARNING: [filemgmt 56-199] Attempt to get parsing info during refresh. "On-the-fly" syntax checking information may be incorrect. [C:\Users\Prasit\Documents\hsec_proj_all\itoh_inv_final\project_1\project_1.srcs\sources_1\new\gf283_reduce.v:]
ERROR: [Common 17-180] Spawn failed: No error
update_compile_order -fileset sources_1
WARNING: [filemgmt 56-199] Attempt to get parsing info during refresh. "On-the-fly" syntax checking information may be incorrect. [C:\Users\Prasit\Documents\hsec_proj_all\itoh_inv_final\project_1\project_1.srcs\sources_1\new\gf283_square.v:]
WARNING: [filemgmt 56-199] Attempt to get parsing info during refresh. "On-the-fly" syntax checking information may be incorrect. [C:\Users\Prasit\Documents\hsec_proj_all\itoh_inv_final\project_1\project_1.srcs\sources_1\new\gf283_sqr_pow2k.v:]
WARNING: [filemgmt 56-199] Attempt to get parsing info during refresh. "On-the-fly" syntax checking information may be incorrect. [C:\Users\Prasit\Documents\hsec_proj_all\itoh_inv_final\project_1\project_1.srcs\sources_1\new\gf283_itoh_tsujii.v:]
WARNING: [filemgmt 56-199] Attempt to get parsing info during refresh. "On-the-fly" syntax checking information may be incorrect. [C:\Users\Prasit\Documents\hsec_proj_all\itoh_inv_final\project_1\project_1.srcs\sources_1\new\gf283_reduce.v:]
WARNING: [filemgmt 56-199] Attempt to get parsing info during refresh. "On-the-fly" syntax checking information may be incorrect. [C:\Users\Prasit\Documents\hsec_proj_all\itoh_inv_final\project_1\project_1.srcs\sources_1\new\gf283_square.v:]
WARNING: [filemgmt 56-199] Attempt to get parsing info during refresh. "On-the-fly" syntax checking information may be incorrect. [C:\Users\Prasit\Documents\hsec_proj_all\itoh_inv_final\project_1\project_1.srcs\sources_1\new\gf283_sqr_pow2k.v:]
WARNING: [filemgmt 56-199] Attempt to get parsing info during refresh. "On-the-fly" syntax checking information may be incorrect. [C:\Users\Prasit\Documents\hsec_proj_all\itoh_inv_final\project_1\project_1.srcs\sources_1\new\gf283_itoh_tsujii.v:]
WARNING: [filemgmt 56-199] Attempt to get parsing info during refresh. "On-the-fly" syntax checking information may be incorrect. [C:\Users\Prasit\Documents\hsec_proj_all\itoh_inv_final\project_1\project_1.srcs\sources_1\new\gf283_reduce.v:]
ERROR: [Common 17-180] Spawn failed: No error
WARNING: [filemgmt 56-199] Attempt to get parsing info during refresh. "On-the-fly" syntax checking information may be incorrect. [C:\Users\Prasit\Documents\hsec_proj_all\itoh_inv_final\project_1\project_1.srcs\sources_1\new\gf283_square.v:]
WARNING: [filemgmt 56-199] Attempt to get parsing info during refresh. "On-the-fly" syntax checking information may be incorrect. [C:\Users\Prasit\Documents\hsec_proj_all\itoh_inv_final\project_1\project_1.srcs\sources_1\new\gf283_sqr_pow2k.v:]
WARNING: [filemgmt 56-199] Attempt to get parsing info during refresh. "On-the-fly" syntax checking information may be incorrect. [C:\Users\Prasit\Documents\hsec_proj_all\itoh_inv_final\project_1\project_1.srcs\sources_1\new\gf283_itoh_tsujii.v:]
WARNING: [filemgmt 56-199] Attempt to get parsing info during refresh. "On-the-fly" syntax checking information may be incorrect. [C:\Users\Prasit\Documents\hsec_proj_all\itoh_inv_final\project_1\project_1.srcs\sources_1\new\gf283_reduce.v:]
ERROR: [Common 17-180] Spawn failed: No error
WARNING: [filemgmt 56-199] Attempt to get parsing info during refresh. "On-the-fly" syntax checking information may be incorrect. [C:\Users\Prasit\Documents\hsec_proj_all\itoh_inv_final\project_1\project_1.srcs\sources_1\new\gf283_square.v:]
WARNING: [filemgmt 56-199] Attempt to get parsing info during refresh. "On-the-fly" syntax checking information may be incorrect. [C:\Users\Prasit\Documents\hsec_proj_all\itoh_inv_final\project_1\project_1.srcs\sources_1\new\gf283_sqr_pow2k.v:]
WARNING: [filemgmt 56-199] Attempt to get parsing info during refresh. "On-the-fly" syntax checking information may be incorrect. [C:\Users\Prasit\Documents\hsec_proj_all\itoh_inv_final\project_1\project_1.srcs\sources_1\new\gf283_itoh_tsujii.v:]
WARNING: [filemgmt 56-199] Attempt to get parsing info during refresh. "On-the-fly" syntax checking information may be incorrect. [C:\Users\Prasit\Documents\hsec_proj_all\itoh_inv_final\project_1\project_1.srcs\sources_1\new\gf283_reduce.v:]
WARNING: [filemgmt 56-199] Attempt to get parsing info during refresh. "On-the-fly" syntax checking information may be incorrect. [C:\Users\Prasit\Documents\hsec_proj_all\itoh_inv_final\project_1\project_1.srcs\sources_1\new\gf283_mul_pipe.v:]
WARNING: [filemgmt 56-199] Attempt to get parsing info during refresh. "On-the-fly" syntax checking information may be incorrect. [C:\Users\Prasit\Documents\hsec_proj_all\itoh_inv_final\project_1\project_1.srcs\sources_1\new\gf283_square.v:]
WARNING: [filemgmt 56-199] Attempt to get parsing info during refresh. "On-the-fly" syntax checking information may be incorrect. [C:\Users\Prasit\Documents\hsec_proj_all\itoh_inv_final\project_1\project_1.srcs\sources_1\new\gf283_sqr_pow2k.v:]
WARNING: [filemgmt 56-199] Attempt to get parsing info during refresh. "On-the-fly" syntax checking information may be incorrect. [C:\Users\Prasit\Documents\hsec_proj_all\itoh_inv_final\project_1\project_1.srcs\sources_1\new\gf283_itoh_tsujii.v:]
WARNING: [filemgmt 56-199] Attempt to get parsing info during refresh. "On-the-fly" syntax checking information may be incorrect. [C:\Users\Prasit\Documents\hsec_proj_all\itoh_inv_final\project_1\project_1.srcs\sources_1\new\gf283_reduce.v:]
WARNING: [filemgmt 56-199] Attempt to get parsing info during refresh. "On-the-fly" syntax checking information may be incorrect. [C:\Users\Prasit\Documents\hsec_proj_all\itoh_inv_final\project_1\project_1.srcs\sources_1\new\gf283_mul_pipe.v:]
WARNING: [filemgmt 56-199] Attempt to get parsing info during refresh. "On-the-fly" syntax checking information may be incorrect. [C:\Users\Prasit\Documents\hsec_proj_all\itoh_inv_final\project_1\project_1.srcs\sources_1\new\gf283_square.v:]
WARNING: [filemgmt 56-199] Attempt to get parsing info during refresh. "On-the-fly" syntax checking information may be incorrect. [C:\Users\Prasit\Documents\hsec_proj_all\itoh_inv_final\project_1\project_1.srcs\sources_1\new\gf283_sqr_pow2k.v:]
WARNING: [filemgmt 56-199] Attempt to get parsing info during refresh. "On-the-fly" syntax checking information may be incorrect. [C:\Users\Prasit\Documents\hsec_proj_all\itoh_inv_final\project_1\project_1.srcs\sources_1\new\gf283_itoh_tsujii.v:]
WARNING: [filemgmt 56-199] Attempt to get parsing info during refresh. "On-the-fly" syntax checking information may be incorrect. [C:\Users\Prasit\Documents\hsec_proj_all\itoh_inv_final\project_1\project_1.srcs\sources_1\new\gf283_reduce.v:]
WARNING: [filemgmt 56-199] Attempt to get parsing info during refresh. "On-the-fly" syntax checking information may be incorrect. [C:\Users\Prasit\Documents\hsec_proj_all\itoh_inv_final\project_1\project_1.srcs\sources_1\new\gf283_mul_pipe.v:]
WARNING: [filemgmt 56-199] Attempt to get parsing info during refresh. "On-the-fly" syntax checking information may be incorrect. [C:\Users\Prasit\Documents\hsec_proj_all\itoh_inv_final\project_1\project_1.srcs\sources_1\new\gf283_square.v:]
WARNING: [filemgmt 56-199] Attempt to get parsing info during refresh. "On-the-fly" syntax checking information may be incorrect. [C:\Users\Prasit\Documents\hsec_proj_all\itoh_inv_final\project_1\project_1.srcs\sources_1\new\gf283_sqr_pow2k.v:]
WARNING: [filemgmt 56-199] Attempt to get parsing info during refresh. "On-the-fly" syntax checking information may be incorrect. [C:\Users\Prasit\Documents\hsec_proj_all\itoh_inv_final\project_1\project_1.srcs\sources_1\new\gf283_itoh_tsujii.v:]
WARNING: [filemgmt 56-199] Attempt to get parsing info during refresh. "On-the-fly" syntax checking information may be incorrect. [C:\Users\Prasit\Documents\hsec_proj_all\itoh_inv_final\project_1\project_1.srcs\sources_1\new\gf283_reduce.v:]
WARNING: [filemgmt 56-199] Attempt to get parsing info during refresh. "On-the-fly" syntax checking information may be incorrect. [C:\Users\Prasit\Documents\hsec_proj_all\itoh_inv_final\project_1\project_1.srcs\sources_1\new\gf283_mul_pipe.v:]
WARNING: [filemgmt 56-199] Attempt to get parsing info during refresh. "On-the-fly" syntax checking information may be incorrect. [C:\Users\Prasit\Documents\hsec_proj_all\itoh_inv_final\project_1\project_1.srcs\sources_1\new\gf283_square.v:]
WARNING: [filemgmt 56-199] Attempt to get parsing info during refresh. "On-the-fly" syntax checking information may be incorrect. [C:\Users\Prasit\Documents\hsec_proj_all\itoh_inv_final\project_1\project_1.srcs\sources_1\new\gf283_sqr_pow2k.v:]
WARNING: [filemgmt 56-199] Attempt to get parsing info during refresh. "On-the-fly" syntax checking information may be incorrect. [C:\Users\Prasit\Documents\hsec_proj_all\itoh_inv_final\project_1\project_1.srcs\sources_1\new\gf283_itoh_tsujii.v:]
WARNING: [filemgmt 56-199] Attempt to get parsing info during refresh. "On-the-fly" syntax checking information may be incorrect. [C:\Users\Prasit\Documents\hsec_proj_all\itoh_inv_final\project_1\project_1.srcs\sources_1\new\gf283_reduce.v:]
WARNING: [filemgmt 56-199] Attempt to get parsing info during refresh. "On-the-fly" syntax checking information may be incorrect. [C:\Users\Prasit\Documents\hsec_proj_all\itoh_inv_final\project_1\project_1.srcs\sources_1\new\gf283_mul_pipe.v:]
WARNING: [filemgmt 56-199] Attempt to get parsing info during refresh. "On-the-fly" syntax checking information may be incorrect. [C:\Users\Prasit\Documents\hsec_proj_all\itoh_inv_final\project_1\project_1.srcs\sources_1\new\gf283_square.v:]
WARNING: [filemgmt 56-199] Attempt to get parsing info during refresh. "On-the-fly" syntax checking information may be incorrect. [C:\Users\Prasit\Documents\hsec_proj_all\itoh_inv_final\project_1\project_1.srcs\sources_1\new\gf283_sqr_pow2k.v:]
WARNING: [filemgmt 56-199] Attempt to get parsing info during refresh. "On-the-fly" syntax checking information may be incorrect. [C:\Users\Prasit\Documents\hsec_proj_all\itoh_inv_final\project_1\project_1.srcs\sources_1\new\gf283_itoh_tsujii.v:]
WARNING: [filemgmt 56-199] Attempt to get parsing info during refresh. "On-the-fly" syntax checking information may be incorrect. [C:\Users\Prasit\Documents\hsec_proj_all\itoh_inv_final\project_1\project_1.srcs\sources_1\new\gf283_reduce.v:]
WARNING: [filemgmt 56-199] Attempt to get parsing info during refresh. "On-the-fly" syntax checking information may be incorrect. [C:\Users\Prasit\Documents\hsec_proj_all\itoh_inv_final\project_1\project_1.srcs\sources_1\new\gf283_mul_pipe.v:]
WARNING: [filemgmt 56-199] Attempt to get parsing info during refresh. "On-the-fly" syntax checking information may be incorrect. [C:\Users\Prasit\Documents\hsec_proj_all\itoh_inv_final\project_1\project_1.srcs\sources_1\new\gf283_square.v:]
WARNING: [filemgmt 56-199] Attempt to get parsing info during refresh. "On-the-fly" syntax checking information may be incorrect. [C:\Users\Prasit\Documents\hsec_proj_all\itoh_inv_final\project_1\project_1.srcs\sources_1\new\gf283_sqr_pow2k.v:]
WARNING: [filemgmt 56-199] Attempt to get parsing info during refresh. "On-the-fly" syntax checking information may be incorrect. [C:\Users\Prasit\Documents\hsec_proj_all\itoh_inv_final\project_1\project_1.srcs\sources_1\new\gf283_itoh_tsujii.v:]
WARNING: [filemgmt 56-199] Attempt to get parsing info during refresh. "On-the-fly" syntax checking information may be incorrect. [C:\Users\Prasit\Documents\hsec_proj_all\itoh_inv_final\project_1\project_1.srcs\sources_1\new\gf283_reduce.v:]
WARNING: [filemgmt 56-199] Attempt to get parsing info during refresh. "On-the-fly" syntax checking information may be incorrect. [C:\Users\Prasit\Documents\hsec_proj_all\itoh_inv_final\project_1\project_1.srcs\sources_1\new\gf283_mul_pipe.v:]
WARNING: [filemgmt 56-199] Attempt to get parsing info during refresh. "On-the-fly" syntax checking information may be incorrect. [C:\Users\Prasit\Documents\hsec_proj_all\itoh_inv_final\project_1\project_1.srcs\sources_1\new\gf283_square.v:]
WARNING: [filemgmt 56-199] Attempt to get parsing info during refresh. "On-the-fly" syntax checking information may be incorrect. [C:\Users\Prasit\Documents\hsec_proj_all\itoh_inv_final\project_1\project_1.srcs\sources_1\new\gf283_sqr_pow2k.v:]
WARNING: [filemgmt 56-199] Attempt to get parsing info during refresh. "On-the-fly" syntax checking information may be incorrect. [C:\Users\Prasit\Documents\hsec_proj_all\itoh_inv_final\project_1\project_1.srcs\sources_1\new\gf283_itoh_tsujii.v:]
WARNING: [filemgmt 56-199] Attempt to get parsing info during refresh. "On-the-fly" syntax checking information may be incorrect. [C:\Users\Prasit\Documents\hsec_proj_all\itoh_inv_final\project_1\project_1.srcs\sources_1\new\gf283_reduce.v:]
WARNING: [filemgmt 56-199] Attempt to get parsing info during refresh. "On-the-fly" syntax checking information may be incorrect. [C:\Users\Prasit\Documents\hsec_proj_all\itoh_inv_final\project_1\project_1.srcs\sources_1\new\gf283_mul_pipe.v:]
ERROR: [Common 17-180] Spawn failed: No error
update_compile_order -fileset sources_1
WARNING: [filemgmt 56-199] Attempt to get parsing info during refresh. "On-the-fly" syntax checking information may be incorrect. [C:\Users\Prasit\Documents\hsec_proj_all\itoh_inv_final\project_1\project_1.srcs\sources_1\new\gf283_square.v:]
WARNING: [filemgmt 56-199] Attempt to get parsing info during refresh. "On-the-fly" syntax checking information may be incorrect. [C:\Users\Prasit\Documents\hsec_proj_all\itoh_inv_final\project_1\project_1.srcs\sources_1\new\gf283_sqr_pow2k.v:]
WARNING: [filemgmt 56-199] Attempt to get parsing info during refresh. "On-the-fly" syntax checking information may be incorrect. [C:\Users\Prasit\Documents\hsec_proj_all\itoh_inv_final\project_1\project_1.srcs\sources_1\new\gf283_itoh_tsujii.v:]
WARNING: [filemgmt 56-199] Attempt to get parsing info during refresh. "On-the-fly" syntax checking information may be incorrect. [C:\Users\Prasit\Documents\hsec_proj_all\itoh_inv_final\project_1\project_1.srcs\sources_1\new\gf283_reduce.v:]
WARNING: [filemgmt 56-199] Attempt to get parsing info during refresh. "On-the-fly" syntax checking information may be incorrect. [C:\Users\Prasit\Documents\hsec_proj_all\itoh_inv_final\project_1\project_1.srcs\sources_1\new\gf283_mul_pipe.v:]
WARNING: [filemgmt 56-199] Attempt to get parsing info during refresh. "On-the-fly" syntax checking information may be incorrect. [C:\Users\Prasit\Documents\hsec_proj_all\itoh_inv_final\project_1\project_1.srcs\sources_1\new\gf283_square.v:]
WARNING: [filemgmt 56-199] Attempt to get parsing info during refresh. "On-the-fly" syntax checking information may be incorrect. [C:\Users\Prasit\Documents\hsec_proj_all\itoh_inv_final\project_1\project_1.srcs\sources_1\new\gf283_sqr_pow2k.v:]
WARNING: [filemgmt 56-199] Attempt to get parsing info during refresh. "On-the-fly" syntax checking information may be incorrect. [C:\Users\Prasit\Documents\hsec_proj_all\itoh_inv_final\project_1\project_1.srcs\sources_1\new\gf283_itoh_tsujii.v:]
WARNING: [filemgmt 56-199] Attempt to get parsing info during refresh. "On-the-fly" syntax checking information may be incorrect. [C:\Users\Prasit\Documents\hsec_proj_all\itoh_inv_final\project_1\project_1.srcs\sources_1\new\gf283_reduce.v:]
WARNING: [filemgmt 56-199] Attempt to get parsing info during refresh. "On-the-fly" syntax checking information may be incorrect. [C:\Users\Prasit\Documents\hsec_proj_all\itoh_inv_final\project_1\project_1.srcs\sources_1\new\gf283_mul_pipe.v:]
WARNING: [filemgmt 56-199] Attempt to get parsing info during refresh. "On-the-fly" syntax checking information may be incorrect. [C:\Users\Prasit\Documents\hsec_proj_all\itoh_inv_final\project_1\project_1.srcs\sources_1\new\gf283_square.v:]
WARNING: [filemgmt 56-199] Attempt to get parsing info during refresh. "On-the-fly" syntax checking information may be incorrect. [C:\Users\Prasit\Documents\hsec_proj_all\itoh_inv_final\project_1\project_1.srcs\sources_1\new\gf283_sqr_pow2k.v:]
WARNING: [filemgmt 56-199] Attempt to get parsing info during refresh. "On-the-fly" syntax checking information may be incorrect. [C:\Users\Prasit\Documents\hsec_proj_all\itoh_inv_final\project_1\project_1.srcs\sources_1\new\gf283_itoh_tsujii.v:]
WARNING: [filemgmt 56-199] Attempt to get parsing info during refresh. "On-the-fly" syntax checking information may be incorrect. [C:\Users\Prasit\Documents\hsec_proj_all\itoh_inv_final\project_1\project_1.srcs\sources_1\new\gf283_reduce.v:]
WARNING: [filemgmt 56-199] Attempt to get parsing info during refresh. "On-the-fly" syntax checking information may be incorrect. [C:\Users\Prasit\Documents\hsec_proj_all\itoh_inv_final\project_1\project_1.srcs\sources_1\new\gf283_mul_pipe.v:]
WARNING: [filemgmt 56-199] Attempt to get parsing info during refresh. "On-the-fly" syntax checking information may be incorrect. [C:\Users\Prasit\Documents\hsec_proj_all\itoh_inv_final\project_1\project_1.srcs\sources_1\new\gf283_square.v:]
WARNING: [filemgmt 56-199] Attempt to get parsing info during refresh. "On-the-fly" syntax checking information may be incorrect. [C:\Users\Prasit\Documents\hsec_proj_all\itoh_inv_final\project_1\project_1.srcs\sources_1\new\gf283_sqr_pow2k.v:]
WARNING: [filemgmt 56-199] Attempt to get parsing info during refresh. "On-the-fly" syntax checking information may be incorrect. [C:\Users\Prasit\Documents\hsec_proj_all\itoh_inv_final\project_1\project_1.srcs\sources_1\new\gf283_itoh_tsujii.v:]
WARNING: [filemgmt 56-199] Attempt to get parsing info during refresh. "On-the-fly" syntax checking information may be incorrect. [C:\Users\Prasit\Documents\hsec_proj_all\itoh_inv_final\project_1\project_1.srcs\sources_1\new\gf283_reduce.v:]
WARNING: [filemgmt 56-199] Attempt to get parsing info during refresh. "On-the-fly" syntax checking information may be incorrect. [C:\Users\Prasit\Documents\hsec_proj_all\itoh_inv_final\project_1\project_1.srcs\sources_1\new\gf283_mul_pipe.v:]
ERROR: [Common 17-180] Spawn failed: No error
close [ open C:/Users/Prasit/Documents/hsec_proj_all/itoh_inv_final/project_1/project_1.srcs/sources_1/new/gf283_top.v w ]
add_files C:/Users/Prasit/Documents/hsec_proj_all/itoh_inv_final/project_1/project_1.srcs/sources_1/new/gf283_top.v
WARNING: [filemgmt 56-199] Attempt to get parsing info during refresh. "On-the-fly" syntax checking information may be incorrect. [C:\Users\Prasit\Documents\hsec_proj_all\itoh_inv_final\project_1\project_1.srcs\sources_1\new\gf283_square.v:]
WARNING: [filemgmt 56-199] Attempt to get parsing info during refresh. "On-the-fly" syntax checking information may be incorrect. [C:\Users\Prasit\Documents\hsec_proj_all\itoh_inv_final\project_1\project_1.srcs\sources_1\new\gf283_sqr_pow2k.v:]
WARNING: [filemgmt 56-199] Attempt to get parsing info during refresh. "On-the-fly" syntax checking information may be incorrect. [C:\Users\Prasit\Documents\hsec_proj_all\itoh_inv_final\project_1\project_1.srcs\sources_1\new\gf283_itoh_tsujii.v:]
WARNING: [filemgmt 56-199] Attempt to get parsing info during refresh. "On-the-fly" syntax checking information may be incorrect. [C:\Users\Prasit\Documents\hsec_proj_all\itoh_inv_final\project_1\project_1.srcs\sources_1\new\gf283_reduce.v:]
WARNING: [filemgmt 56-199] Attempt to get parsing info during refresh. "On-the-fly" syntax checking information may be incorrect. [C:\Users\Prasit\Documents\hsec_proj_all\itoh_inv_final\project_1\project_1.srcs\sources_1\new\gf283_mul_pipe.v:]
WARNING: [filemgmt 56-199] Attempt to get parsing info during refresh. "On-the-fly" syntax checking information may be incorrect. [C:\Users\Prasit\Documents\hsec_proj_all\itoh_inv_final\project_1\project_1.srcs\sources_1\new\gf283_square.v:]
WARNING: [filemgmt 56-199] Attempt to get parsing info during refresh. "On-the-fly" syntax checking information may be incorrect. [C:\Users\Prasit\Documents\hsec_proj_all\itoh_inv_final\project_1\project_1.srcs\sources_1\new\gf283_sqr_pow2k.v:]
WARNING: [filemgmt 56-199] Attempt to get parsing info during refresh. "On-the-fly" syntax checking information may be incorrect. [C:\Users\Prasit\Documents\hsec_proj_all\itoh_inv_final\project_1\project_1.srcs\sources_1\new\gf283_itoh_tsujii.v:]
WARNING: [filemgmt 56-199] Attempt to get parsing info during refresh. "On-the-fly" syntax checking information may be incorrect. [C:\Users\Prasit\Documents\hsec_proj_all\itoh_inv_final\project_1\project_1.srcs\sources_1\new\gf283_reduce.v:]
WARNING: [filemgmt 56-199] Attempt to get parsing info during refresh. "On-the-fly" syntax checking information may be incorrect. [C:\Users\Prasit\Documents\hsec_proj_all\itoh_inv_final\project_1\project_1.srcs\sources_1\new\gf283_mul_pipe.v:]
WARNING: [filemgmt 56-199] Attempt to get parsing info during refresh. "On-the-fly" syntax checking information may be incorrect. [C:\Users\Prasit\Documents\hsec_proj_all\itoh_inv_final\project_1\project_1.srcs\sources_1\new\gf283_square.v:]
WARNING: [filemgmt 56-199] Attempt to get parsing info during refresh. "On-the-fly" syntax checking information may be incorrect. [C:\Users\Prasit\Documents\hsec_proj_all\itoh_inv_final\project_1\project_1.srcs\sources_1\new\gf283_sqr_pow2k.v:]
WARNING: [filemgmt 56-199] Attempt to get parsing info during refresh. "On-the-fly" syntax checking information may be incorrect. [C:\Users\Prasit\Documents\hsec_proj_all\itoh_inv_final\project_1\project_1.srcs\sources_1\new\gf283_itoh_tsujii.v:]
WARNING: [filemgmt 56-199] Attempt to get parsing info during refresh. "On-the-fly" syntax checking information may be incorrect. [C:\Users\Prasit\Documents\hsec_proj_all\itoh_inv_final\project_1\project_1.srcs\sources_1\new\gf283_reduce.v:]
WARNING: [filemgmt 56-199] Attempt to get parsing info during refresh. "On-the-fly" syntax checking information may be incorrect. [C:\Users\Prasit\Documents\hsec_proj_all\itoh_inv_final\project_1\project_1.srcs\sources_1\new\gf283_mul_pipe.v:]
ERROR: [Common 17-180] Spawn failed: No error
WARNING: [filemgmt 56-199] Attempt to get parsing info during refresh. "On-the-fly" syntax checking information may be incorrect. [C:\Users\Prasit\Documents\hsec_proj_all\itoh_inv_final\project_1\project_1.srcs\sources_1\new\gf283_square.v:]
WARNING: [filemgmt 56-199] Attempt to get parsing info during refresh. "On-the-fly" syntax checking information may be incorrect. [C:\Users\Prasit\Documents\hsec_proj_all\itoh_inv_final\project_1\project_1.srcs\sources_1\new\gf283_sqr_pow2k.v:]
WARNING: [filemgmt 56-199] Attempt to get parsing info during refresh. "On-the-fly" syntax checking information may be incorrect. [C:\Users\Prasit\Documents\hsec_proj_all\itoh_inv_final\project_1\project_1.srcs\sources_1\new\gf283_itoh_tsujii.v:]
WARNING: [filemgmt 56-199] Attempt to get parsing info during refresh. "On-the-fly" syntax checking information may be incorrect. [C:\Users\Prasit\Documents\hsec_proj_all\itoh_inv_final\project_1\project_1.srcs\sources_1\new\gf283_reduce.v:]
WARNING: [filemgmt 56-199] Attempt to get parsing info during refresh. "On-the-fly" syntax checking information may be incorrect. [C:\Users\Prasit\Documents\hsec_proj_all\itoh_inv_final\project_1\project_1.srcs\sources_1\new\gf283_mul_pipe.v:]
ERROR: [Common 17-180] Spawn failed: No error
WARNING: [filemgmt 56-199] Attempt to get parsing info during refresh. "On-the-fly" syntax checking information may be incorrect. [C:\Users\Prasit\Documents\hsec_proj_all\itoh_inv_final\project_1\project_1.srcs\sources_1\new\gf283_square.v:]
WARNING: [filemgmt 56-199] Attempt to get parsing info during refresh. "On-the-fly" syntax checking information may be incorrect. [C:\Users\Prasit\Documents\hsec_proj_all\itoh_inv_final\project_1\project_1.srcs\sources_1\new\gf283_sqr_pow2k.v:]
WARNING: [filemgmt 56-199] Attempt to get parsing info during refresh. "On-the-fly" syntax checking information may be incorrect. [C:\Users\Prasit\Documents\hsec_proj_all\itoh_inv_final\project_1\project_1.srcs\sources_1\new\gf283_itoh_tsujii.v:]
WARNING: [filemgmt 56-199] Attempt to get parsing info during refresh. "On-the-fly" syntax checking information may be incorrect. [C:\Users\Prasit\Documents\hsec_proj_all\itoh_inv_final\project_1\project_1.srcs\sources_1\new\gf283_reduce.v:]
WARNING: [filemgmt 56-199] Attempt to get parsing info during refresh. "On-the-fly" syntax checking information may be incorrect. [C:\Users\Prasit\Documents\hsec_proj_all\itoh_inv_final\project_1\project_1.srcs\sources_1\new\gf283_mul_pipe.v:]
WARNING: [filemgmt 56-199] Attempt to get parsing info during refresh. "On-the-fly" syntax checking information may be incorrect. [C:\Users\Prasit\Documents\hsec_proj_all\itoh_inv_final\project_1\project_1.srcs\sources_1\new\gf283_square.v:]
WARNING: [filemgmt 56-199] Attempt to get parsing info during refresh. "On-the-fly" syntax checking information may be incorrect. [C:\Users\Prasit\Documents\hsec_proj_all\itoh_inv_final\project_1\project_1.srcs\sources_1\new\gf283_sqr_pow2k.v:]
WARNING: [filemgmt 56-199] Attempt to get parsing info during refresh. "On-the-fly" syntax checking information may be incorrect. [C:\Users\Prasit\Documents\hsec_proj_all\itoh_inv_final\project_1\project_1.srcs\sources_1\new\gf283_itoh_tsujii.v:]
WARNING: [filemgmt 56-199] Attempt to get parsing info during refresh. "On-the-fly" syntax checking information may be incorrect. [C:\Users\Prasit\Documents\hsec_proj_all\itoh_inv_final\project_1\project_1.srcs\sources_1\new\gf283_reduce.v:]
WARNING: [filemgmt 56-199] Attempt to get parsing info during refresh. "On-the-fly" syntax checking information may be incorrect. [C:\Users\Prasit\Documents\hsec_proj_all\itoh_inv_final\project_1\project_1.srcs\sources_1\new\gf283_mul_pipe.v:]
WARNING: [filemgmt 56-199] Attempt to get parsing info during refresh. "On-the-fly" syntax checking information may be incorrect. [C:\Users\Prasit\Documents\hsec_proj_all\itoh_inv_final\project_1\project_1.srcs\sources_1\new\gf283_square.v:]
WARNING: [filemgmt 56-199] Attempt to get parsing info during refresh. "On-the-fly" syntax checking information may be incorrect. [C:\Users\Prasit\Documents\hsec_proj_all\itoh_inv_final\project_1\project_1.srcs\sources_1\new\gf283_sqr_pow2k.v:]
WARNING: [filemgmt 56-199] Attempt to get parsing info during refresh. "On-the-fly" syntax checking information may be incorrect. [C:\Users\Prasit\Documents\hsec_proj_all\itoh_inv_final\project_1\project_1.srcs\sources_1\new\gf283_itoh_tsujii.v:]
WARNING: [filemgmt 56-199] Attempt to get parsing info during refresh. "On-the-fly" syntax checking information may be incorrect. [C:\Users\Prasit\Documents\hsec_proj_all\itoh_inv_final\project_1\project_1.srcs\sources_1\new\gf283_reduce.v:]
WARNING: [filemgmt 56-199] Attempt to get parsing info during refresh. "On-the-fly" syntax checking information may be incorrect. [C:\Users\Prasit\Documents\hsec_proj_all\itoh_inv_final\project_1\project_1.srcs\sources_1\new\gf283_mul_pipe.v:]
WARNING: [filemgmt 56-199] Attempt to get parsing info during refresh. "On-the-fly" syntax checking information may be incorrect. [C:\Users\Prasit\Documents\hsec_proj_all\itoh_inv_final\project_1\project_1.srcs\sources_1\new\gf283_square.v:]
WARNING: [filemgmt 56-199] Attempt to get parsing info during refresh. "On-the-fly" syntax checking information may be incorrect. [C:\Users\Prasit\Documents\hsec_proj_all\itoh_inv_final\project_1\project_1.srcs\sources_1\new\gf283_sqr_pow2k.v:]
WARNING: [filemgmt 56-199] Attempt to get parsing info during refresh. "On-the-fly" syntax checking information may be incorrect. [C:\Users\Prasit\Documents\hsec_proj_all\itoh_inv_final\project_1\project_1.srcs\sources_1\new\gf283_itoh_tsujii.v:]
WARNING: [filemgmt 56-199] Attempt to get parsing info during refresh. "On-the-fly" syntax checking information may be incorrect. [C:\Users\Prasit\Documents\hsec_proj_all\itoh_inv_final\project_1\project_1.srcs\sources_1\new\gf283_reduce.v:]
WARNING: [filemgmt 56-199] Attempt to get parsing info during refresh. "On-the-fly" syntax checking information may be incorrect. [C:\Users\Prasit\Documents\hsec_proj_all\itoh_inv_final\project_1\project_1.srcs\sources_1\new\gf283_mul_pipe.v:]
ERROR: [Common 17-180] Spawn failed: No error
update_compile_order -fileset sources_1
WARNING: [filemgmt 56-199] Attempt to get parsing info during refresh. "On-the-fly" syntax checking information may be incorrect. [C:\Users\Prasit\Documents\hsec_proj_all\itoh_inv_final\project_1\project_1.srcs\sources_1\new\gf283_square.v:]
WARNING: [filemgmt 56-199] Attempt to get parsing info during refresh. "On-the-fly" syntax checking information may be incorrect. [C:\Users\Prasit\Documents\hsec_proj_all\itoh_inv_final\project_1\project_1.srcs\sources_1\new\gf283_sqr_pow2k.v:]
WARNING: [filemgmt 56-199] Attempt to get parsing info during refresh. "On-the-fly" syntax checking information may be incorrect. [C:\Users\Prasit\Documents\hsec_proj_all\itoh_inv_final\project_1\project_1.srcs\sources_1\new\gf283_itoh_tsujii.v:]
WARNING: [filemgmt 56-199] Attempt to get parsing info during refresh. "On-the-fly" syntax checking information may be incorrect. [C:\Users\Prasit\Documents\hsec_proj_all\itoh_inv_final\project_1\project_1.srcs\sources_1\new\gf283_reduce.v:]
WARNING: [filemgmt 56-199] Attempt to get parsing info during refresh. "On-the-fly" syntax checking information may be incorrect. [C:\Users\Prasit\Documents\hsec_proj_all\itoh_inv_final\project_1\project_1.srcs\sources_1\new\gf283_mul_pipe.v:]
WARNING: [filemgmt 56-199] Attempt to get parsing info during refresh. "On-the-fly" syntax checking information may be incorrect. [C:\Users\Prasit\Documents\hsec_proj_all\itoh_inv_final\project_1\project_1.srcs\sources_1\new\gf283_square.v:]
WARNING: [filemgmt 56-199] Attempt to get parsing info during refresh. "On-the-fly" syntax checking information may be incorrect. [C:\Users\Prasit\Documents\hsec_proj_all\itoh_inv_final\project_1\project_1.srcs\sources_1\new\gf283_sqr_pow2k.v:]
WARNING: [filemgmt 56-199] Attempt to get parsing info during refresh. "On-the-fly" syntax checking information may be incorrect. [C:\Users\Prasit\Documents\hsec_proj_all\itoh_inv_final\project_1\project_1.srcs\sources_1\new\gf283_itoh_tsujii.v:]
WARNING: [filemgmt 56-199] Attempt to get parsing info during refresh. "On-the-fly" syntax checking information may be incorrect. [C:\Users\Prasit\Documents\hsec_proj_all\itoh_inv_final\project_1\project_1.srcs\sources_1\new\gf283_reduce.v:]
WARNING: [filemgmt 56-199] Attempt to get parsing info during refresh. "On-the-fly" syntax checking information may be incorrect. [C:\Users\Prasit\Documents\hsec_proj_all\itoh_inv_final\project_1\project_1.srcs\sources_1\new\gf283_mul_pipe.v:]
WARNING: [filemgmt 56-199] Attempt to get parsing info during refresh. "On-the-fly" syntax checking information may be incorrect. [C:\Users\Prasit\Documents\hsec_proj_all\itoh_inv_final\project_1\project_1.srcs\sources_1\new\gf283_square.v:]
WARNING: [filemgmt 56-199] Attempt to get parsing info during refresh. "On-the-fly" syntax checking information may be incorrect. [C:\Users\Prasit\Documents\hsec_proj_all\itoh_inv_final\project_1\project_1.srcs\sources_1\new\gf283_top.v:]
WARNING: [filemgmt 56-199] Attempt to get parsing info during refresh. "On-the-fly" syntax checking information may be incorrect. [C:\Users\Prasit\Documents\hsec_proj_all\itoh_inv_final\project_1\project_1.srcs\sources_1\new\gf283_sqr_pow2k.v:]
WARNING: [filemgmt 56-199] Attempt to get parsing info during refresh. "On-the-fly" syntax checking information may be incorrect. [C:\Users\Prasit\Documents\hsec_proj_all\itoh_inv_final\project_1\project_1.srcs\sources_1\new\gf283_itoh_tsujii.v:]
WARNING: [filemgmt 56-199] Attempt to get parsing info during refresh. "On-the-fly" syntax checking information may be incorrect. [C:\Users\Prasit\Documents\hsec_proj_all\itoh_inv_final\project_1\project_1.srcs\sources_1\new\gf283_reduce.v:]
WARNING: [filemgmt 56-199] Attempt to get parsing info during refresh. "On-the-fly" syntax checking information may be incorrect. [C:\Users\Prasit\Documents\hsec_proj_all\itoh_inv_final\project_1\project_1.srcs\sources_1\new\gf283_mul_pipe.v:]
WARNING: [filemgmt 56-199] Attempt to get parsing info during refresh. "On-the-fly" syntax checking information may be incorrect. [C:\Users\Prasit\Documents\hsec_proj_all\itoh_inv_final\project_1\project_1.srcs\sources_1\new\gf283_square.v:]
WARNING: [filemgmt 56-199] Attempt to get parsing info during refresh. "On-the-fly" syntax checking information may be incorrect. [C:\Users\Prasit\Documents\hsec_proj_all\itoh_inv_final\project_1\project_1.srcs\sources_1\new\gf283_top.v:]
WARNING: [filemgmt 56-199] Attempt to get parsing info during refresh. "On-the-fly" syntax checking information may be incorrect. [C:\Users\Prasit\Documents\hsec_proj_all\itoh_inv_final\project_1\project_1.srcs\sources_1\new\gf283_sqr_pow2k.v:]
WARNING: [filemgmt 56-199] Attempt to get parsing info during refresh. "On-the-fly" syntax checking information may be incorrect. [C:\Users\Prasit\Documents\hsec_proj_all\itoh_inv_final\project_1\project_1.srcs\sources_1\new\gf283_itoh_tsujii.v:]
WARNING: [filemgmt 56-199] Attempt to get parsing info during refresh. "On-the-fly" syntax checking information may be incorrect. [C:\Users\Prasit\Documents\hsec_proj_all\itoh_inv_final\project_1\project_1.srcs\sources_1\new\gf283_reduce.v:]
WARNING: [filemgmt 56-199] Attempt to get parsing info during refresh. "On-the-fly" syntax checking information may be incorrect. [C:\Users\Prasit\Documents\hsec_proj_all\itoh_inv_final\project_1\project_1.srcs\sources_1\new\gf283_mul_pipe.v:]
ERROR: [Common 17-180] Spawn failed: No error
WARNING: [filemgmt 56-199] Attempt to get parsing info during refresh. "On-the-fly" syntax checking information may be incorrect. [C:\Users\Prasit\Documents\hsec_proj_all\itoh_inv_final\project_1\project_1.srcs\sources_1\new\gf283_square.v:]
WARNING: [filemgmt 56-199] Attempt to get parsing info during refresh. "On-the-fly" syntax checking information may be incorrect. [C:\Users\Prasit\Documents\hsec_proj_all\itoh_inv_final\project_1\project_1.srcs\sources_1\new\gf283_top.v:]
WARNING: [filemgmt 56-199] Attempt to get parsing info during refresh. "On-the-fly" syntax checking information may be incorrect. [C:\Users\Prasit\Documents\hsec_proj_all\itoh_inv_final\project_1\project_1.srcs\sources_1\new\gf283_sqr_pow2k.v:]
WARNING: [filemgmt 56-199] Attempt to get parsing info during refresh. "On-the-fly" syntax checking information may be incorrect. [C:\Users\Prasit\Documents\hsec_proj_all\itoh_inv_final\project_1\project_1.srcs\sources_1\new\gf283_itoh_tsujii.v:]
WARNING: [filemgmt 56-199] Attempt to get parsing info during refresh. "On-the-fly" syntax checking information may be incorrect. [C:\Users\Prasit\Documents\hsec_proj_all\itoh_inv_final\project_1\project_1.srcs\sources_1\new\gf283_reduce.v:]
WARNING: [filemgmt 56-199] Attempt to get parsing info during refresh. "On-the-fly" syntax checking information may be incorrect. [C:\Users\Prasit\Documents\hsec_proj_all\itoh_inv_final\project_1\project_1.srcs\sources_1\new\gf283_mul_pipe.v:]
WARNING: [filemgmt 56-199] Attempt to get parsing info during refresh. "On-the-fly" syntax checking information may be incorrect. [C:\Users\Prasit\Documents\hsec_proj_all\itoh_inv_final\project_1\project_1.srcs\sources_1\new\gf283_square.v:]
WARNING: [filemgmt 56-199] Attempt to get parsing info during refresh. "On-the-fly" syntax checking information may be incorrect. [C:\Users\Prasit\Documents\hsec_proj_all\itoh_inv_final\project_1\project_1.srcs\sources_1\new\gf283_top.v:]
WARNING: [filemgmt 56-199] Attempt to get parsing info during refresh. "On-the-fly" syntax checking information may be incorrect. [C:\Users\Prasit\Documents\hsec_proj_all\itoh_inv_final\project_1\project_1.srcs\sources_1\new\gf283_sqr_pow2k.v:]
WARNING: [filemgmt 56-199] Attempt to get parsing info during refresh. "On-the-fly" syntax checking information may be incorrect. [C:\Users\Prasit\Documents\hsec_proj_all\itoh_inv_final\project_1\project_1.srcs\sources_1\new\gf283_itoh_tsujii.v:]
WARNING: [filemgmt 56-199] Attempt to get parsing info during refresh. "On-the-fly" syntax checking information may be incorrect. [C:\Users\Prasit\Documents\hsec_proj_all\itoh_inv_final\project_1\project_1.srcs\sources_1\new\gf283_reduce.v:]
WARNING: [filemgmt 56-199] Attempt to get parsing info during refresh. "On-the-fly" syntax checking information may be incorrect. [C:\Users\Prasit\Documents\hsec_proj_all\itoh_inv_final\project_1\project_1.srcs\sources_1\new\gf283_mul_pipe.v:]
WARNING: [filemgmt 56-199] Attempt to get parsing info during refresh. "On-the-fly" syntax checking information may be incorrect. [C:\Users\Prasit\Documents\hsec_proj_all\itoh_inv_final\project_1\project_1.srcs\sources_1\new\gf283_square.v:]
WARNING: [filemgmt 56-199] Attempt to get parsing info during refresh. "On-the-fly" syntax checking information may be incorrect. [C:\Users\Prasit\Documents\hsec_proj_all\itoh_inv_final\project_1\project_1.srcs\sources_1\new\gf283_top.v:]
WARNING: [filemgmt 56-199] Attempt to get parsing info during refresh. "On-the-fly" syntax checking information may be incorrect. [C:\Users\Prasit\Documents\hsec_proj_all\itoh_inv_final\project_1\project_1.srcs\sources_1\new\gf283_sqr_pow2k.v:]
WARNING: [filemgmt 56-199] Attempt to get parsing info during refresh. "On-the-fly" syntax checking information may be incorrect. [C:\Users\Prasit\Documents\hsec_proj_all\itoh_inv_final\project_1\project_1.srcs\sources_1\new\gf283_itoh_tsujii.v:]
WARNING: [filemgmt 56-199] Attempt to get parsing info during refresh. "On-the-fly" syntax checking information may be incorrect. [C:\Users\Prasit\Documents\hsec_proj_all\itoh_inv_final\project_1\project_1.srcs\sources_1\new\gf283_reduce.v:]
WARNING: [filemgmt 56-199] Attempt to get parsing info during refresh. "On-the-fly" syntax checking information may be incorrect. [C:\Users\Prasit\Documents\hsec_proj_all\itoh_inv_final\project_1\project_1.srcs\sources_1\new\gf283_mul_pipe.v:]
WARNING: [filemgmt 56-199] Attempt to get parsing info during refresh. "On-the-fly" syntax checking information may be incorrect. [C:\Users\Prasit\Documents\hsec_proj_all\itoh_inv_final\project_1\project_1.srcs\sources_1\new\gf283_square.v:]
WARNING: [filemgmt 56-199] Attempt to get parsing info during refresh. "On-the-fly" syntax checking information may be incorrect. [C:\Users\Prasit\Documents\hsec_proj_all\itoh_inv_final\project_1\project_1.srcs\sources_1\new\gf283_top.v:]
WARNING: [filemgmt 56-199] Attempt to get parsing info during refresh. "On-the-fly" syntax checking information may be incorrect. [C:\Users\Prasit\Documents\hsec_proj_all\itoh_inv_final\project_1\project_1.srcs\sources_1\new\gf283_sqr_pow2k.v:]
WARNING: [filemgmt 56-199] Attempt to get parsing info during refresh. "On-the-fly" syntax checking information may be incorrect. [C:\Users\Prasit\Documents\hsec_proj_all\itoh_inv_final\project_1\project_1.srcs\sources_1\new\gf283_itoh_tsujii.v:]
WARNING: [filemgmt 56-199] Attempt to get parsing info during refresh. "On-the-fly" syntax checking information may be incorrect. [C:\Users\Prasit\Documents\hsec_proj_all\itoh_inv_final\project_1\project_1.srcs\sources_1\new\gf283_reduce.v:]
WARNING: [filemgmt 56-199] Attempt to get parsing info during refresh. "On-the-fly" syntax checking information may be incorrect. [C:\Users\Prasit\Documents\hsec_proj_all\itoh_inv_final\project_1\project_1.srcs\sources_1\new\gf283_mul_pipe.v:]
WARNING: [filemgmt 56-199] Attempt to get parsing info during refresh. "On-the-fly" syntax checking information may be incorrect. [C:\Users\Prasit\Documents\hsec_proj_all\itoh_inv_final\project_1\project_1.srcs\sources_1\new\gf283_square.v:]
WARNING: [filemgmt 56-199] Attempt to get parsing info during refresh. "On-the-fly" syntax checking information may be incorrect. [C:\Users\Prasit\Documents\hsec_proj_all\itoh_inv_final\project_1\project_1.srcs\sources_1\new\gf283_top.v:]
WARNING: [filemgmt 56-199] Attempt to get parsing info during refresh. "On-the-fly" syntax checking information may be incorrect. [C:\Users\Prasit\Documents\hsec_proj_all\itoh_inv_final\project_1\project_1.srcs\sources_1\new\gf283_sqr_pow2k.v:]
WARNING: [filemgmt 56-199] Attempt to get parsing info during refresh. "On-the-fly" syntax checking information may be incorrect. [C:\Users\Prasit\Documents\hsec_proj_all\itoh_inv_final\project_1\project_1.srcs\sources_1\new\gf283_itoh_tsujii.v:]
WARNING: [filemgmt 56-199] Attempt to get parsing info during refresh. "On-the-fly" syntax checking information may be incorrect. [C:\Users\Prasit\Documents\hsec_proj_all\itoh_inv_final\project_1\project_1.srcs\sources_1\new\gf283_reduce.v:]
WARNING: [filemgmt 56-199] Attempt to get parsing info during refresh. "On-the-fly" syntax checking information may be incorrect. [C:\Users\Prasit\Documents\hsec_proj_all\itoh_inv_final\project_1\project_1.srcs\sources_1\new\gf283_mul_pipe.v:]
WARNING: [filemgmt 56-199] Attempt to get parsing info during refresh. "On-the-fly" syntax checking information may be incorrect. [C:\Users\Prasit\Documents\hsec_proj_all\itoh_inv_final\project_1\project_1.srcs\sources_1\new\gf283_square.v:]
WARNING: [filemgmt 56-199] Attempt to get parsing info during refresh. "On-the-fly" syntax checking information may be incorrect. [C:\Users\Prasit\Documents\hsec_proj_all\itoh_inv_final\project_1\project_1.srcs\sources_1\new\gf283_top.v:]
WARNING: [filemgmt 56-199] Attempt to get parsing info during refresh. "On-the-fly" syntax checking information may be incorrect. [C:\Users\Prasit\Documents\hsec_proj_all\itoh_inv_final\project_1\project_1.srcs\sources_1\new\gf283_sqr_pow2k.v:]
WARNING: [filemgmt 56-199] Attempt to get parsing info during refresh. "On-the-fly" syntax checking information may be incorrect. [C:\Users\Prasit\Documents\hsec_proj_all\itoh_inv_final\project_1\project_1.srcs\sources_1\new\gf283_itoh_tsujii.v:]
WARNING: [filemgmt 56-199] Attempt to get parsing info during refresh. "On-the-fly" syntax checking information may be incorrect. [C:\Users\Prasit\Documents\hsec_proj_all\itoh_inv_final\project_1\project_1.srcs\sources_1\new\gf283_reduce.v:]
WARNING: [filemgmt 56-199] Attempt to get parsing info during refresh. "On-the-fly" syntax checking information may be incorrect. [C:\Users\Prasit\Documents\hsec_proj_all\itoh_inv_final\project_1\project_1.srcs\sources_1\new\gf283_mul_pipe.v:]
ERROR: [Common 17-180] Spawn failed: No error
WARNING: [filemgmt 56-199] Attempt to get parsing info during refresh. "On-the-fly" syntax checking information may be incorrect. [C:\Users\Prasit\Documents\hsec_proj_all\itoh_inv_final\project_1\project_1.srcs\sources_1\new\gf283_square.v:]
WARNING: [filemgmt 56-199] Attempt to get parsing info during refresh. "On-the-fly" syntax checking information may be incorrect. [C:\Users\Prasit\Documents\hsec_proj_all\itoh_inv_final\project_1\project_1.srcs\sources_1\new\gf283_top.v:]
WARNING: [filemgmt 56-199] Attempt to get parsing info during refresh. "On-the-fly" syntax checking information may be incorrect. [C:\Users\Prasit\Documents\hsec_proj_all\itoh_inv_final\project_1\project_1.srcs\sources_1\new\gf283_sqr_pow2k.v:]
WARNING: [filemgmt 56-199] Attempt to get parsing info during refresh. "On-the-fly" syntax checking information may be incorrect. [C:\Users\Prasit\Documents\hsec_proj_all\itoh_inv_final\project_1\project_1.srcs\sources_1\new\gf283_itoh_tsujii.v:]
WARNING: [filemgmt 56-199] Attempt to get parsing info during refresh. "On-the-fly" syntax checking information may be incorrect. [C:\Users\Prasit\Documents\hsec_proj_all\itoh_inv_final\project_1\project_1.srcs\sources_1\new\gf283_reduce.v:]
WARNING: [filemgmt 56-199] Attempt to get parsing info during refresh. "On-the-fly" syntax checking information may be incorrect. [C:\Users\Prasit\Documents\hsec_proj_all\itoh_inv_final\project_1\project_1.srcs\sources_1\new\gf283_mul_pipe.v:]
WARNING: [filemgmt 56-199] Attempt to get parsing info during refresh. "On-the-fly" syntax checking information may be incorrect. [C:\Users\Prasit\Documents\hsec_proj_all\itoh_inv_final\project_1\project_1.srcs\sources_1\new\gf283_square.v:]
WARNING: [filemgmt 56-199] Attempt to get parsing info during refresh. "On-the-fly" syntax checking information may be incorrect. [C:\Users\Prasit\Documents\hsec_proj_all\itoh_inv_final\project_1\project_1.srcs\sources_1\new\gf283_top.v:]
WARNING: [filemgmt 56-199] Attempt to get parsing info during refresh. "On-the-fly" syntax checking information may be incorrect. [C:\Users\Prasit\Documents\hsec_proj_all\itoh_inv_final\project_1\project_1.srcs\sources_1\new\gf283_sqr_pow2k.v:]
WARNING: [filemgmt 56-199] Attempt to get parsing info during refresh. "On-the-fly" syntax checking information may be incorrect. [C:\Users\Prasit\Documents\hsec_proj_all\itoh_inv_final\project_1\project_1.srcs\sources_1\new\gf283_itoh_tsujii.v:]
WARNING: [filemgmt 56-199] Attempt to get parsing info during refresh. "On-the-fly" syntax checking information may be incorrect. [C:\Users\Prasit\Documents\hsec_proj_all\itoh_inv_final\project_1\project_1.srcs\sources_1\new\gf283_reduce.v:]
WARNING: [filemgmt 56-199] Attempt to get parsing info during refresh. "On-the-fly" syntax checking information may be incorrect. [C:\Users\Prasit\Documents\hsec_proj_all\itoh_inv_final\project_1\project_1.srcs\sources_1\new\gf283_mul_pipe.v:]
WARNING: [filemgmt 56-199] Attempt to get parsing info during refresh. "On-the-fly" syntax checking information may be incorrect. [C:\Users\Prasit\Documents\hsec_proj_all\itoh_inv_final\project_1\project_1.srcs\sources_1\new\gf283_square.v:]
WARNING: [filemgmt 56-199] Attempt to get parsing info during refresh. "On-the-fly" syntax checking information may be incorrect. [C:\Users\Prasit\Documents\hsec_proj_all\itoh_inv_final\project_1\project_1.srcs\sources_1\new\gf283_top.v:]
WARNING: [filemgmt 56-199] Attempt to get parsing info during refresh. "On-the-fly" syntax checking information may be incorrect. [C:\Users\Prasit\Documents\hsec_proj_all\itoh_inv_final\project_1\project_1.srcs\sources_1\new\gf283_sqr_pow2k.v:]
WARNING: [filemgmt 56-199] Attempt to get parsing info during refresh. "On-the-fly" syntax checking information may be incorrect. [C:\Users\Prasit\Documents\hsec_proj_all\itoh_inv_final\project_1\project_1.srcs\sources_1\new\gf283_itoh_tsujii.v:]
WARNING: [filemgmt 56-199] Attempt to get parsing info during refresh. "On-the-fly" syntax checking information may be incorrect. [C:\Users\Prasit\Documents\hsec_proj_all\itoh_inv_final\project_1\project_1.srcs\sources_1\new\gf283_reduce.v:]
WARNING: [filemgmt 56-199] Attempt to get parsing info during refresh. "On-the-fly" syntax checking information may be incorrect. [C:\Users\Prasit\Documents\hsec_proj_all\itoh_inv_final\project_1\project_1.srcs\sources_1\new\gf283_mul_pipe.v:]
ERROR: [Common 17-180] Spawn failed: No error
WARNING: [filemgmt 56-199] Attempt to get parsing info during refresh. "On-the-fly" syntax checking information may be incorrect. [C:\Users\Prasit\Documents\hsec_proj_all\itoh_inv_final\project_1\project_1.srcs\sources_1\new\gf283_square.v:]
WARNING: [filemgmt 56-199] Attempt to get parsing info during refresh. "On-the-fly" syntax checking information may be incorrect. [C:\Users\Prasit\Documents\hsec_proj_all\itoh_inv_final\project_1\project_1.srcs\sources_1\new\gf283_top.v:]
WARNING: [filemgmt 56-199] Attempt to get parsing info during refresh. "On-the-fly" syntax checking information may be incorrect. [C:\Users\Prasit\Documents\hsec_proj_all\itoh_inv_final\project_1\project_1.srcs\sources_1\new\gf283_sqr_pow2k.v:]
WARNING: [filemgmt 56-199] Attempt to get parsing info during refresh. "On-the-fly" syntax checking information may be incorrect. [C:\Users\Prasit\Documents\hsec_proj_all\itoh_inv_final\project_1\project_1.srcs\sources_1\new\gf283_itoh_tsujii.v:]
WARNING: [filemgmt 56-199] Attempt to get parsing info during refresh. "On-the-fly" syntax checking information may be incorrect. [C:\Users\Prasit\Documents\hsec_proj_all\itoh_inv_final\project_1\project_1.srcs\sources_1\new\gf283_reduce.v:]
WARNING: [filemgmt 56-199] Attempt to get parsing info during refresh. "On-the-fly" syntax checking information may be incorrect. [C:\Users\Prasit\Documents\hsec_proj_all\itoh_inv_final\project_1\project_1.srcs\sources_1\new\gf283_mul_pipe.v:]
ERROR: [Common 17-180] Spawn failed: No error
WARNING: [filemgmt 56-199] Attempt to get parsing info during refresh. "On-the-fly" syntax checking information may be incorrect. [C:\Users\Prasit\Documents\hsec_proj_all\itoh_inv_final\project_1\project_1.srcs\sources_1\new\gf283_square.v:]
WARNING: [filemgmt 56-199] Attempt to get parsing info during refresh. "On-the-fly" syntax checking information may be incorrect. [C:\Users\Prasit\Documents\hsec_proj_all\itoh_inv_final\project_1\project_1.srcs\sources_1\new\gf283_top.v:]
WARNING: [filemgmt 56-199] Attempt to get parsing info during refresh. "On-the-fly" syntax checking information may be incorrect. [C:\Users\Prasit\Documents\hsec_proj_all\itoh_inv_final\project_1\project_1.srcs\sources_1\new\gf283_sqr_pow2k.v:]
WARNING: [filemgmt 56-199] Attempt to get parsing info during refresh. "On-the-fly" syntax checking information may be incorrect. [C:\Users\Prasit\Documents\hsec_proj_all\itoh_inv_final\project_1\project_1.srcs\sources_1\new\gf283_itoh_tsujii.v:]
WARNING: [filemgmt 56-199] Attempt to get parsing info during refresh. "On-the-fly" syntax checking information may be incorrect. [C:\Users\Prasit\Documents\hsec_proj_all\itoh_inv_final\project_1\project_1.srcs\sources_1\new\gf283_reduce.v:]
WARNING: [filemgmt 56-199] Attempt to get parsing info during refresh. "On-the-fly" syntax checking information may be incorrect. [C:\Users\Prasit\Documents\hsec_proj_all\itoh_inv_final\project_1\project_1.srcs\sources_1\new\gf283_mul_pipe.v:]
ERROR: [Common 17-180] Spawn failed: No error
WARNING: [filemgmt 56-199] Attempt to get parsing info during refresh. "On-the-fly" syntax checking information may be incorrect. [C:\Users\Prasit\Documents\hsec_proj_all\itoh_inv_final\project_1\project_1.srcs\sources_1\new\gf283_square.v:]
WARNING: [filemgmt 56-199] Attempt to get parsing info during refresh. "On-the-fly" syntax checking information may be incorrect. [C:\Users\Prasit\Documents\hsec_proj_all\itoh_inv_final\project_1\project_1.srcs\sources_1\new\gf283_top.v:]
WARNING: [filemgmt 56-199] Attempt to get parsing info during refresh. "On-the-fly" syntax checking information may be incorrect. [C:\Users\Prasit\Documents\hsec_proj_all\itoh_inv_final\project_1\project_1.srcs\sources_1\new\gf283_sqr_pow2k.v:]
WARNING: [filemgmt 56-199] Attempt to get parsing info during refresh. "On-the-fly" syntax checking information may be incorrect. [C:\Users\Prasit\Documents\hsec_proj_all\itoh_inv_final\project_1\project_1.srcs\sources_1\new\gf283_itoh_tsujii.v:]
WARNING: [filemgmt 56-199] Attempt to get parsing info during refresh. "On-the-fly" syntax checking information may be incorrect. [C:\Users\Prasit\Documents\hsec_proj_all\itoh_inv_final\project_1\project_1.srcs\sources_1\new\gf283_reduce.v:]
WARNING: [filemgmt 56-199] Attempt to get parsing info during refresh. "On-the-fly" syntax checking information may be incorrect. [C:\Users\Prasit\Documents\hsec_proj_all\itoh_inv_final\project_1\project_1.srcs\sources_1\new\gf283_mul_pipe.v:]
WARNING: [filemgmt 56-199] Attempt to get parsing info during refresh. "On-the-fly" syntax checking information may be incorrect. [C:\Users\Prasit\Documents\hsec_proj_all\itoh_inv_final\project_1\project_1.srcs\sources_1\new\gf283_square.v:]
WARNING: [filemgmt 56-199] Attempt to get parsing info during refresh. "On-the-fly" syntax checking information may be incorrect. [C:\Users\Prasit\Documents\hsec_proj_all\itoh_inv_final\project_1\project_1.srcs\sources_1\new\gf283_top.v:]
WARNING: [filemgmt 56-199] Attempt to get parsing info during refresh. "On-the-fly" syntax checking information may be incorrect. [C:\Users\Prasit\Documents\hsec_proj_all\itoh_inv_final\project_1\project_1.srcs\sources_1\new\gf283_sqr_pow2k.v:]
WARNING: [filemgmt 56-199] Attempt to get parsing info during refresh. "On-the-fly" syntax checking information may be incorrect. [C:\Users\Prasit\Documents\hsec_proj_all\itoh_inv_final\project_1\project_1.srcs\sources_1\new\gf283_itoh_tsujii.v:]
WARNING: [filemgmt 56-199] Attempt to get parsing info during refresh. "On-the-fly" syntax checking information may be incorrect. [C:\Users\Prasit\Documents\hsec_proj_all\itoh_inv_final\project_1\project_1.srcs\sources_1\new\gf283_reduce.v:]
WARNING: [filemgmt 56-199] Attempt to get parsing info during refresh. "On-the-fly" syntax checking information may be incorrect. [C:\Users\Prasit\Documents\hsec_proj_all\itoh_inv_final\project_1\project_1.srcs\sources_1\new\gf283_mul_pipe.v:]
WARNING: [filemgmt 56-199] Attempt to get parsing info during refresh. "On-the-fly" syntax checking information may be incorrect. [C:\Users\Prasit\Documents\hsec_proj_all\itoh_inv_final\project_1\project_1.srcs\sources_1\new\gf283_square.v:]
WARNING: [filemgmt 56-199] Attempt to get parsing info during refresh. "On-the-fly" syntax checking information may be incorrect. [C:\Users\Prasit\Documents\hsec_proj_all\itoh_inv_final\project_1\project_1.srcs\sources_1\new\gf283_top.v:]
WARNING: [filemgmt 56-199] Attempt to get parsing info during refresh. "On-the-fly" syntax checking information may be incorrect. [C:\Users\Prasit\Documents\hsec_proj_all\itoh_inv_final\project_1\project_1.srcs\sources_1\new\gf283_sqr_pow2k.v:]
WARNING: [filemgmt 56-199] Attempt to get parsing info during refresh. "On-the-fly" syntax checking information may be incorrect. [C:\Users\Prasit\Documents\hsec_proj_all\itoh_inv_final\project_1\project_1.srcs\sources_1\new\gf283_itoh_tsujii.v:]
WARNING: [filemgmt 56-199] Attempt to get parsing info during refresh. "On-the-fly" syntax checking information may be incorrect. [C:\Users\Prasit\Documents\hsec_proj_all\itoh_inv_final\project_1\project_1.srcs\sources_1\new\gf283_reduce.v:]
WARNING: [filemgmt 56-199] Attempt to get parsing info during refresh. "On-the-fly" syntax checking information may be incorrect. [C:\Users\Prasit\Documents\hsec_proj_all\itoh_inv_final\project_1\project_1.srcs\sources_1\new\gf283_mul_pipe.v:]
ERROR: [Common 17-180] Spawn failed: No error
ERROR: [Common 17-180] Spawn failed: No error
WARNING: [filemgmt 56-199] Attempt to get parsing info during refresh. "On-the-fly" syntax checking information may be incorrect. [C:\Users\Prasit\Documents\hsec_proj_all\itoh_inv_final\project_1\project_1.srcs\sources_1\new\gf283_square.v:]
WARNING: [filemgmt 56-199] Attempt to get parsing info during refresh. "On-the-fly" syntax checking information may be incorrect. [C:\Users\Prasit\Documents\hsec_proj_all\itoh_inv_final\project_1\project_1.srcs\sources_1\new\gf283_top.v:]
WARNING: [filemgmt 56-199] Attempt to get parsing info during refresh. "On-the-fly" syntax checking information may be incorrect. [C:\Users\Prasit\Documents\hsec_proj_all\itoh_inv_final\project_1\project_1.srcs\sources_1\new\gf283_sqr_pow2k.v:]
WARNING: [filemgmt 56-199] Attempt to get parsing info during refresh. "On-the-fly" syntax checking information may be incorrect. [C:\Users\Prasit\Documents\hsec_proj_all\itoh_inv_final\project_1\project_1.srcs\sources_1\new\gf283_itoh_tsujii.v:]
WARNING: [filemgmt 56-199] Attempt to get parsing info during refresh. "On-the-fly" syntax checking information may be incorrect. [C:\Users\Prasit\Documents\hsec_proj_all\itoh_inv_final\project_1\project_1.srcs\sources_1\new\gf283_reduce.v:]
WARNING: [filemgmt 56-199] Attempt to get parsing info during refresh. "On-the-fly" syntax checking information may be incorrect. [C:\Users\Prasit\Documents\hsec_proj_all\itoh_inv_final\project_1\project_1.srcs\sources_1\new\gf283_mul_pipe.v:]
WARNING: [filemgmt 56-199] Attempt to get parsing info during refresh. "On-the-fly" syntax checking information may be incorrect. [C:\Users\Prasit\Documents\hsec_proj_all\itoh_inv_final\project_1\project_1.srcs\sources_1\new\gf283_square.v:]
WARNING: [filemgmt 56-199] Attempt to get parsing info during refresh. "On-the-fly" syntax checking information may be incorrect. [C:\Users\Prasit\Documents\hsec_proj_all\itoh_inv_final\project_1\project_1.srcs\sources_1\new\gf283_top.v:]
WARNING: [filemgmt 56-199] Attempt to get parsing info during refresh. "On-the-fly" syntax checking information may be incorrect. [C:\Users\Prasit\Documents\hsec_proj_all\itoh_inv_final\project_1\project_1.srcs\sources_1\new\gf283_sqr_pow2k.v:]
WARNING: [filemgmt 56-199] Attempt to get parsing info during refresh. "On-the-fly" syntax checking information may be incorrect. [C:\Users\Prasit\Documents\hsec_proj_all\itoh_inv_final\project_1\project_1.srcs\sources_1\new\gf283_itoh_tsujii.v:]
WARNING: [filemgmt 56-199] Attempt to get parsing info during refresh. "On-the-fly" syntax checking information may be incorrect. [C:\Users\Prasit\Documents\hsec_proj_all\itoh_inv_final\project_1\project_1.srcs\sources_1\new\gf283_reduce.v:]
WARNING: [filemgmt 56-199] Attempt to get parsing info during refresh. "On-the-fly" syntax checking information may be incorrect. [C:\Users\Prasit\Documents\hsec_proj_all\itoh_inv_final\project_1\project_1.srcs\sources_1\new\gf283_mul_pipe.v:]
ERROR: [Common 17-180] Spawn failed: No error
update_compile_order -fileset sources_1
WARNING: [filemgmt 56-199] Attempt to get parsing info during refresh. "On-the-fly" syntax checking information may be incorrect. [C:\Users\Prasit\Documents\hsec_proj_all\itoh_inv_final\project_1\project_1.srcs\sources_1\new\gf283_square.v:]
WARNING: [filemgmt 56-199] Attempt to get parsing info during refresh. "On-the-fly" syntax checking information may be incorrect. [C:\Users\Prasit\Documents\hsec_proj_all\itoh_inv_final\project_1\project_1.srcs\sources_1\new\gf283_top.v:]
WARNING: [filemgmt 56-199] Attempt to get parsing info during refresh. "On-the-fly" syntax checking information may be incorrect. [C:\Users\Prasit\Documents\hsec_proj_all\itoh_inv_final\project_1\project_1.srcs\sources_1\new\gf283_sqr_pow2k.v:]
WARNING: [filemgmt 56-199] Attempt to get parsing info during refresh. "On-the-fly" syntax checking information may be incorrect. [C:\Users\Prasit\Documents\hsec_proj_all\itoh_inv_final\project_1\project_1.srcs\sources_1\new\gf283_itoh_tsujii.v:]
WARNING: [filemgmt 56-199] Attempt to get parsing info during refresh. "On-the-fly" syntax checking information may be incorrect. [C:\Users\Prasit\Documents\hsec_proj_all\itoh_inv_final\project_1\project_1.srcs\sources_1\new\gf283_reduce.v:]
WARNING: [filemgmt 56-199] Attempt to get parsing info during refresh. "On-the-fly" syntax checking information may be incorrect. [C:\Users\Prasit\Documents\hsec_proj_all\itoh_inv_final\project_1\project_1.srcs\sources_1\new\gf283_mul_pipe.v:]
WARNING: [filemgmt 56-199] Attempt to get parsing info during refresh. "On-the-fly" syntax checking information may be incorrect. [C:\Users\Prasit\Documents\hsec_proj_all\itoh_inv_final\project_1\project_1.srcs\sources_1\new\gf283_square.v:]
WARNING: [filemgmt 56-199] Attempt to get parsing info during refresh. "On-the-fly" syntax checking information may be incorrect. [C:\Users\Prasit\Documents\hsec_proj_all\itoh_inv_final\project_1\project_1.srcs\sources_1\new\gf283_top.v:]
WARNING: [filemgmt 56-199] Attempt to get parsing info during refresh. "On-the-fly" syntax checking information may be incorrect. [C:\Users\Prasit\Documents\hsec_proj_all\itoh_inv_final\project_1\project_1.srcs\sources_1\new\gf283_sqr_pow2k.v:]
WARNING: [filemgmt 56-199] Attempt to get parsing info during refresh. "On-the-fly" syntax checking information may be incorrect. [C:\Users\Prasit\Documents\hsec_proj_all\itoh_inv_final\project_1\project_1.srcs\sources_1\new\gf283_itoh_tsujii.v:]
WARNING: [filemgmt 56-199] Attempt to get parsing info during refresh. "On-the-fly" syntax checking information may be incorrect. [C:\Users\Prasit\Documents\hsec_proj_all\itoh_inv_final\project_1\project_1.srcs\sources_1\new\gf283_reduce.v:]
WARNING: [filemgmt 56-199] Attempt to get parsing info during refresh. "On-the-fly" syntax checking information may be incorrect. [C:\Users\Prasit\Documents\hsec_proj_all\itoh_inv_final\project_1\project_1.srcs\sources_1\new\gf283_mul_pipe.v:]
WARNING: [filemgmt 56-199] Attempt to get parsing info during refresh. "On-the-fly" syntax checking information may be incorrect. [C:\Users\Prasit\Documents\hsec_proj_all\itoh_inv_final\project_1\project_1.srcs\sources_1\new\gf283_square.v:]
WARNING: [filemgmt 56-199] Attempt to get parsing info during refresh. "On-the-fly" syntax checking information may be incorrect. [C:\Users\Prasit\Documents\hsec_proj_all\itoh_inv_final\project_1\project_1.srcs\sources_1\new\gf283_top.v:]
WARNING: [filemgmt 56-199] Attempt to get parsing info during refresh. "On-the-fly" syntax checking information may be incorrect. [C:\Users\Prasit\Documents\hsec_proj_all\itoh_inv_final\project_1\project_1.srcs\sources_1\new\gf283_sqr_pow2k.v:]
WARNING: [filemgmt 56-199] Attempt to get parsing info during refresh. "On-the-fly" syntax checking information may be incorrect. [C:\Users\Prasit\Documents\hsec_proj_all\itoh_inv_final\project_1\project_1.srcs\sources_1\new\gf283_itoh_tsujii.v:]
WARNING: [filemgmt 56-199] Attempt to get parsing info during refresh. "On-the-fly" syntax checking information may be incorrect. [C:\Users\Prasit\Documents\hsec_proj_all\itoh_inv_final\project_1\project_1.srcs\sources_1\new\gf283_reduce.v:]
WARNING: [filemgmt 56-199] Attempt to get parsing info during refresh. "On-the-fly" syntax checking information may be incorrect. [C:\Users\Prasit\Documents\hsec_proj_all\itoh_inv_final\project_1\project_1.srcs\sources_1\new\gf283_mul_pipe.v:]
WARNING: [filemgmt 56-199] Attempt to get parsing info during refresh. "On-the-fly" syntax checking information may be incorrect. [C:\Users\Prasit\Documents\hsec_proj_all\itoh_inv_final\project_1\project_1.srcs\sources_1\new\gf283_square.v:]
WARNING: [filemgmt 56-199] Attempt to get parsing info during refresh. "On-the-fly" syntax checking information may be incorrect. [C:\Users\Prasit\Documents\hsec_proj_all\itoh_inv_final\project_1\project_1.srcs\sources_1\new\gf283_top.v:]
WARNING: [filemgmt 56-199] Attempt to get parsing info during refresh. "On-the-fly" syntax checking information may be incorrect. [C:\Users\Prasit\Documents\hsec_proj_all\itoh_inv_final\project_1\project_1.srcs\sources_1\new\gf283_sqr_pow2k.v:]
WARNING: [filemgmt 56-199] Attempt to get parsing info during refresh. "On-the-fly" syntax checking information may be incorrect. [C:\Users\Prasit\Documents\hsec_proj_all\itoh_inv_final\project_1\project_1.srcs\sources_1\new\gf283_itoh_tsujii.v:]
WARNING: [filemgmt 56-199] Attempt to get parsing info during refresh. "On-the-fly" syntax checking information may be incorrect. [C:\Users\Prasit\Documents\hsec_proj_all\itoh_inv_final\project_1\project_1.srcs\sources_1\new\gf283_reduce.v:]
WARNING: [filemgmt 56-199] Attempt to get parsing info during refresh. "On-the-fly" syntax checking information may be incorrect. [C:\Users\Prasit\Documents\hsec_proj_all\itoh_inv_final\project_1\project_1.srcs\sources_1\new\gf283_mul_pipe.v:]
ERROR: [Common 17-180] Spawn failed: No error
WARNING: [filemgmt 56-199] Attempt to get parsing info during refresh. "On-the-fly" syntax checking information may be incorrect. [C:\Users\Prasit\Documents\hsec_proj_all\itoh_inv_final\project_1\project_1.srcs\sources_1\new\gf283_square.v:]
WARNING: [filemgmt 56-199] Attempt to get parsing info during refresh. "On-the-fly" syntax checking information may be incorrect. [C:\Users\Prasit\Documents\hsec_proj_all\itoh_inv_final\project_1\project_1.srcs\sources_1\new\gf283_top.v:]
WARNING: [filemgmt 56-199] Attempt to get parsing info during refresh. "On-the-fly" syntax checking information may be incorrect. [C:\Users\Prasit\Documents\hsec_proj_all\itoh_inv_final\project_1\project_1.srcs\sources_1\new\gf283_sqr_pow2k.v:]
WARNING: [filemgmt 56-199] Attempt to get parsing info during refresh. "On-the-fly" syntax checking information may be incorrect. [C:\Users\Prasit\Documents\hsec_proj_all\itoh_inv_final\project_1\project_1.srcs\sources_1\new\gf283_itoh_tsujii.v:]
WARNING: [filemgmt 56-199] Attempt to get parsing info during refresh. "On-the-fly" syntax checking information may be incorrect. [C:\Users\Prasit\Documents\hsec_proj_all\itoh_inv_final\project_1\project_1.srcs\sources_1\new\gf283_reduce.v:]
WARNING: [filemgmt 56-199] Attempt to get parsing info during refresh. "On-the-fly" syntax checking information may be incorrect. [C:\Users\Prasit\Documents\hsec_proj_all\itoh_inv_final\project_1\project_1.srcs\sources_1\new\gf283_mul_pipe.v:]
ERROR: [Common 17-180] Spawn failed: No error
file mkdir C:/Users/Prasit/Documents/hsec_proj_all/itoh_inv_final/project_1/project_1.srcs/constrs_1
file mkdir C:/Users/Prasit/Documents/hsec_proj_all/itoh_inv_final/project_1/project_1.srcs/constrs_1/new
close [ open C:/Users/Prasit/Documents/hsec_proj_all/itoh_inv_final/project_1/project_1.srcs/constrs_1/new/gf283_top.xdc w ]
add_files -fileset constrs_1 C:/Users/Prasit/Documents/hsec_proj_all/itoh_inv_final/project_1/project_1.srcs/constrs_1/new/gf283_top.xdc
WARNING: [filemgmt 56-199] Attempt to get parsing info during refresh. "On-the-fly" syntax checking information may be incorrect. [C:\Users\Prasit\Documents\hsec_proj_all\itoh_inv_final\project_1\project_1.srcs\sources_1\new\gf283_square.v:]
WARNING: [filemgmt 56-199] Attempt to get parsing info during refresh. "On-the-fly" syntax checking information may be incorrect. [C:\Users\Prasit\Documents\hsec_proj_all\itoh_inv_final\project_1\project_1.srcs\sources_1\new\gf283_top.v:]
WARNING: [filemgmt 56-199] Attempt to get parsing info during refresh. "On-the-fly" syntax checking information may be incorrect. [C:\Users\Prasit\Documents\hsec_proj_all\itoh_inv_final\project_1\project_1.srcs\sources_1\new\gf283_sqr_pow2k.v:]
WARNING: [filemgmt 56-199] Attempt to get parsing info during refresh. "On-the-fly" syntax checking information may be incorrect. [C:\Users\Prasit\Documents\hsec_proj_all\itoh_inv_final\project_1\project_1.srcs\sources_1\new\gf283_itoh_tsujii.v:]
WARNING: [filemgmt 56-199] Attempt to get parsing info during refresh. "On-the-fly" syntax checking information may be incorrect. [C:\Users\Prasit\Documents\hsec_proj_all\itoh_inv_final\project_1\project_1.srcs\sources_1\new\gf283_reduce.v:]
WARNING: [filemgmt 56-199] Attempt to get parsing info during refresh. "On-the-fly" syntax checking information may be incorrect. [C:\Users\Prasit\Documents\hsec_proj_all\itoh_inv_final\project_1\project_1.srcs\sources_1\new\gf283_mul_pipe.v:]
WARNING: [filemgmt 56-199] Attempt to get parsing info during refresh. "On-the-fly" syntax checking information may be incorrect. [C:\Users\Prasit\Documents\hsec_proj_all\itoh_inv_final\project_1\project_1.srcs\sources_1\new\gf283_square.v:]
WARNING: [filemgmt 56-199] Attempt to get parsing info during refresh. "On-the-fly" syntax checking information may be incorrect. [C:\Users\Prasit\Documents\hsec_proj_all\itoh_inv_final\project_1\project_1.srcs\sources_1\new\gf283_top.v:]
WARNING: [filemgmt 56-199] Attempt to get parsing info during refresh. "On-the-fly" syntax checking information may be incorrect. [C:\Users\Prasit\Documents\hsec_proj_all\itoh_inv_final\project_1\project_1.srcs\sources_1\new\gf283_sqr_pow2k.v:]
WARNING: [filemgmt 56-199] Attempt to get parsing info during refresh. "On-the-fly" syntax checking information may be incorrect. [C:\Users\Prasit\Documents\hsec_proj_all\itoh_inv_final\project_1\project_1.srcs\sources_1\new\gf283_itoh_tsujii.v:]
WARNING: [filemgmt 56-199] Attempt to get parsing info during refresh. "On-the-fly" syntax checking information may be incorrect. [C:\Users\Prasit\Documents\hsec_proj_all\itoh_inv_final\project_1\project_1.srcs\sources_1\new\gf283_reduce.v:]
WARNING: [filemgmt 56-199] Attempt to get parsing info during refresh. "On-the-fly" syntax checking information may be incorrect. [C:\Users\Prasit\Documents\hsec_proj_all\itoh_inv_final\project_1\project_1.srcs\sources_1\new\gf283_mul_pipe.v:]
WARNING: [filemgmt 56-199] Attempt to get parsing info during refresh. "On-the-fly" syntax checking information may be incorrect. [C:\Users\Prasit\Documents\hsec_proj_all\itoh_inv_final\project_1\project_1.srcs\sources_1\new\gf283_square.v:]
WARNING: [filemgmt 56-199] Attempt to get parsing info during refresh. "On-the-fly" syntax checking information may be incorrect. [C:\Users\Prasit\Documents\hsec_proj_all\itoh_inv_final\project_1\project_1.srcs\sources_1\new\gf283_top.v:]
WARNING: [filemgmt 56-199] Attempt to get parsing info during refresh. "On-the-fly" syntax checking information may be incorrect. [C:\Users\Prasit\Documents\hsec_proj_all\itoh_inv_final\project_1\project_1.srcs\sources_1\new\gf283_sqr_pow2k.v:]
WARNING: [filemgmt 56-199] Attempt to get parsing info during refresh. "On-the-fly" syntax checking information may be incorrect. [C:\Users\Prasit\Documents\hsec_proj_all\itoh_inv_final\project_1\project_1.srcs\sources_1\new\gf283_itoh_tsujii.v:]
WARNING: [filemgmt 56-199] Attempt to get parsing info during refresh. "On-the-fly" syntax checking information may be incorrect. [C:\Users\Prasit\Documents\hsec_proj_all\itoh_inv_final\project_1\project_1.srcs\sources_1\new\gf283_reduce.v:]
WARNING: [filemgmt 56-199] Attempt to get parsing info during refresh. "On-the-fly" syntax checking information may be incorrect. [C:\Users\Prasit\Documents\hsec_proj_all\itoh_inv_final\project_1\project_1.srcs\sources_1\new\gf283_mul_pipe.v:]
WARNING: [filemgmt 56-199] Attempt to get parsing info during refresh. "On-the-fly" syntax checking information may be incorrect. [C:\Users\Prasit\Documents\hsec_proj_all\itoh_inv_final\project_1\project_1.srcs\sources_1\new\gf283_square.v:]
WARNING: [filemgmt 56-199] Attempt to get parsing info during refresh. "On-the-fly" syntax checking information may be incorrect. [C:\Users\Prasit\Documents\hsec_proj_all\itoh_inv_final\project_1\project_1.srcs\sources_1\new\gf283_top.v:]
WARNING: [filemgmt 56-199] Attempt to get parsing info during refresh. "On-the-fly" syntax checking information may be incorrect. [C:\Users\Prasit\Documents\hsec_proj_all\itoh_inv_final\project_1\project_1.srcs\sources_1\new\gf283_sqr_pow2k.v:]
WARNING: [filemgmt 56-199] Attempt to get parsing info during refresh. "On-the-fly" syntax checking information may be incorrect. [C:\Users\Prasit\Documents\hsec_proj_all\itoh_inv_final\project_1\project_1.srcs\sources_1\new\gf283_itoh_tsujii.v:]
WARNING: [filemgmt 56-199] Attempt to get parsing info during refresh. "On-the-fly" syntax checking information may be incorrect. [C:\Users\Prasit\Documents\hsec_proj_all\itoh_inv_final\project_1\project_1.srcs\sources_1\new\gf283_reduce.v:]
WARNING: [filemgmt 56-199] Attempt to get parsing info during refresh. "On-the-fly" syntax checking information may be incorrect. [C:\Users\Prasit\Documents\hsec_proj_all\itoh_inv_final\project_1\project_1.srcs\sources_1\new\gf283_mul_pipe.v:]
WARNING: [filemgmt 56-199] Attempt to get parsing info during refresh. "On-the-fly" syntax checking information may be incorrect. [C:\Users\Prasit\Documents\hsec_proj_all\itoh_inv_final\project_1\project_1.srcs\sources_1\new\gf283_square.v:]
WARNING: [filemgmt 56-199] Attempt to get parsing info during refresh. "On-the-fly" syntax checking information may be incorrect. [C:\Users\Prasit\Documents\hsec_proj_all\itoh_inv_final\project_1\project_1.srcs\sources_1\new\gf283_top.v:]
WARNING: [filemgmt 56-199] Attempt to get parsing info during refresh. "On-the-fly" syntax checking information may be incorrect. [C:\Users\Prasit\Documents\hsec_proj_all\itoh_inv_final\project_1\project_1.srcs\sources_1\new\gf283_sqr_pow2k.v:]
WARNING: [filemgmt 56-199] Attempt to get parsing info during refresh. "On-the-fly" syntax checking information may be incorrect. [C:\Users\Prasit\Documents\hsec_proj_all\itoh_inv_final\project_1\project_1.srcs\sources_1\new\gf283_itoh_tsujii.v:]
WARNING: [filemgmt 56-199] Attempt to get parsing info during refresh. "On-the-fly" syntax checking information may be incorrect. [C:\Users\Prasit\Documents\hsec_proj_all\itoh_inv_final\project_1\project_1.srcs\sources_1\new\gf283_reduce.v:]
WARNING: [filemgmt 56-199] Attempt to get parsing info during refresh. "On-the-fly" syntax checking information may be incorrect. [C:\Users\Prasit\Documents\hsec_proj_all\itoh_inv_final\project_1\project_1.srcs\sources_1\new\gf283_mul_pipe.v:]
ERROR: [Common 17-180] Spawn failed: No error
export_ip_user_files -of_objects  [get_files C:/Users/Prasit/Documents/hsec_proj_all/itoh_inv_final/project_1/project_1.srcs/constrs_1/new/gf283_top.xdc] -no_script -reset -force -quiet
remove_files  -fileset constrs_1 C:/Users/Prasit/Documents/hsec_proj_all/itoh_inv_final/project_1/project_1.srcs/constrs_1/new/gf283_top.xdc
file delete -force C:/Users/Prasit/Documents/hsec_proj_all/itoh_inv_final/project_1/project_1.srcs/constrs_1/new/gf283_top.xdc
WARNING: [filemgmt 56-199] Attempt to get parsing info during refresh. "On-the-fly" syntax checking information may be incorrect. [C:\Users\Prasit\Documents\hsec_proj_all\itoh_inv_final\project_1\project_1.srcs\sources_1\new\gf283_square.v:]
WARNING: [filemgmt 56-199] Attempt to get parsing info during refresh. "On-the-fly" syntax checking information may be incorrect. [C:\Users\Prasit\Documents\hsec_proj_all\itoh_inv_final\project_1\project_1.srcs\sources_1\new\gf283_top.v:]
WARNING: [filemgmt 56-199] Attempt to get parsing info during refresh. "On-the-fly" syntax checking information may be incorrect. [C:\Users\Prasit\Documents\hsec_proj_all\itoh_inv_final\project_1\project_1.srcs\sources_1\new\gf283_sqr_pow2k.v:]
WARNING: [filemgmt 56-199] Attempt to get parsing info during refresh. "On-the-fly" syntax checking information may be incorrect. [C:\Users\Prasit\Documents\hsec_proj_all\itoh_inv_final\project_1\project_1.srcs\sources_1\new\gf283_itoh_tsujii.v:]
WARNING: [filemgmt 56-199] Attempt to get parsing info during refresh. "On-the-fly" syntax checking information may be incorrect. [C:\Users\Prasit\Documents\hsec_proj_all\itoh_inv_final\project_1\project_1.srcs\sources_1\new\gf283_reduce.v:]
WARNING: [filemgmt 56-199] Attempt to get parsing info during refresh. "On-the-fly" syntax checking information may be incorrect. [C:\Users\Prasit\Documents\hsec_proj_all\itoh_inv_final\project_1\project_1.srcs\sources_1\new\gf283_mul_pipe.v:]
WARNING: [filemgmt 56-199] Attempt to get parsing info during refresh. "On-the-fly" syntax checking information may be incorrect. [C:\Users\Prasit\Documents\hsec_proj_all\itoh_inv_final\project_1\project_1.srcs\sources_1\new\gf283_square.v:]
WARNING: [filemgmt 56-199] Attempt to get parsing info during refresh. "On-the-fly" syntax checking information may be incorrect. [C:\Users\Prasit\Documents\hsec_proj_all\itoh_inv_final\project_1\project_1.srcs\sources_1\new\gf283_top.v:]
WARNING: [filemgmt 56-199] Attempt to get parsing info during refresh. "On-the-fly" syntax checking information may be incorrect. [C:\Users\Prasit\Documents\hsec_proj_all\itoh_inv_final\project_1\project_1.srcs\sources_1\new\gf283_sqr_pow2k.v:]
WARNING: [filemgmt 56-199] Attempt to get parsing info during refresh. "On-the-fly" syntax checking information may be incorrect. [C:\Users\Prasit\Documents\hsec_proj_all\itoh_inv_final\project_1\project_1.srcs\sources_1\new\gf283_itoh_tsujii.v:]
WARNING: [filemgmt 56-199] Attempt to get parsing info during refresh. "On-the-fly" syntax checking information may be incorrect. [C:\Users\Prasit\Documents\hsec_proj_all\itoh_inv_final\project_1\project_1.srcs\sources_1\new\gf283_reduce.v:]
WARNING: [filemgmt 56-199] Attempt to get parsing info during refresh. "On-the-fly" syntax checking information may be incorrect. [C:\Users\Prasit\Documents\hsec_proj_all\itoh_inv_final\project_1\project_1.srcs\sources_1\new\gf283_mul_pipe.v:]
WARNING: [filemgmt 56-199] Attempt to get parsing info during refresh. "On-the-fly" syntax checking information may be incorrect. [C:\Users\Prasit\Documents\hsec_proj_all\itoh_inv_final\project_1\project_1.srcs\sources_1\new\gf283_square.v:]
WARNING: [filemgmt 56-199] Attempt to get parsing info during refresh. "On-the-fly" syntax checking information may be incorrect. [C:\Users\Prasit\Documents\hsec_proj_all\itoh_inv_final\project_1\project_1.srcs\sources_1\new\gf283_top.v:]
WARNING: [filemgmt 56-199] Attempt to get parsing info during refresh. "On-the-fly" syntax checking information may be incorrect. [C:\Users\Prasit\Documents\hsec_proj_all\itoh_inv_final\project_1\project_1.srcs\sources_1\new\gf283_sqr_pow2k.v:]
WARNING: [filemgmt 56-199] Attempt to get parsing info during refresh. "On-the-fly" syntax checking information may be incorrect. [C:\Users\Prasit\Documents\hsec_proj_all\itoh_inv_final\project_1\project_1.srcs\sources_1\new\gf283_itoh_tsujii.v:]
WARNING: [filemgmt 56-199] Attempt to get parsing info during refresh. "On-the-fly" syntax checking information may be incorrect. [C:\Users\Prasit\Documents\hsec_proj_all\itoh_inv_final\project_1\project_1.srcs\sources_1\new\gf283_reduce.v:]
WARNING: [filemgmt 56-199] Attempt to get parsing info during refresh. "On-the-fly" syntax checking information may be incorrect. [C:\Users\Prasit\Documents\hsec_proj_all\itoh_inv_final\project_1\project_1.srcs\sources_1\new\gf283_mul_pipe.v:]
ERROR: [Common 17-180] Spawn failed: No error
WARNING: [filemgmt 56-199] Attempt to get parsing info during refresh. "On-the-fly" syntax checking information may be incorrect. [C:\Users\Prasit\Documents\hsec_proj_all\itoh_inv_final\project_1\project_1.srcs\sources_1\new\gf283_square.v:]
WARNING: [filemgmt 56-199] Attempt to get parsing info during refresh. "On-the-fly" syntax checking information may be incorrect. [C:\Users\Prasit\Documents\hsec_proj_all\itoh_inv_final\project_1\project_1.srcs\sources_1\new\gf283_top.v:]
WARNING: [filemgmt 56-199] Attempt to get parsing info during refresh. "On-the-fly" syntax checking information may be incorrect. [C:\Users\Prasit\Documents\hsec_proj_all\itoh_inv_final\project_1\project_1.srcs\sources_1\new\gf283_sqr_pow2k.v:]
WARNING: [filemgmt 56-199] Attempt to get parsing info during refresh. "On-the-fly" syntax checking information may be incorrect. [C:\Users\Prasit\Documents\hsec_proj_all\itoh_inv_final\project_1\project_1.srcs\sources_1\new\gf283_itoh_tsujii.v:]
WARNING: [filemgmt 56-199] Attempt to get parsing info during refresh. "On-the-fly" syntax checking information may be incorrect. [C:\Users\Prasit\Documents\hsec_proj_all\itoh_inv_final\project_1\project_1.srcs\sources_1\new\gf283_reduce.v:]
WARNING: [filemgmt 56-199] Attempt to get parsing info during refresh. "On-the-fly" syntax checking information may be incorrect. [C:\Users\Prasit\Documents\hsec_proj_all\itoh_inv_final\project_1\project_1.srcs\sources_1\new\gf283_mul_pipe.v:]
ERROR: [Common 17-180] Spawn failed: No error
WARNING: [filemgmt 56-199] Attempt to get parsing info during refresh. "On-the-fly" syntax checking information may be incorrect. [C:\Users\Prasit\Documents\hsec_proj_all\itoh_inv_final\project_1\project_1.srcs\sources_1\new\gf283_square.v:]
WARNING: [filemgmt 56-199] Attempt to get parsing info during refresh. "On-the-fly" syntax checking information may be incorrect. [C:\Users\Prasit\Documents\hsec_proj_all\itoh_inv_final\project_1\project_1.srcs\sources_1\new\gf283_top.v:]
WARNING: [filemgmt 56-199] Attempt to get parsing info during refresh. "On-the-fly" syntax checking information may be incorrect. [C:\Users\Prasit\Documents\hsec_proj_all\itoh_inv_final\project_1\project_1.srcs\sources_1\new\gf283_sqr_pow2k.v:]
WARNING: [filemgmt 56-199] Attempt to get parsing info during refresh. "On-the-fly" syntax checking information may be incorrect. [C:\Users\Prasit\Documents\hsec_proj_all\itoh_inv_final\project_1\project_1.srcs\sources_1\new\gf283_itoh_tsujii.v:]
WARNING: [filemgmt 56-199] Attempt to get parsing info during refresh. "On-the-fly" syntax checking information may be incorrect. [C:\Users\Prasit\Documents\hsec_proj_all\itoh_inv_final\project_1\project_1.srcs\sources_1\new\gf283_reduce.v:]
WARNING: [filemgmt 56-199] Attempt to get parsing info during refresh. "On-the-fly" syntax checking information may be incorrect. [C:\Users\Prasit\Documents\hsec_proj_all\itoh_inv_final\project_1\project_1.srcs\sources_1\new\gf283_mul_pipe.v:]
ERROR: [Common 17-180] Spawn failed: No error
close [ open C:/Users/Prasit/Documents/hsec_proj_all/itoh_inv_final/project_1/project_1.srcs/constrs_1/new/gf283_top.xdc w ]
add_files -fileset constrs_1 C:/Users/Prasit/Documents/hsec_proj_all/itoh_inv_final/project_1/project_1.srcs/constrs_1/new/gf283_top.xdc
WARNING: [filemgmt 56-199] Attempt to get parsing info during refresh. "On-the-fly" syntax checking information may be incorrect. [C:\Users\Prasit\Documents\hsec_proj_all\itoh_inv_final\project_1\project_1.srcs\sources_1\new\gf283_square.v:]
WARNING: [filemgmt 56-199] Attempt to get parsing info during refresh. "On-the-fly" syntax checking information may be incorrect. [C:\Users\Prasit\Documents\hsec_proj_all\itoh_inv_final\project_1\project_1.srcs\sources_1\new\gf283_top.v:]
WARNING: [filemgmt 56-199] Attempt to get parsing info during refresh. "On-the-fly" syntax checking information may be incorrect. [C:\Users\Prasit\Documents\hsec_proj_all\itoh_inv_final\project_1\project_1.srcs\sources_1\new\gf283_sqr_pow2k.v:]
WARNING: [filemgmt 56-199] Attempt to get parsing info during refresh. "On-the-fly" syntax checking information may be incorrect. [C:\Users\Prasit\Documents\hsec_proj_all\itoh_inv_final\project_1\project_1.srcs\sources_1\new\gf283_itoh_tsujii.v:]
WARNING: [filemgmt 56-199] Attempt to get parsing info during refresh. "On-the-fly" syntax checking information may be incorrect. [C:\Users\Prasit\Documents\hsec_proj_all\itoh_inv_final\project_1\project_1.srcs\sources_1\new\gf283_reduce.v:]
WARNING: [filemgmt 56-199] Attempt to get parsing info during refresh. "On-the-fly" syntax checking information may be incorrect. [C:\Users\Prasit\Documents\hsec_proj_all\itoh_inv_final\project_1\project_1.srcs\sources_1\new\gf283_mul_pipe.v:]
WARNING: [filemgmt 56-199] Attempt to get parsing info during refresh. "On-the-fly" syntax checking information may be incorrect. [C:\Users\Prasit\Documents\hsec_proj_all\itoh_inv_final\project_1\project_1.srcs\sources_1\new\gf283_square.v:]
WARNING: [filemgmt 56-199] Attempt to get parsing info during refresh. "On-the-fly" syntax checking information may be incorrect. [C:\Users\Prasit\Documents\hsec_proj_all\itoh_inv_final\project_1\project_1.srcs\sources_1\new\gf283_top.v:]
WARNING: [filemgmt 56-199] Attempt to get parsing info during refresh. "On-the-fly" syntax checking information may be incorrect. [C:\Users\Prasit\Documents\hsec_proj_all\itoh_inv_final\project_1\project_1.srcs\sources_1\new\gf283_sqr_pow2k.v:]
WARNING: [filemgmt 56-199] Attempt to get parsing info during refresh. "On-the-fly" syntax checking information may be incorrect. [C:\Users\Prasit\Documents\hsec_proj_all\itoh_inv_final\project_1\project_1.srcs\sources_1\new\gf283_itoh_tsujii.v:]
WARNING: [filemgmt 56-199] Attempt to get parsing info during refresh. "On-the-fly" syntax checking information may be incorrect. [C:\Users\Prasit\Documents\hsec_proj_all\itoh_inv_final\project_1\project_1.srcs\sources_1\new\gf283_reduce.v:]
WARNING: [filemgmt 56-199] Attempt to get parsing info during refresh. "On-the-fly" syntax checking information may be incorrect. [C:\Users\Prasit\Documents\hsec_proj_all\itoh_inv_final\project_1\project_1.srcs\sources_1\new\gf283_mul_pipe.v:]
WARNING: [filemgmt 56-199] Attempt to get parsing info during refresh. "On-the-fly" syntax checking information may be incorrect. [C:\Users\Prasit\Documents\hsec_proj_all\itoh_inv_final\project_1\project_1.srcs\sources_1\new\gf283_square.v:]
WARNING: [filemgmt 56-199] Attempt to get parsing info during refresh. "On-the-fly" syntax checking information may be incorrect. [C:\Users\Prasit\Documents\hsec_proj_all\itoh_inv_final\project_1\project_1.srcs\sources_1\new\gf283_top.v:]
WARNING: [filemgmt 56-199] Attempt to get parsing info during refresh. "On-the-fly" syntax checking information may be incorrect. [C:\Users\Prasit\Documents\hsec_proj_all\itoh_inv_final\project_1\project_1.srcs\sources_1\new\gf283_sqr_pow2k.v:]
WARNING: [filemgmt 56-199] Attempt to get parsing info during refresh. "On-the-fly" syntax checking information may be incorrect. [C:\Users\Prasit\Documents\hsec_proj_all\itoh_inv_final\project_1\project_1.srcs\sources_1\new\gf283_itoh_tsujii.v:]
WARNING: [filemgmt 56-199] Attempt to get parsing info during refresh. "On-the-fly" syntax checking information may be incorrect. [C:\Users\Prasit\Documents\hsec_proj_all\itoh_inv_final\project_1\project_1.srcs\sources_1\new\gf283_reduce.v:]
WARNING: [filemgmt 56-199] Attempt to get parsing info during refresh. "On-the-fly" syntax checking information may be incorrect. [C:\Users\Prasit\Documents\hsec_proj_all\itoh_inv_final\project_1\project_1.srcs\sources_1\new\gf283_mul_pipe.v:]
ERROR: [Common 17-180] Spawn failed: No error
WARNING: [filemgmt 56-199] Attempt to get parsing info during refresh. "On-the-fly" syntax checking information may be incorrect. [C:\Users\Prasit\Documents\hsec_proj_all\itoh_inv_final\project_1\project_1.srcs\sources_1\new\gf283_square.v:]
ERROR: [Common 17-180] Spawn failed: No error
WARNING: [filemgmt 56-199] Attempt to get parsing info during refresh. "On-the-fly" syntax checking information may be incorrect. [C:\Users\Prasit\Documents\hsec_proj_all\itoh_inv_final\project_1\project_1.srcs\sources_1\new\gf283_top.v:]
WARNING: [filemgmt 56-199] Attempt to get parsing info during refresh. "On-the-fly" syntax checking information may be incorrect. [C:\Users\Prasit\Documents\hsec_proj_all\itoh_inv_final\project_1\project_1.srcs\sources_1\new\gf283_sqr_pow2k.v:]
WARNING: [filemgmt 56-199] Attempt to get parsing info during refresh. "On-the-fly" syntax checking information may be incorrect. [C:\Users\Prasit\Documents\hsec_proj_all\itoh_inv_final\project_1\project_1.srcs\sources_1\new\gf283_itoh_tsujii.v:]
WARNING: [filemgmt 56-199] Attempt to get parsing info during refresh. "On-the-fly" syntax checking information may be incorrect. [C:\Users\Prasit\Documents\hsec_proj_all\itoh_inv_final\project_1\project_1.srcs\sources_1\new\gf283_reduce.v:]
WARNING: [filemgmt 56-199] Attempt to get parsing info during refresh. "On-the-fly" syntax checking information may be incorrect. [C:\Users\Prasit\Documents\hsec_proj_all\itoh_inv_final\project_1\project_1.srcs\sources_1\new\gf283_mul_pipe.v:]
WARNING: [filemgmt 56-199] Attempt to get parsing info during refresh. "On-the-fly" syntax checking information may be incorrect. [C:\Users\Prasit\Documents\hsec_proj_all\itoh_inv_final\project_1\project_1.srcs\sources_1\new\gf283_square.v:]
WARNING: [filemgmt 56-199] Attempt to get parsing info during refresh. "On-the-fly" syntax checking information may be incorrect. [C:\Users\Prasit\Documents\hsec_proj_all\itoh_inv_final\project_1\project_1.srcs\sources_1\new\gf283_top.v:]
WARNING: [filemgmt 56-199] Attempt to get parsing info during refresh. "On-the-fly" syntax checking information may be incorrect. [C:\Users\Prasit\Documents\hsec_proj_all\itoh_inv_final\project_1\project_1.srcs\sources_1\new\gf283_sqr_pow2k.v:]
WARNING: [filemgmt 56-199] Attempt to get parsing info during refresh. "On-the-fly" syntax checking information may be incorrect. [C:\Users\Prasit\Documents\hsec_proj_all\itoh_inv_final\project_1\project_1.srcs\sources_1\new\gf283_itoh_tsujii.v:]
WARNING: [filemgmt 56-199] Attempt to get parsing info during refresh. "On-the-fly" syntax checking information may be incorrect. [C:\Users\Prasit\Documents\hsec_proj_all\itoh_inv_final\project_1\project_1.srcs\sources_1\new\gf283_reduce.v:]
WARNING: [filemgmt 56-199] Attempt to get parsing info during refresh. "On-the-fly" syntax checking information may be incorrect. [C:\Users\Prasit\Documents\hsec_proj_all\itoh_inv_final\project_1\project_1.srcs\sources_1\new\gf283_mul_pipe.v:]
ERROR: [Common 17-180] Spawn failed: No error
WARNING: [filemgmt 56-199] Attempt to get parsing info during refresh. "On-the-fly" syntax checking information may be incorrect. [C:\Users\Prasit\Documents\hsec_proj_all\itoh_inv_final\project_1\project_1.srcs\sources_1\new\gf283_square.v:]
WARNING: [filemgmt 56-199] Attempt to get parsing info during refresh. "On-the-fly" syntax checking information may be incorrect. [C:\Users\Prasit\Documents\hsec_proj_all\itoh_inv_final\project_1\project_1.srcs\sources_1\new\gf283_top.v:]
WARNING: [filemgmt 56-199] Attempt to get parsing info during refresh. "On-the-fly" syntax checking information may be incorrect. [C:\Users\Prasit\Documents\hsec_proj_all\itoh_inv_final\project_1\project_1.srcs\sources_1\new\gf283_sqr_pow2k.v:]
WARNING: [filemgmt 56-199] Attempt to get parsing info during refresh. "On-the-fly" syntax checking information may be incorrect. [C:\Users\Prasit\Documents\hsec_proj_all\itoh_inv_final\project_1\project_1.srcs\sources_1\new\gf283_itoh_tsujii.v:]
WARNING: [filemgmt 56-199] Attempt to get parsing info during refresh. "On-the-fly" syntax checking information may be incorrect. [C:\Users\Prasit\Documents\hsec_proj_all\itoh_inv_final\project_1\project_1.srcs\sources_1\new\gf283_reduce.v:]
WARNING: [filemgmt 56-199] Attempt to get parsing info during refresh. "On-the-fly" syntax checking information may be incorrect. [C:\Users\Prasit\Documents\hsec_proj_all\itoh_inv_final\project_1\project_1.srcs\sources_1\new\gf283_mul_pipe.v:]
WARNING: [filemgmt 56-199] Attempt to get parsing info during refresh. "On-the-fly" syntax checking information may be incorrect. [C:\Users\Prasit\Documents\hsec_proj_all\itoh_inv_final\project_1\project_1.srcs\sources_1\new\gf283_square.v:]
WARNING: [filemgmt 56-199] Attempt to get parsing info during refresh. "On-the-fly" syntax checking information may be incorrect. [C:\Users\Prasit\Documents\hsec_proj_all\itoh_inv_final\project_1\project_1.srcs\sources_1\new\gf283_top.v:]
WARNING: [filemgmt 56-199] Attempt to get parsing info during refresh. "On-the-fly" syntax checking information may be incorrect. [C:\Users\Prasit\Documents\hsec_proj_all\itoh_inv_final\project_1\project_1.srcs\sources_1\new\gf283_sqr_pow2k.v:]
WARNING: [filemgmt 56-199] Attempt to get parsing info during refresh. "On-the-fly" syntax checking information may be incorrect. [C:\Users\Prasit\Documents\hsec_proj_all\itoh_inv_final\project_1\project_1.srcs\sources_1\new\gf283_itoh_tsujii.v:]
INFO: [Common 17-14] Message 'filemgmt 56-199' appears 100 times and further instances of the messages will be disabled. Use the Tcl command set_msg_config to change the current settings.
ERROR: [Common 17-180] Spawn failed: No error
ERROR: [Common 17-180] Spawn failed: No error
ERROR: [Common 17-180] Spawn failed: No error
file mkdir C:/Users/Prasit/Documents/hsec_proj_all/itoh_inv_final/project_1/project_1.srcs/sim_1/new
set_property SOURCE_SET sources_1 [get_filesets sim_1]
close [ open C:/Users/Prasit/Documents/hsec_proj_all/itoh_inv_final/project_1/project_1.srcs/sim_1/new/tb_gf283_top.v w ]
add_files -fileset sim_1 C:/Users/Prasit/Documents/hsec_proj_all/itoh_inv_final/project_1/project_1.srcs/sim_1/new/tb_gf283_top.v
ERROR: [Common 17-180] Spawn failed: No error
ERROR: [Common 17-180] Spawn failed: No error
WARNING: [filemgmt 56-199] Attempt to get parsing info during refresh. "On-the-fly" syntax checking information may be incorrect. [C:\Users\Prasit\Documents\hsec_proj_all\itoh_inv_final\project_1\project_1.srcs\sources_1\new\gf283_square.v:]
WARNING: [filemgmt 56-199] Attempt to get parsing info during refresh. "On-the-fly" syntax checking information may be incorrect. [C:\Users\Prasit\Documents\hsec_proj_all\itoh_inv_final\project_1\project_1.srcs\sources_1\new\gf283_top.v:]
WARNING: [filemgmt 56-199] Attempt to get parsing info during refresh. "On-the-fly" syntax checking information may be incorrect. [C:\Users\Prasit\Documents\hsec_proj_all\itoh_inv_final\project_1\project_1.srcs\sources_1\new\gf283_sqr_pow2k.v:]
WARNING: [filemgmt 56-199] Attempt to get parsing info during refresh. "On-the-fly" syntax checking information may be incorrect. [C:\Users\Prasit\Documents\hsec_proj_all\itoh_inv_final\project_1\project_1.srcs\sources_1\new\gf283_itoh_tsujii.v:]
WARNING: [filemgmt 56-199] Attempt to get parsing info during refresh. "On-the-fly" syntax checking information may be incorrect. [C:\Users\Prasit\Documents\hsec_proj_all\itoh_inv_final\project_1\project_1.srcs\sources_1\new\gf283_reduce.v:]
WARNING: [filemgmt 56-199] Attempt to get parsing info during refresh. "On-the-fly" syntax checking information may be incorrect. [C:\Users\Prasit\Documents\hsec_proj_all\itoh_inv_final\project_1\project_1.srcs\sources_1\new\gf283_mul_pipe.v:]
ERROR: [Common 17-180] Spawn failed: No error
update_compile_order -fileset sim_1
WARNING: [filemgmt 56-199] Attempt to get parsing info during refresh. "On-the-fly" syntax checking information may be incorrect. [C:\Users\Prasit\Documents\hsec_proj_all\itoh_inv_final\project_1\project_1.srcs\sources_1\new\gf283_square.v:]
WARNING: [filemgmt 56-199] Attempt to get parsing info during refresh. "On-the-fly" syntax checking information may be incorrect. [C:\Users\Prasit\Documents\hsec_proj_all\itoh_inv_final\project_1\project_1.srcs\sources_1\new\gf283_top.v:]
WARNING: [filemgmt 56-199] Attempt to get parsing info during refresh. "On-the-fly" syntax checking information may be incorrect. [C:\Users\Prasit\Documents\hsec_proj_all\itoh_inv_final\project_1\project_1.srcs\sources_1\new\gf283_sqr_pow2k.v:]
WARNING: [filemgmt 56-199] Attempt to get parsing info during refresh. "On-the-fly" syntax checking information may be incorrect. [C:\Users\Prasit\Documents\hsec_proj_all\itoh_inv_final\project_1\project_1.srcs\sources_1\new\gf283_itoh_tsujii.v:]
WARNING: [filemgmt 56-199] Attempt to get parsing info during refresh. "On-the-fly" syntax checking information may be incorrect. [C:\Users\Prasit\Documents\hsec_proj_all\itoh_inv_final\project_1\project_1.srcs\sources_1\new\gf283_reduce.v:]
WARNING: [filemgmt 56-199] Attempt to get parsing info during refresh. "On-the-fly" syntax checking information may be incorrect. [C:\Users\Prasit\Documents\hsec_proj_all\itoh_inv_final\project_1\project_1.srcs\sources_1\new\gf283_mul_pipe.v:]
WARNING: [filemgmt 56-199] Attempt to get parsing info during refresh. "On-the-fly" syntax checking information may be incorrect. [C:\Users\Prasit\Documents\hsec_proj_all\itoh_inv_final\project_1\project_1.srcs\sources_1\new\gf283_square.v:]
WARNING: [filemgmt 56-199] Attempt to get parsing info during refresh. "On-the-fly" syntax checking information may be incorrect. [C:\Users\Prasit\Documents\hsec_proj_all\itoh_inv_final\project_1\project_1.srcs\sources_1\new\gf283_top.v:]
WARNING: [filemgmt 56-199] Attempt to get parsing info during refresh. "On-the-fly" syntax checking information may be incorrect. [C:\Users\Prasit\Documents\hsec_proj_all\itoh_inv_final\project_1\project_1.srcs\sources_1\new\gf283_sqr_pow2k.v:]
WARNING: [filemgmt 56-199] Attempt to get parsing info during refresh. "On-the-fly" syntax checking information may be incorrect. [C:\Users\Prasit\Documents\hsec_proj_all\itoh_inv_final\project_1\project_1.srcs\sources_1\new\gf283_itoh_tsujii.v:]
WARNING: [filemgmt 56-199] Attempt to get parsing info during refresh. "On-the-fly" syntax checking information may be incorrect. [C:\Users\Prasit\Documents\hsec_proj_all\itoh_inv_final\project_1\project_1.srcs\sources_1\new\gf283_reduce.v:]
WARNING: [filemgmt 56-199] Attempt to get parsing info during refresh. "On-the-fly" syntax checking information may be incorrect. [C:\Users\Prasit\Documents\hsec_proj_all\itoh_inv_final\project_1\project_1.srcs\sources_1\new\gf283_mul_pipe.v:]
WARNING: [filemgmt 56-199] Attempt to get parsing info during refresh. "On-the-fly" syntax checking information may be incorrect. [C:\Users\Prasit\Documents\hsec_proj_all\itoh_inv_final\project_1\project_1.srcs\sources_1\new\gf283_square.v:]
WARNING: [filemgmt 56-199] Attempt to get parsing info during refresh. "On-the-fly" syntax checking information may be incorrect. [C:\Users\Prasit\Documents\hsec_proj_all\itoh_inv_final\project_1\project_1.srcs\sources_1\new\gf283_top.v:]
WARNING: [filemgmt 56-199] Attempt to get parsing info during refresh. "On-the-fly" syntax checking information may be incorrect. [C:\Users\Prasit\Documents\hsec_proj_all\itoh_inv_final\project_1\project_1.srcs\sources_1\new\gf283_sqr_pow2k.v:]
WARNING: [filemgmt 56-199] Attempt to get parsing info during refresh. "On-the-fly" syntax checking information may be incorrect. [C:\Users\Prasit\Documents\hsec_proj_all\itoh_inv_final\project_1\project_1.srcs\sources_1\new\gf283_itoh_tsujii.v:]
WARNING: [filemgmt 56-199] Attempt to get parsing info during refresh. "On-the-fly" syntax checking information may be incorrect. [C:\Users\Prasit\Documents\hsec_proj_all\itoh_inv_final\project_1\project_1.srcs\sources_1\new\gf283_reduce.v:]
WARNING: [filemgmt 56-199] Attempt to get parsing info during refresh. "On-the-fly" syntax checking information may be incorrect. [C:\Users\Prasit\Documents\hsec_proj_all\itoh_inv_final\project_1\project_1.srcs\sources_1\new\gf283_mul_pipe.v:]
WARNING: [filemgmt 56-199] Attempt to get parsing info during refresh. "On-the-fly" syntax checking information may be incorrect. [C:\Users\Prasit\Documents\hsec_proj_all\itoh_inv_final\project_1\project_1.srcs\sources_1\new\gf283_square.v:]
WARNING: [filemgmt 56-199] Attempt to get parsing info during refresh. "On-the-fly" syntax checking information may be incorrect. [C:\Users\Prasit\Documents\hsec_proj_all\itoh_inv_final\project_1\project_1.srcs\sources_1\new\gf283_top.v:]
WARNING: [filemgmt 56-199] Attempt to get parsing info during refresh. "On-the-fly" syntax checking information may be incorrect. [C:\Users\Prasit\Documents\hsec_proj_all\itoh_inv_final\project_1\project_1.srcs\sources_1\new\gf283_sqr_pow2k.v:]
WARNING: [filemgmt 56-199] Attempt to get parsing info during refresh. "On-the-fly" syntax checking information may be incorrect. [C:\Users\Prasit\Documents\hsec_proj_all\itoh_inv_final\project_1\project_1.srcs\sources_1\new\gf283_itoh_tsujii.v:]
WARNING: [filemgmt 56-199] Attempt to get parsing info during refresh. "On-the-fly" syntax checking information may be incorrect. [C:\Users\Prasit\Documents\hsec_proj_all\itoh_inv_final\project_1\project_1.srcs\sources_1\new\gf283_reduce.v:]
WARNING: [filemgmt 56-199] Attempt to get parsing info during refresh. "On-the-fly" syntax checking information may be incorrect. [C:\Users\Prasit\Documents\hsec_proj_all\itoh_inv_final\project_1\project_1.srcs\sources_1\new\gf283_mul_pipe.v:]
ERROR: [Common 17-180] Spawn failed: No error
WARNING: [filemgmt 56-199] Attempt to get parsing info during refresh. "On-the-fly" syntax checking information may be incorrect. [C:\Users\Prasit\Documents\hsec_proj_all\itoh_inv_final\project_1\project_1.srcs\sources_1\new\gf283_square.v:]
WARNING: [filemgmt 56-199] Attempt to get parsing info during refresh. "On-the-fly" syntax checking information may be incorrect. [C:\Users\Prasit\Documents\hsec_proj_all\itoh_inv_final\project_1\project_1.srcs\sources_1\new\gf283_top.v:]
WARNING: [filemgmt 56-199] Attempt to get parsing info during refresh. "On-the-fly" syntax checking information may be incorrect. [C:\Users\Prasit\Documents\hsec_proj_all\itoh_inv_final\project_1\project_1.srcs\sources_1\new\gf283_sqr_pow2k.v:]
WARNING: [filemgmt 56-199] Attempt to get parsing info during refresh. "On-the-fly" syntax checking information may be incorrect. [C:\Users\Prasit\Documents\hsec_proj_all\itoh_inv_final\project_1\project_1.srcs\sources_1\new\gf283_itoh_tsujii.v:]
WARNING: [filemgmt 56-199] Attempt to get parsing info during refresh. "On-the-fly" syntax checking information may be incorrect. [C:\Users\Prasit\Documents\hsec_proj_all\itoh_inv_final\project_1\project_1.srcs\sources_1\new\gf283_reduce.v:]
WARNING: [filemgmt 56-199] Attempt to get parsing info during refresh. "On-the-fly" syntax checking information may be incorrect. [C:\Users\Prasit\Documents\hsec_proj_all\itoh_inv_final\project_1\project_1.srcs\sources_1\new\gf283_mul_pipe.v:]
ERROR: [Common 17-180] Spawn failed: No error
WARNING: [filemgmt 56-199] Attempt to get parsing info during refresh. "On-the-fly" syntax checking information may be incorrect. [C:\Users\Prasit\Documents\hsec_proj_all\itoh_inv_final\project_1\project_1.srcs\sources_1\new\gf283_square.v:]
WARNING: [filemgmt 56-199] Attempt to get parsing info during refresh. "On-the-fly" syntax checking information may be incorrect. [C:\Users\Prasit\Documents\hsec_proj_all\itoh_inv_final\project_1\project_1.srcs\sources_1\new\gf283_top.v:]
WARNING: [filemgmt 56-199] Attempt to get parsing info during refresh. "On-the-fly" syntax checking information may be incorrect. [C:\Users\Prasit\Documents\hsec_proj_all\itoh_inv_final\project_1\project_1.srcs\sim_1\new\tb_gf283_top.v:]
WARNING: [filemgmt 56-199] Attempt to get parsing info during refresh. "On-the-fly" syntax checking information may be incorrect. [C:\Users\Prasit\Documents\hsec_proj_all\itoh_inv_final\project_1\project_1.srcs\sources_1\new\gf283_sqr_pow2k.v:]
WARNING: [filemgmt 56-199] Attempt to get parsing info during refresh. "On-the-fly" syntax checking information may be incorrect. [C:\Users\Prasit\Documents\hsec_proj_all\itoh_inv_final\project_1\project_1.srcs\sources_1\new\gf283_itoh_tsujii.v:]
WARNING: [filemgmt 56-199] Attempt to get parsing info during refresh. "On-the-fly" syntax checking information may be incorrect. [C:\Users\Prasit\Documents\hsec_proj_all\itoh_inv_final\project_1\project_1.srcs\sources_1\new\gf283_reduce.v:]
WARNING: [filemgmt 56-199] Attempt to get parsing info during refresh. "On-the-fly" syntax checking information may be incorrect. [C:\Users\Prasit\Documents\hsec_proj_all\itoh_inv_final\project_1\project_1.srcs\sources_1\new\gf283_mul_pipe.v:]
WARNING: [filemgmt 56-199] Attempt to get parsing info during refresh. "On-the-fly" syntax checking information may be incorrect. [C:\Users\Prasit\Documents\hsec_proj_all\itoh_inv_final\project_1\project_1.srcs\sources_1\new\gf283_square.v:]
WARNING: [filemgmt 56-199] Attempt to get parsing info during refresh. "On-the-fly" syntax checking information may be incorrect. [C:\Users\Prasit\Documents\hsec_proj_all\itoh_inv_final\project_1\project_1.srcs\sources_1\new\gf283_top.v:]
WARNING: [filemgmt 56-199] Attempt to get parsing info during refresh. "On-the-fly" syntax checking information may be incorrect. [C:\Users\Prasit\Documents\hsec_proj_all\itoh_inv_final\project_1\project_1.srcs\sim_1\new\tb_gf283_top.v:]
WARNING: [filemgmt 56-199] Attempt to get parsing info during refresh. "On-the-fly" syntax checking information may be incorrect. [C:\Users\Prasit\Documents\hsec_proj_all\itoh_inv_final\project_1\project_1.srcs\sources_1\new\gf283_sqr_pow2k.v:]
WARNING: [filemgmt 56-199] Attempt to get parsing info during refresh. "On-the-fly" syntax checking information may be incorrect. [C:\Users\Prasit\Documents\hsec_proj_all\itoh_inv_final\project_1\project_1.srcs\sources_1\new\gf283_itoh_tsujii.v:]
WARNING: [filemgmt 56-199] Attempt to get parsing info during refresh. "On-the-fly" syntax checking information may be incorrect. [C:\Users\Prasit\Documents\hsec_proj_all\itoh_inv_final\project_1\project_1.srcs\sources_1\new\gf283_reduce.v:]
WARNING: [filemgmt 56-199] Attempt to get parsing info during refresh. "On-the-fly" syntax checking information may be incorrect. [C:\Users\Prasit\Documents\hsec_proj_all\itoh_inv_final\project_1\project_1.srcs\sources_1\new\gf283_mul_pipe.v:]
WARNING: [filemgmt 56-199] Attempt to get parsing info during refresh. "On-the-fly" syntax checking information may be incorrect. [C:\Users\Prasit\Documents\hsec_proj_all\itoh_inv_final\project_1\project_1.srcs\sources_1\new\gf283_square.v:]
WARNING: [filemgmt 56-199] Attempt to get parsing info during refresh. "On-the-fly" syntax checking information may be incorrect. [C:\Users\Prasit\Documents\hsec_proj_all\itoh_inv_final\project_1\project_1.srcs\sources_1\new\gf283_top.v:]
WARNING: [filemgmt 56-199] Attempt to get parsing info during refresh. "On-the-fly" syntax checking information may be incorrect. [C:\Users\Prasit\Documents\hsec_proj_all\itoh_inv_final\project_1\project_1.srcs\sim_1\new\tb_gf283_top.v:]
WARNING: [filemgmt 56-199] Attempt to get parsing info during refresh. "On-the-fly" syntax checking information may be incorrect. [C:\Users\Prasit\Documents\hsec_proj_all\itoh_inv_final\project_1\project_1.srcs\sources_1\new\gf283_sqr_pow2k.v:]
WARNING: [filemgmt 56-199] Attempt to get parsing info during refresh. "On-the-fly" syntax checking information may be incorrect. [C:\Users\Prasit\Documents\hsec_proj_all\itoh_inv_final\project_1\project_1.srcs\sources_1\new\gf283_itoh_tsujii.v:]
WARNING: [filemgmt 56-199] Attempt to get parsing info during refresh. "On-the-fly" syntax checking information may be incorrect. [C:\Users\Prasit\Documents\hsec_proj_all\itoh_inv_final\project_1\project_1.srcs\sources_1\new\gf283_reduce.v:]
WARNING: [filemgmt 56-199] Attempt to get parsing info during refresh. "On-the-fly" syntax checking information may be incorrect. [C:\Users\Prasit\Documents\hsec_proj_all\itoh_inv_final\project_1\project_1.srcs\sources_1\new\gf283_mul_pipe.v:]
WARNING: [filemgmt 56-199] Attempt to get parsing info during refresh. "On-the-fly" syntax checking information may be incorrect. [C:\Users\Prasit\Documents\hsec_proj_all\itoh_inv_final\project_1\project_1.srcs\sources_1\new\gf283_square.v:]
WARNING: [filemgmt 56-199] Attempt to get parsing info during refresh. "On-the-fly" syntax checking information may be incorrect. [C:\Users\Prasit\Documents\hsec_proj_all\itoh_inv_final\project_1\project_1.srcs\sources_1\new\gf283_top.v:]
WARNING: [filemgmt 56-199] Attempt to get parsing info during refresh. "On-the-fly" syntax checking information may be incorrect. [C:\Users\Prasit\Documents\hsec_proj_all\itoh_inv_final\project_1\project_1.srcs\sim_1\new\tb_gf283_top.v:]
WARNING: [filemgmt 56-199] Attempt to get parsing info during refresh. "On-the-fly" syntax checking information may be incorrect. [C:\Users\Prasit\Documents\hsec_proj_all\itoh_inv_final\project_1\project_1.srcs\sources_1\new\gf283_sqr_pow2k.v:]
WARNING: [filemgmt 56-199] Attempt to get parsing info during refresh. "On-the-fly" syntax checking information may be incorrect. [C:\Users\Prasit\Documents\hsec_proj_all\itoh_inv_final\project_1\project_1.srcs\sources_1\new\gf283_itoh_tsujii.v:]
WARNING: [filemgmt 56-199] Attempt to get parsing info during refresh. "On-the-fly" syntax checking information may be incorrect. [C:\Users\Prasit\Documents\hsec_proj_all\itoh_inv_final\project_1\project_1.srcs\sources_1\new\gf283_reduce.v:]
WARNING: [filemgmt 56-199] Attempt to get parsing info during refresh. "On-the-fly" syntax checking information may be incorrect. [C:\Users\Prasit\Documents\hsec_proj_all\itoh_inv_final\project_1\project_1.srcs\sources_1\new\gf283_mul_pipe.v:]
WARNING: [filemgmt 56-199] Attempt to get parsing info during refresh. "On-the-fly" syntax checking information may be incorrect. [C:\Users\Prasit\Documents\hsec_proj_all\itoh_inv_final\project_1\project_1.srcs\sources_1\new\gf283_square.v:]
WARNING: [filemgmt 56-199] Attempt to get parsing info during refresh. "On-the-fly" syntax checking information may be incorrect. [C:\Users\Prasit\Documents\hsec_proj_all\itoh_inv_final\project_1\project_1.srcs\sources_1\new\gf283_top.v:]
WARNING: [filemgmt 56-199] Attempt to get parsing info during refresh. "On-the-fly" syntax checking information may be incorrect. [C:\Users\Prasit\Documents\hsec_proj_all\itoh_inv_final\project_1\project_1.srcs\sim_1\new\tb_gf283_top.v:]
WARNING: [filemgmt 56-199] Attempt to get parsing info during refresh. "On-the-fly" syntax checking information may be incorrect. [C:\Users\Prasit\Documents\hsec_proj_all\itoh_inv_final\project_1\project_1.srcs\sources_1\new\gf283_sqr_pow2k.v:]
WARNING: [filemgmt 56-199] Attempt to get parsing info during refresh. "On-the-fly" syntax checking information may be incorrect. [C:\Users\Prasit\Documents\hsec_proj_all\itoh_inv_final\project_1\project_1.srcs\sources_1\new\gf283_itoh_tsujii.v:]
WARNING: [filemgmt 56-199] Attempt to get parsing info during refresh. "On-the-fly" syntax checking information may be incorrect. [C:\Users\Prasit\Documents\hsec_proj_all\itoh_inv_final\project_1\project_1.srcs\sources_1\new\gf283_reduce.v:]
WARNING: [filemgmt 56-199] Attempt to get parsing info during refresh. "On-the-fly" syntax checking information may be incorrect. [C:\Users\Prasit\Documents\hsec_proj_all\itoh_inv_final\project_1\project_1.srcs\sources_1\new\gf283_mul_pipe.v:]
WARNING: [filemgmt 56-199] Attempt to get parsing info during refresh. "On-the-fly" syntax checking information may be incorrect. [C:\Users\Prasit\Documents\hsec_proj_all\itoh_inv_final\project_1\project_1.srcs\sources_1\new\gf283_square.v:]
WARNING: [filemgmt 56-199] Attempt to get parsing info during refresh. "On-the-fly" syntax checking information may be incorrect. [C:\Users\Prasit\Documents\hsec_proj_all\itoh_inv_final\project_1\project_1.srcs\sources_1\new\gf283_top.v:]
WARNING: [filemgmt 56-199] Attempt to get parsing info during refresh. "On-the-fly" syntax checking information may be incorrect. [C:\Users\Prasit\Documents\hsec_proj_all\itoh_inv_final\project_1\project_1.srcs\sim_1\new\tb_gf283_top.v:]
WARNING: [filemgmt 56-199] Attempt to get parsing info during refresh. "On-the-fly" syntax checking information may be incorrect. [C:\Users\Prasit\Documents\hsec_proj_all\itoh_inv_final\project_1\project_1.srcs\sources_1\new\gf283_sqr_pow2k.v:]
WARNING: [filemgmt 56-199] Attempt to get parsing info during refresh. "On-the-fly" syntax checking information may be incorrect. [C:\Users\Prasit\Documents\hsec_proj_all\itoh_inv_final\project_1\project_1.srcs\sources_1\new\gf283_itoh_tsujii.v:]
WARNING: [filemgmt 56-199] Attempt to get parsing info during refresh. "On-the-fly" syntax checking information may be incorrect. [C:\Users\Prasit\Documents\hsec_proj_all\itoh_inv_final\project_1\project_1.srcs\sources_1\new\gf283_reduce.v:]
WARNING: [filemgmt 56-199] Attempt to get parsing info during refresh. "On-the-fly" syntax checking information may be incorrect. [C:\Users\Prasit\Documents\hsec_proj_all\itoh_inv_final\project_1\project_1.srcs\sources_1\new\gf283_mul_pipe.v:]
WARNING: [filemgmt 56-199] Attempt to get parsing info during refresh. "On-the-fly" syntax checking information may be incorrect. [C:\Users\Prasit\Documents\hsec_proj_all\itoh_inv_final\project_1\project_1.srcs\sources_1\new\gf283_square.v:]
WARNING: [filemgmt 56-199] Attempt to get parsing info during refresh. "On-the-fly" syntax checking information may be incorrect. [C:\Users\Prasit\Documents\hsec_proj_all\itoh_inv_final\project_1\project_1.srcs\sources_1\new\gf283_top.v:]
WARNING: [filemgmt 56-199] Attempt to get parsing info during refresh. "On-the-fly" syntax checking information may be incorrect. [C:\Users\Prasit\Documents\hsec_proj_all\itoh_inv_final\project_1\project_1.srcs\sim_1\new\tb_gf283_top.v:]
WARNING: [filemgmt 56-199] Attempt to get parsing info during refresh. "On-the-fly" syntax checking information may be incorrect. [C:\Users\Prasit\Documents\hsec_proj_all\itoh_inv_final\project_1\project_1.srcs\sources_1\new\gf283_sqr_pow2k.v:]
WARNING: [filemgmt 56-199] Attempt to get parsing info during refresh. "On-the-fly" syntax checking information may be incorrect. [C:\Users\Prasit\Documents\hsec_proj_all\itoh_inv_final\project_1\project_1.srcs\sources_1\new\gf283_itoh_tsujii.v:]
WARNING: [filemgmt 56-199] Attempt to get parsing info during refresh. "On-the-fly" syntax checking information may be incorrect. [C:\Users\Prasit\Documents\hsec_proj_all\itoh_inv_final\project_1\project_1.srcs\sources_1\new\gf283_reduce.v:]
WARNING: [filemgmt 56-199] Attempt to get parsing info during refresh. "On-the-fly" syntax checking information may be incorrect. [C:\Users\Prasit\Documents\hsec_proj_all\itoh_inv_final\project_1\project_1.srcs\sources_1\new\gf283_mul_pipe.v:]
WARNING: [filemgmt 56-199] Attempt to get parsing info during refresh. "On-the-fly" syntax checking information may be incorrect. [C:\Users\Prasit\Documents\hsec_proj_all\itoh_inv_final\project_1\project_1.srcs\sources_1\new\gf283_square.v:]
WARNING: [filemgmt 56-199] Attempt to get parsing info during refresh. "On-the-fly" syntax checking information may be incorrect. [C:\Users\Prasit\Documents\hsec_proj_all\itoh_inv_final\project_1\project_1.srcs\sources_1\new\gf283_top.v:]
WARNING: [filemgmt 56-199] Attempt to get parsing info during refresh. "On-the-fly" syntax checking information may be incorrect. [C:\Users\Prasit\Documents\hsec_proj_all\itoh_inv_final\project_1\project_1.srcs\sim_1\new\tb_gf283_top.v:]
WARNING: [filemgmt 56-199] Attempt to get parsing info during refresh. "On-the-fly" syntax checking information may be incorrect. [C:\Users\Prasit\Documents\hsec_proj_all\itoh_inv_final\project_1\project_1.srcs\sources_1\new\gf283_sqr_pow2k.v:]
WARNING: [filemgmt 56-199] Attempt to get parsing info during refresh. "On-the-fly" syntax checking information may be incorrect. [C:\Users\Prasit\Documents\hsec_proj_all\itoh_inv_final\project_1\project_1.srcs\sources_1\new\gf283_itoh_tsujii.v:]
WARNING: [filemgmt 56-199] Attempt to get parsing info during refresh. "On-the-fly" syntax checking information may be incorrect. [C:\Users\Prasit\Documents\hsec_proj_all\itoh_inv_final\project_1\project_1.srcs\sources_1\new\gf283_reduce.v:]
WARNING: [filemgmt 56-199] Attempt to get parsing info during refresh. "On-the-fly" syntax checking information may be incorrect. [C:\Users\Prasit\Documents\hsec_proj_all\itoh_inv_final\project_1\project_1.srcs\sources_1\new\gf283_mul_pipe.v:]
WARNING: [filemgmt 56-199] Attempt to get parsing info during refresh. "On-the-fly" syntax checking information may be incorrect. [C:\Users\Prasit\Documents\hsec_proj_all\itoh_inv_final\project_1\project_1.srcs\sources_1\new\gf283_square.v:]
WARNING: [filemgmt 56-199] Attempt to get parsing info during refresh. "On-the-fly" syntax checking information may be incorrect. [C:\Users\Prasit\Documents\hsec_proj_all\itoh_inv_final\project_1\project_1.srcs\sources_1\new\gf283_top.v:]
WARNING: [filemgmt 56-199] Attempt to get parsing info during refresh. "On-the-fly" syntax checking information may be incorrect. [C:\Users\Prasit\Documents\hsec_proj_all\itoh_inv_final\project_1\project_1.srcs\sim_1\new\tb_gf283_top.v:]
WARNING: [filemgmt 56-199] Attempt to get parsing info during refresh. "On-the-fly" syntax checking information may be incorrect. [C:\Users\Prasit\Documents\hsec_proj_all\itoh_inv_final\project_1\project_1.srcs\sources_1\new\gf283_sqr_pow2k.v:]
WARNING: [filemgmt 56-199] Attempt to get parsing info during refresh. "On-the-fly" syntax checking information may be incorrect. [C:\Users\Prasit\Documents\hsec_proj_all\itoh_inv_final\project_1\project_1.srcs\sources_1\new\gf283_itoh_tsujii.v:]
WARNING: [filemgmt 56-199] Attempt to get parsing info during refresh. "On-the-fly" syntax checking information may be incorrect. [C:\Users\Prasit\Documents\hsec_proj_all\itoh_inv_final\project_1\project_1.srcs\sources_1\new\gf283_reduce.v:]
WARNING: [filemgmt 56-199] Attempt to get parsing info during refresh. "On-the-fly" syntax checking information may be incorrect. [C:\Users\Prasit\Documents\hsec_proj_all\itoh_inv_final\project_1\project_1.srcs\sources_1\new\gf283_mul_pipe.v:]
WARNING: [filemgmt 56-199] Attempt to get parsing info during refresh. "On-the-fly" syntax checking information may be incorrect. [C:\Users\Prasit\Documents\hsec_proj_all\itoh_inv_final\project_1\project_1.srcs\sources_1\new\gf283_square.v:]
WARNING: [filemgmt 56-199] Attempt to get parsing info during refresh. "On-the-fly" syntax checking information may be incorrect. [C:\Users\Prasit\Documents\hsec_proj_all\itoh_inv_final\project_1\project_1.srcs\sources_1\new\gf283_top.v:]
WARNING: [filemgmt 56-199] Attempt to get parsing info during refresh. "On-the-fly" syntax checking information may be incorrect. [C:\Users\Prasit\Documents\hsec_proj_all\itoh_inv_final\project_1\project_1.srcs\sim_1\new\tb_gf283_top.v:]
WARNING: [filemgmt 56-199] Attempt to get parsing info during refresh. "On-the-fly" syntax checking information may be incorrect. [C:\Users\Prasit\Documents\hsec_proj_all\itoh_inv_final\project_1\project_1.srcs\sources_1\new\gf283_sqr_pow2k.v:]
WARNING: [filemgmt 56-199] Attempt to get parsing info during refresh. "On-the-fly" syntax checking information may be incorrect. [C:\Users\Prasit\Documents\hsec_proj_all\itoh_inv_final\project_1\project_1.srcs\sources_1\new\gf283_itoh_tsujii.v:]
WARNING: [filemgmt 56-199] Attempt to get parsing info during refresh. "On-the-fly" syntax checking information may be incorrect. [C:\Users\Prasit\Documents\hsec_proj_all\itoh_inv_final\project_1\project_1.srcs\sources_1\new\gf283_reduce.v:]
WARNING: [filemgmt 56-199] Attempt to get parsing info during refresh. "On-the-fly" syntax checking information may be incorrect. [C:\Users\Prasit\Documents\hsec_proj_all\itoh_inv_final\project_1\project_1.srcs\sources_1\new\gf283_mul_pipe.v:]
ERROR: [Common 17-180] Spawn failed: No error
WARNING: [filemgmt 56-199] Attempt to get parsing info during refresh. "On-the-fly" syntax checking information may be incorrect. [C:\Users\Prasit\Documents\hsec_proj_all\itoh_inv_final\project_1\project_1.srcs\sources_1\new\gf283_square.v:]
WARNING: [filemgmt 56-199] Attempt to get parsing info during refresh. "On-the-fly" syntax checking information may be incorrect. [C:\Users\Prasit\Documents\hsec_proj_all\itoh_inv_final\project_1\project_1.srcs\sources_1\new\gf283_top.v:]
WARNING: [filemgmt 56-199] Attempt to get parsing info during refresh. "On-the-fly" syntax checking information may be incorrect. [C:\Users\Prasit\Documents\hsec_proj_all\itoh_inv_final\project_1\project_1.srcs\sim_1\new\tb_gf283_top.v:]
WARNING: [filemgmt 56-199] Attempt to get parsing info during refresh. "On-the-fly" syntax checking information may be incorrect. [C:\Users\Prasit\Documents\hsec_proj_all\itoh_inv_final\project_1\project_1.srcs\sources_1\new\gf283_sqr_pow2k.v:]
WARNING: [filemgmt 56-199] Attempt to get parsing info during refresh. "On-the-fly" syntax checking information may be incorrect. [C:\Users\Prasit\Documents\hsec_proj_all\itoh_inv_final\project_1\project_1.srcs\sources_1\new\gf283_itoh_tsujii.v:]
WARNING: [filemgmt 56-199] Attempt to get parsing info during refresh. "On-the-fly" syntax checking information may be incorrect. [C:\Users\Prasit\Documents\hsec_proj_all\itoh_inv_final\project_1\project_1.srcs\sources_1\new\gf283_reduce.v:]
WARNING: [filemgmt 56-199] Attempt to get parsing info during refresh. "On-the-fly" syntax checking information may be incorrect. [C:\Users\Prasit\Documents\hsec_proj_all\itoh_inv_final\project_1\project_1.srcs\sources_1\new\gf283_mul_pipe.v:]
ERROR: [Common 17-180] Spawn failed: No error
WARNING: [filemgmt 56-199] Attempt to get parsing info during refresh. "On-the-fly" syntax checking information may be incorrect. [C:\Users\Prasit\Documents\hsec_proj_all\itoh_inv_final\project_1\project_1.srcs\sources_1\new\gf283_square.v:]
WARNING: [filemgmt 56-199] Attempt to get parsing info during refresh. "On-the-fly" syntax checking information may be incorrect. [C:\Users\Prasit\Documents\hsec_proj_all\itoh_inv_final\project_1\project_1.srcs\sources_1\new\gf283_top.v:]
WARNING: [filemgmt 56-199] Attempt to get parsing info during refresh. "On-the-fly" syntax checking information may be incorrect. [C:\Users\Prasit\Documents\hsec_proj_all\itoh_inv_final\project_1\project_1.srcs\sim_1\new\tb_gf283_top.v:]
WARNING: [filemgmt 56-199] Attempt to get parsing info during refresh. "On-the-fly" syntax checking information may be incorrect. [C:\Users\Prasit\Documents\hsec_proj_all\itoh_inv_final\project_1\project_1.srcs\sources_1\new\gf283_sqr_pow2k.v:]
WARNING: [filemgmt 56-199] Attempt to get parsing info during refresh. "On-the-fly" syntax checking information may be incorrect. [C:\Users\Prasit\Documents\hsec_proj_all\itoh_inv_final\project_1\project_1.srcs\sources_1\new\gf283_itoh_tsujii.v:]
WARNING: [filemgmt 56-199] Attempt to get parsing info during refresh. "On-the-fly" syntax checking information may be incorrect. [C:\Users\Prasit\Documents\hsec_proj_all\itoh_inv_final\project_1\project_1.srcs\sources_1\new\gf283_reduce.v:]
WARNING: [filemgmt 56-199] Attempt to get parsing info during refresh. "On-the-fly" syntax checking information may be incorrect. [C:\Users\Prasit\Documents\hsec_proj_all\itoh_inv_final\project_1\project_1.srcs\sources_1\new\gf283_mul_pipe.v:]
ERROR: [Common 17-180] Spawn failed: No error
update_compile_order -fileset sim_1
WARNING: [filemgmt 56-199] Attempt to get parsing info during refresh. "On-the-fly" syntax checking information may be incorrect. [C:\Users\Prasit\Documents\hsec_proj_all\itoh_inv_final\project_1\project_1.srcs\sources_1\new\gf283_square.v:]
WARNING: [filemgmt 56-199] Attempt to get parsing info during refresh. "On-the-fly" syntax checking information may be incorrect. [C:\Users\Prasit\Documents\hsec_proj_all\itoh_inv_final\project_1\project_1.srcs\sources_1\new\gf283_top.v:]
WARNING: [filemgmt 56-199] Attempt to get parsing info during refresh. "On-the-fly" syntax checking information may be incorrect. [C:\Users\Prasit\Documents\hsec_proj_all\itoh_inv_final\project_1\project_1.srcs\sim_1\new\tb_gf283_top.v:]
WARNING: [filemgmt 56-199] Attempt to get parsing info during refresh. "On-the-fly" syntax checking information may be incorrect. [C:\Users\Prasit\Documents\hsec_proj_all\itoh_inv_final\project_1\project_1.srcs\sources_1\new\gf283_sqr_pow2k.v:]
WARNING: [filemgmt 56-199] Attempt to get parsing info during refresh. "On-the-fly" syntax checking information may be incorrect. [C:\Users\Prasit\Documents\hsec_proj_all\itoh_inv_final\project_1\project_1.srcs\sources_1\new\gf283_itoh_tsujii.v:]
WARNING: [filemgmt 56-199] Attempt to get parsing info during refresh. "On-the-fly" syntax checking information may be incorrect. [C:\Users\Prasit\Documents\hsec_proj_all\itoh_inv_final\project_1\project_1.srcs\sources_1\new\gf283_reduce.v:]
WARNING: [filemgmt 56-199] Attempt to get parsing info during refresh. "On-the-fly" syntax checking information may be incorrect. [C:\Users\Prasit\Documents\hsec_proj_all\itoh_inv_final\project_1\project_1.srcs\sources_1\new\gf283_mul_pipe.v:]
WARNING: [filemgmt 56-199] Attempt to get parsing info during refresh. "On-the-fly" syntax checking information may be incorrect. [C:\Users\Prasit\Documents\hsec_proj_all\itoh_inv_final\project_1\project_1.srcs\sources_1\new\gf283_square.v:]
WARNING: [filemgmt 56-199] Attempt to get parsing info during refresh. "On-the-fly" syntax checking information may be incorrect. [C:\Users\Prasit\Documents\hsec_proj_all\itoh_inv_final\project_1\project_1.srcs\sources_1\new\gf283_top.v:]
WARNING: [filemgmt 56-199] Attempt to get parsing info during refresh. "On-the-fly" syntax checking information may be incorrect. [C:\Users\Prasit\Documents\hsec_proj_all\itoh_inv_final\project_1\project_1.srcs\sim_1\new\tb_gf283_top.v:]
WARNING: [filemgmt 56-199] Attempt to get parsing info during refresh. "On-the-fly" syntax checking information may be incorrect. [C:\Users\Prasit\Documents\hsec_proj_all\itoh_inv_final\project_1\project_1.srcs\sources_1\new\gf283_sqr_pow2k.v:]
WARNING: [filemgmt 56-199] Attempt to get parsing info during refresh. "On-the-fly" syntax checking information may be incorrect. [C:\Users\Prasit\Documents\hsec_proj_all\itoh_inv_final\project_1\project_1.srcs\sources_1\new\gf283_itoh_tsujii.v:]
WARNING: [filemgmt 56-199] Attempt to get parsing info during refresh. "On-the-fly" syntax checking information may be incorrect. [C:\Users\Prasit\Documents\hsec_proj_all\itoh_inv_final\project_1\project_1.srcs\sources_1\new\gf283_reduce.v:]
WARNING: [filemgmt 56-199] Attempt to get parsing info during refresh. "On-the-fly" syntax checking information may be incorrect. [C:\Users\Prasit\Documents\hsec_proj_all\itoh_inv_final\project_1\project_1.srcs\sources_1\new\gf283_mul_pipe.v:]
WARNING: [filemgmt 56-199] Attempt to get parsing info during refresh. "On-the-fly" syntax checking information may be incorrect. [C:\Users\Prasit\Documents\hsec_proj_all\itoh_inv_final\project_1\project_1.srcs\sources_1\new\gf283_square.v:]
WARNING: [filemgmt 56-199] Attempt to get parsing info during refresh. "On-the-fly" syntax checking information may be incorrect. [C:\Users\Prasit\Documents\hsec_proj_all\itoh_inv_final\project_1\project_1.srcs\sources_1\new\gf283_top.v:]
WARNING: [filemgmt 56-199] Attempt to get parsing info during refresh. "On-the-fly" syntax checking information may be incorrect. [C:\Users\Prasit\Documents\hsec_proj_all\itoh_inv_final\project_1\project_1.srcs\sim_1\new\tb_gf283_top.v:]
WARNING: [filemgmt 56-199] Attempt to get parsing info during refresh. "On-the-fly" syntax checking information may be incorrect. [C:\Users\Prasit\Documents\hsec_proj_all\itoh_inv_final\project_1\project_1.srcs\sources_1\new\gf283_sqr_pow2k.v:]
WARNING: [filemgmt 56-199] Attempt to get parsing info during refresh. "On-the-fly" syntax checking information may be incorrect. [C:\Users\Prasit\Documents\hsec_proj_all\itoh_inv_final\project_1\project_1.srcs\sources_1\new\gf283_itoh_tsujii.v:]
WARNING: [filemgmt 56-199] Attempt to get parsing info during refresh. "On-the-fly" syntax checking information may be incorrect. [C:\Users\Prasit\Documents\hsec_proj_all\itoh_inv_final\project_1\project_1.srcs\sources_1\new\gf283_reduce.v:]
WARNING: [filemgmt 56-199] Attempt to get parsing info during refresh. "On-the-fly" syntax checking information may be incorrect. [C:\Users\Prasit\Documents\hsec_proj_all\itoh_inv_final\project_1\project_1.srcs\sources_1\new\gf283_mul_pipe.v:]
WARNING: [filemgmt 56-199] Attempt to get parsing info during refresh. "On-the-fly" syntax checking information may be incorrect. [C:\Users\Prasit\Documents\hsec_proj_all\itoh_inv_final\project_1\project_1.srcs\sources_1\new\gf283_square.v:]
WARNING: [filemgmt 56-199] Attempt to get parsing info during refresh. "On-the-fly" syntax checking information may be incorrect. [C:\Users\Prasit\Documents\hsec_proj_all\itoh_inv_final\project_1\project_1.srcs\sources_1\new\gf283_top.v:]
WARNING: [filemgmt 56-199] Attempt to get parsing info during refresh. "On-the-fly" syntax checking information may be incorrect. [C:\Users\Prasit\Documents\hsec_proj_all\itoh_inv_final\project_1\project_1.srcs\sim_1\new\tb_gf283_top.v:]
WARNING: [filemgmt 56-199] Attempt to get parsing info during refresh. "On-the-fly" syntax checking information may be incorrect. [C:\Users\Prasit\Documents\hsec_proj_all\itoh_inv_final\project_1\project_1.srcs\sources_1\new\gf283_sqr_pow2k.v:]
WARNING: [filemgmt 56-199] Attempt to get parsing info during refresh. "On-the-fly" syntax checking information may be incorrect. [C:\Users\Prasit\Documents\hsec_proj_all\itoh_inv_final\project_1\project_1.srcs\sources_1\new\gf283_itoh_tsujii.v:]
WARNING: [filemgmt 56-199] Attempt to get parsing info during refresh. "On-the-fly" syntax checking information may be incorrect. [C:\Users\Prasit\Documents\hsec_proj_all\itoh_inv_final\project_1\project_1.srcs\sources_1\new\gf283_reduce.v:]
WARNING: [filemgmt 56-199] Attempt to get parsing info during refresh. "On-the-fly" syntax checking information may be incorrect. [C:\Users\Prasit\Documents\hsec_proj_all\itoh_inv_final\project_1\project_1.srcs\sources_1\new\gf283_mul_pipe.v:]
WARNING: [filemgmt 56-199] Attempt to get parsing info during refresh. "On-the-fly" syntax checking information may be incorrect. [C:\Users\Prasit\Documents\hsec_proj_all\itoh_inv_final\project_1\project_1.srcs\sources_1\new\gf283_square.v:]
WARNING: [filemgmt 56-199] Attempt to get parsing info during refresh. "On-the-fly" syntax checking information may be incorrect. [C:\Users\Prasit\Documents\hsec_proj_all\itoh_inv_final\project_1\project_1.srcs\sources_1\new\gf283_top.v:]
WARNING: [filemgmt 56-199] Attempt to get parsing info during refresh. "On-the-fly" syntax checking information may be incorrect. [C:\Users\Prasit\Documents\hsec_proj_all\itoh_inv_final\project_1\project_1.srcs\sim_1\new\tb_gf283_top.v:]
WARNING: [filemgmt 56-199] Attempt to get parsing info during refresh. "On-the-fly" syntax checking information may be incorrect. [C:\Users\Prasit\Documents\hsec_proj_all\itoh_inv_final\project_1\project_1.srcs\sources_1\new\gf283_sqr_pow2k.v:]
WARNING: [filemgmt 56-199] Attempt to get parsing info during refresh. "On-the-fly" syntax checking information may be incorrect. [C:\Users\Prasit\Documents\hsec_proj_all\itoh_inv_final\project_1\project_1.srcs\sources_1\new\gf283_itoh_tsujii.v:]
WARNING: [filemgmt 56-199] Attempt to get parsing info during refresh. "On-the-fly" syntax checking information may be incorrect. [C:\Users\Prasit\Documents\hsec_proj_all\itoh_inv_final\project_1\project_1.srcs\sources_1\new\gf283_reduce.v:]
WARNING: [filemgmt 56-199] Attempt to get parsing info during refresh. "On-the-fly" syntax checking information may be incorrect. [C:\Users\Prasit\Documents\hsec_proj_all\itoh_inv_final\project_1\project_1.srcs\sources_1\new\gf283_mul_pipe.v:]
WARNING: [filemgmt 56-199] Attempt to get parsing info during refresh. "On-the-fly" syntax checking information may be incorrect. [C:\Users\Prasit\Documents\hsec_proj_all\itoh_inv_final\project_1\project_1.srcs\sources_1\new\gf283_square.v:]
WARNING: [filemgmt 56-199] Attempt to get parsing info during refresh. "On-the-fly" syntax checking information may be incorrect. [C:\Users\Prasit\Documents\hsec_proj_all\itoh_inv_final\project_1\project_1.srcs\sources_1\new\gf283_top.v:]
WARNING: [filemgmt 56-199] Attempt to get parsing info during refresh. "On-the-fly" syntax checking information may be incorrect. [C:\Users\Prasit\Documents\hsec_proj_all\itoh_inv_final\project_1\project_1.srcs\sim_1\new\tb_gf283_top.v:]
WARNING: [filemgmt 56-199] Attempt to get parsing info during refresh. "On-the-fly" syntax checking information may be incorrect. [C:\Users\Prasit\Documents\hsec_proj_all\itoh_inv_final\project_1\project_1.srcs\sources_1\new\gf283_sqr_pow2k.v:]
WARNING: [filemgmt 56-199] Attempt to get parsing info during refresh. "On-the-fly" syntax checking information may be incorrect. [C:\Users\Prasit\Documents\hsec_proj_all\itoh_inv_final\project_1\project_1.srcs\sources_1\new\gf283_itoh_tsujii.v:]
WARNING: [filemgmt 56-199] Attempt to get parsing info during refresh. "On-the-fly" syntax checking information may be incorrect. [C:\Users\Prasit\Documents\hsec_proj_all\itoh_inv_final\project_1\project_1.srcs\sources_1\new\gf283_reduce.v:]
WARNING: [filemgmt 56-199] Attempt to get parsing info during refresh. "On-the-fly" syntax checking information may be incorrect. [C:\Users\Prasit\Documents\hsec_proj_all\itoh_inv_final\project_1\project_1.srcs\sources_1\new\gf283_mul_pipe.v:]
launch_simulation
Command: launch_simulation 
INFO: [Vivado 12-12493] Simulation top is 'tb_gf283_top'
WARNING: [Vivado 12-13340] Unable to auto find GCC executables from simulator install path! (path not set)
INFO: [Vivado 12-5682] Launching behavioral simulation in 'C:/Users/Prasit/Documents/hsec_proj_all/itoh_inv_final/project_1/project_1.sim/sim_1/behav/xsim'
INFO: [SIM-utils-51] Simulation object is 'sim_1'
INFO: [SIM-utils-72] Using boost library from 'C:/Xilinx/Vivado/2023.2/tps/boost_1_72_0'
INFO: [SIM-utils-54] Inspecting design source files for 'tb_gf283_top' in fileset 'sim_1'...
INFO: [USF-XSim-97] Finding global include files...
INFO: [USF-XSim-98] Fetching design files from 'sim_1'...
INFO: [USF-XSim-2] XSim::Compile design
INFO: [USF-XSim-61] Executing 'COMPILE and ANALYZE' step in 'C:/Users/Prasit/Documents/hsec_proj_all/itoh_inv_final/project_1/project_1.sim/sim_1/behav/xsim'
"xvlog --incr --relax -prj tb_gf283_top_vlog.prj"
ECHO is off.
ECHO is off.
INFO: [VRFC 10-2263] Analyzing Verilog file "C:/Users/Prasit/Documents/hsec_proj_all/itoh_inv_final/project_1/project_1.srcs/sources_1/new/gf283_itoh_tsujii.v" into library xil_defaultlib
INFO: [VRFC 10-311] analyzing module gf283_itoh_tsujii
INFO: [VRFC 10-2263] Analyzing Verilog file "C:/Users/Prasit/Documents/hsec_proj_all/itoh_inv_final/project_1/project_1.srcs/sources_1/new/gf283_mul_pipe.v" into library xil_defaultlib
INFO: [VRFC 10-311] analyzing module gf283_mul_pipe
INFO: [VRFC 10-2263] Analyzing Verilog file "C:/Users/Prasit/Documents/hsec_proj_all/itoh_inv_final/project_1/project_1.srcs/sources_1/new/gf283_reduce.v" into library xil_defaultlib
INFO: [VRFC 10-311] analyzing module gf283_reduce
INFO: [VRFC 10-2263] Analyzing Verilog file "C:/Users/Prasit/Documents/hsec_proj_all/itoh_inv_final/project_1/project_1.srcs/sources_1/new/gf283_sqr_pow2k.v" into library xil_defaultlib
INFO: [VRFC 10-311] analyzing module gf283_sqr_pow2k
INFO: [VRFC 10-2263] Analyzing Verilog file "C:/Users/Prasit/Documents/hsec_proj_all/itoh_inv_final/project_1/project_1.srcs/sources_1/new/gf283_square.v" into library xil_defaultlib
INFO: [VRFC 10-311] analyzing module gf283_square
INFO: [VRFC 10-2263] Analyzing Verilog file "C:/Users/Prasit/Documents/hsec_proj_all/itoh_inv_final/project_1/project_1.srcs/sources_1/new/gf283_top.v" into library xil_defaultlib
INFO: [VRFC 10-311] analyzing module gf283_top
INFO: [VRFC 10-2263] Analyzing Verilog file "C:/Users/Prasit/Documents/hsec_proj_all/itoh_inv_final/project_1/project_1.srcs/sources_1/new/ks141.v" into library xil_defaultlib
INFO: [VRFC 10-311] analyzing module ks141
INFO: [VRFC 10-2263] Analyzing Verilog file "C:/Users/Prasit/Documents/hsec_proj_all/itoh_inv_final/project_1/project_1.srcs/sources_1/new/ks142.v" into library xil_defaultlib
INFO: [VRFC 10-311] analyzing module ks142
INFO: [VRFC 10-2263] Analyzing Verilog file "C:/Users/Prasit/Documents/hsec_proj_all/itoh_inv_final/project_1/project_1.srcs/sources_1/new/ks17.v" into library xil_defaultlib
INFO: [VRFC 10-311] analyzing module ks17
INFO: [VRFC 10-2263] Analyzing Verilog file "C:/Users/Prasit/Documents/hsec_proj_all/itoh_inv_final/project_1/project_1.srcs/sources_1/new/ks18.v" into library xil_defaultlib
INFO: [VRFC 10-311] analyzing module ks18
INFO: [VRFC 10-2263] Analyzing Verilog file "C:/Users/Prasit/Documents/hsec_proj_all/itoh_inv_final/project_1/project_1.srcs/sources_1/new/ks283.v" into library xil_defaultlib
INFO: [VRFC 10-311] analyzing module ks283
INFO: [VRFC 10-2263] Analyzing Verilog file "C:/Users/Prasit/Documents/hsec_proj_all/itoh_inv_final/project_1/project_1.srcs/sources_1/new/ks35.v" into library xil_defaultlib
INFO: [VRFC 10-311] analyzing module ks35
INFO: [VRFC 10-2263] Analyzing Verilog file "C:/Users/Prasit/Documents/hsec_proj_all/itoh_inv_final/project_1/project_1.srcs/sources_1/new/ks36.v" into library xil_defaultlib
INFO: [VRFC 10-311] analyzing module ks36
INFO: [VRFC 10-2263] Analyzing Verilog file "C:/Users/Prasit/Documents/hsec_proj_all/itoh_inv_final/project_1/project_1.srcs/sources_1/new/ks70.v" into library xil_defaultlib
INFO: [VRFC 10-311] analyzing module ks70
INFO: [VRFC 10-2263] Analyzing Verilog file "C:/Users/Prasit/Documents/hsec_proj_all/itoh_inv_final/project_1/project_1.srcs/sources_1/new/ks71.v" into library xil_defaultlib
INFO: [VRFC 10-311] analyzing module ks71
INFO: [VRFC 10-2263] Analyzing Verilog file "C:/Users/Prasit/Documents/hsec_proj_all/itoh_inv_final/project_1/project_1.srcs/sim_1/new/tb_gf283_top.v" into library xil_defaultlib
INFO: [VRFC 10-311] analyzing module tb_gf283_top
INFO: [VRFC 10-2263] Analyzing Verilog file "C:/Users/Prasit/Documents/hsec_proj_all/itoh_inv_final/project_1/project_1.sim/sim_1/behav/xsim/glbl.v" into library xil_defaultlib
INFO: [VRFC 10-311] analyzing module glbl
INFO: [USF-XSim-69] 'compile' step finished in '2' seconds
INFO: [USF-XSim-3] XSim::Elaborate design
INFO: [USF-XSim-61] Executing 'ELABORATE' step in 'C:/Users/Prasit/Documents/hsec_proj_all/itoh_inv_final/project_1/project_1.sim/sim_1/behav/xsim'
"xelab --incr --debug typical --relax --mt 2 -L xil_defaultlib -L unisims_ver -L unimacro_ver -L secureip --snapshot tb_gf283_top_behav xil_defaultlib.tb_gf283_top xil_defaultlib.glbl -log elaborate.log"
ECHO is off.
ECHO is off.
Vivado Simulator v2023.2
Copyright 1986-2022 Xilinx, Inc. All Rights Reserved.
Copyright 2022-2023 Advanced Micro Devices, Inc. All Rights Reserved.
Running: C:/Xilinx/Vivado/2023.2/bin/unwrapped/win64.o/xelab.exe --incr --debug typical --relax --mt 2 -L xil_defaultlib -L unisims_ver -L unimacro_ver -L secureip --snapshot tb_gf283_top_behav xil_defaultlib.tb_gf283_top xil_defaultlib.glbl -log elaborate.log 
Using 2 slave threads.
Starting static elaboration
Pass Through NonSizing Optimizer
Completed static elaboration
Starting simulation data flow analysis
Completed simulation data flow analysis
Time Resolution for simulation is 1ps
Compiling module xil_defaultlib.ks18
Compiling module xil_defaultlib.ks36
Compiling module xil_defaultlib.ks17
Compiling module xil_defaultlib.ks35
Compiling module xil_defaultlib.ks71
Compiling module xil_defaultlib.ks142
Compiling module xil_defaultlib.ks70
Compiling module xil_defaultlib.ks141
Compiling module xil_defaultlib.ks283
Compiling module xil_defaultlib.gf283_reduce(WIN=565)
Compiling module xil_defaultlib.gf283_mul_pipe
Compiling module xil_defaultlib.gf283_square_default
Compiling module xil_defaultlib.gf283_sqr_pow2k_default
Compiling module xil_defaultlib.gf283_itoh_tsujii
Compiling module xil_defaultlib.gf283_top_default
Compiling module xil_defaultlib.tb_gf283_top
Compiling module xil_defaultlib.glbl
Built simulation snapshot tb_gf283_top_behav
INFO: [USF-XSim-69] 'elaborate' step finished in '5' seconds
INFO: [USF-XSim-4] XSim::Simulate design
INFO: [USF-XSim-61] Executing 'SIMULATE' step in 'C:/Users/Prasit/Documents/hsec_proj_all/itoh_inv_final/project_1/project_1.sim/sim_1/behav/xsim'
INFO: [USF-XSim-98] *** Running xsim
   with args "tb_gf283_top_behav -key {Behavioral:sim_1:Functional:tb_gf283_top} -tclbatch {tb_gf283_top.tcl} -log {simulate.log}"
INFO: [USF-XSim-8] Loading simulator feature
Time resolution is 1 ps
source tb_gf283_top.tcl
# set curr_wave [current_wave_config]
# if { [string length $curr_wave] == 0 } {
#   if { [llength [get_objects]] > 0} {
#     add_wave /
#     set_property needs_save false [current_wave_config]
#   } else {
#      send_msg_id Add_Wave-1 WARNING "No top level signals found. Simulator will start without a wave window. If you want to open a wave window go to 'File->New Waveform Configuration' or type 'create_wave_config' in the TCL console."
#   }
# }
# run 1000ns

==========================================================
 GF(2^283) top-level testbench
 f(x) = x^283 + x^12 + x^7 + x^5 + 1
 streaming width W = 32, 9 words per operand
==========================================================

---- Multiplication: golden vectors ----
INFO: [USF-XSim-96] XSim completed. Design snapshot 'tb_gf283_top_behav' loaded.
INFO: [USF-XSim-97] XSim simulation ran for 1000ns
launch_simulation: Time (s): cpu = 00:00:07 ; elapsed = 00:00:11 . Memory (MB): peak = 1614.848 ; gain = 44.102
close_sim
INFO: [Simtcl 6-16] Simulation closed
run -all
ERROR: [Simulator 45-6] No active Vivado Simulator simulation.  To use this command you must first start a simulation using Vivado Simulator.
launch_simulation
Command: launch_simulation 
INFO: [Vivado 12-12493] Simulation top is 'tb_gf283_top'
WARNING: [Vivado 12-13340] Unable to auto find GCC executables from simulator install path! (path not set)
INFO: [Vivado 12-5682] Launching behavioral simulation in 'C:/Users/Prasit/Documents/hsec_proj_all/itoh_inv_final/project_1/project_1.sim/sim_1/behav/xsim'
INFO: [SIM-utils-51] Simulation object is 'sim_1'
INFO: [SIM-utils-72] Using boost library from 'C:/Xilinx/Vivado/2023.2/tps/boost_1_72_0'
INFO: [SIM-utils-54] Inspecting design source files for 'tb_gf283_top' in fileset 'sim_1'...
INFO: [USF-XSim-97] Finding global include files...
INFO: [USF-XSim-98] Fetching design files from 'sim_1'...
INFO: [USF-XSim-2] XSim::Compile design
INFO: [USF-XSim-61] Executing 'COMPILE and ANALYZE' step in 'C:/Users/Prasit/Documents/hsec_proj_all/itoh_inv_final/project_1/project_1.sim/sim_1/behav/xsim'
"xvlog --incr --relax -prj tb_gf283_top_vlog.prj"
ECHO is off.
ECHO is off.
INFO: [USF-XSim-69] 'compile' step finished in '2' seconds
INFO: [USF-XSim-3] XSim::Elaborate design
INFO: [USF-XSim-61] Executing 'ELABORATE' step in 'C:/Users/Prasit/Documents/hsec_proj_all/itoh_inv_final/project_1/project_1.sim/sim_1/behav/xsim'
"xelab --incr --debug typical --relax --mt 2 -L xil_defaultlib -L unisims_ver -L unimacro_ver -L secureip --snapshot tb_gf283_top_behav xil_defaultlib.tb_gf283_top xil_defaultlib.glbl -log elaborate.log"
ECHO is off.
ECHO is off.
Vivado Simulator v2023.2
Copyright 1986-2022 Xilinx, Inc. All Rights Reserved.
Copyright 2022-2023 Advanced Micro Devices, Inc. All Rights Reserved.
Running: C:/Xilinx/Vivado/2023.2/bin/unwrapped/win64.o/xelab.exe --incr --debug typical --relax --mt 2 -L xil_defaultlib -L unisims_ver -L unimacro_ver -L secureip --snapshot tb_gf283_top_behav xil_defaultlib.tb_gf283_top xil_defaultlib.glbl -log elaborate.log 
Using 2 slave threads.
Starting static elaboration
Pass Through NonSizing Optimizer
Completed static elaboration
INFO: [XSIM 43-4323] No Change in HDL. Linking previously generated obj files to create kernel
INFO: [USF-XSim-69] 'elaborate' step finished in '2' seconds
INFO: [USF-XSim-4] XSim::Simulate design
INFO: [USF-XSim-61] Executing 'SIMULATE' step in 'C:/Users/Prasit/Documents/hsec_proj_all/itoh_inv_final/project_1/project_1.sim/sim_1/behav/xsim'
INFO: [USF-XSim-98] *** Running xsim
   with args "tb_gf283_top_behav -key {Behavioral:sim_1:Functional:tb_gf283_top} -tclbatch {tb_gf283_top.tcl} -log {simulate.log}"
INFO: [USF-XSim-8] Loading simulator feature
Time resolution is 1 ps
source tb_gf283_top.tcl
# set curr_wave [current_wave_config]
# if { [string length $curr_wave] == 0 } {
#   if { [llength [get_objects]] > 0} {
#     add_wave /
#     set_property needs_save false [current_wave_config]
#   } else {
#      send_msg_id Add_Wave-1 WARNING "No top level signals found. Simulator will start without a wave window. If you want to open a wave window go to 'File->New Waveform Configuration' or type 'create_wave_config' in the TCL console."
#   }
# }
# run 1000ns

==========================================================
 GF(2^283) top-level testbench
 f(x) = x^283 + x^12 + x^7 + x^5 + 1
 streaming width W = 32, 9 words per operand
==========================================================

---- Multiplication: golden vectors ----
INFO: [USF-XSim-96] XSim completed. Design snapshot 'tb_gf283_top_behav' loaded.
INFO: [USF-XSim-97] XSim simulation ran for 1000ns
launch_simulation: Time (s): cpu = 00:00:03 ; elapsed = 00:00:08 . Memory (MB): peak = 1627.355 ; gain = 7.820
run -all
[ PASS] MUL vector 0
[ PASS] MUL vector 1
[ PASS] MUL vector 2
[ PASS] MUL vector 3
[ PASS] MUL vector 4
[ PASS] MUL vector 5
[ PASS] MUL vector 6
[ PASS] MUL vector 7
[ PASS] MUL vector 8
[ PASS] MUL vector 9
[ PASS] MUL vector 10
[ PASS] MUL vector 11

---- Inversion: golden vectors ----
[ PASS] INV vector 0
[ PASS] INV vector 1
[ PASS] INV vector 2
[ PASS] INV vector 3
[ PASS] INV vector 4
[ PASS] INV vector 5
[ PASS] INV vector 6
[ PASS] INV vector 7
[ PASS] INV vector 8
[ PASS] INV vector 9
[ PASS] INV vector 10
[ PASS] INV vector 11

---- Multiplication: random vs reference model ----
[ PASS] MUL random 0
[ PASS] MUL random 1
[ PASS] MUL random 2
[ PASS] MUL random 3
[ PASS] MUL random 4

---- Inversion: random, checked by a * a^-1 == 1 ----
[ PASS] INV random 0  (a * a^-1)
[ PASS] INV random 1  (a * a^-1)
[ PASS] INV random 2  (a * a^-1)
[ PASS] INV random 3  (a * a^-1)
[ PASS] INV random 4  (a * a^-1)

---- Corner case: inversion of zero ----
[ PASS] err_zero asserted for a = 0

==========================================================
 checks run : 35
 failures   : 0
 RESULT     : *** ALL TESTS PASSED ***
==========================================================

$finish called at time : 88086 ns : File "C:/Users/Prasit/Documents/hsec_proj_all/itoh_inv_final/project_1/project_1.srcs/sim_1/new/tb_gf283_top.v" Line 458
close_sim
INFO: [Simtcl 6-16] Simulation closed
launch_runs synth_1 -jobs 12
WARNING: [Vivado 12-7122] Auto Incremental Compile:: No reference checkpoint was found in run synth_1. Auto-incremental flow will not be run, the standard flow will be run instead.
[Tue Aug 11 14:24:22 2026] Launched synth_1...
Run output will be captured here: C:/Users/Prasit/Documents/hsec_proj_all/itoh_inv_final/project_1/project_1.runs/synth_1/runme.log
launch_runs impl_1 -jobs 12
[Tue Aug 11 14:31:47 2026] Launched impl_1...
Run output will be captured here: C:/Users/Prasit/Documents/hsec_proj_all/itoh_inv_final/project_1/project_1.runs/impl_1/runme.log
set_property -name {xsim.simulate.runtime} -value {all} -objects [get_filesets sim_1]
WARNING: [filemgmt 56-199] Attempt to get parsing info during refresh. "On-the-fly" syntax checking information may be incorrect. [C:\Users\Prasit\Documents\hsec_proj_all\itoh_inv_final\project_1\project_1.srcs\sources_1\new\gf283_square.v:]
WARNING: [filemgmt 56-199] Attempt to get parsing info during refresh. "On-the-fly" syntax checking information may be incorrect. [C:\Users\Prasit\Documents\hsec_proj_all\itoh_inv_final\project_1\project_1.srcs\sources_1\new\gf283_top.v:]
WARNING: [filemgmt 56-199] Attempt to get parsing info during refresh. "On-the-fly" syntax checking information may be incorrect. [C:\Users\Prasit\Documents\hsec_proj_all\itoh_inv_final\project_1\project_1.srcs\sim_1\new\tb_gf283_top.v:]
WARNING: [filemgmt 56-199] Attempt to get parsing info during refresh. "On-the-fly" syntax checking information may be incorrect. [C:\Users\Prasit\Documents\hsec_proj_all\itoh_inv_final\project_1\project_1.srcs\sources_1\new\gf283_sqr_pow2k.v:]
WARNING: [filemgmt 56-199] Attempt to get parsing info during refresh. "On-the-fly" syntax checking information may be incorrect. [C:\Users\Prasit\Documents\hsec_proj_all\itoh_inv_final\project_1\project_1.srcs\sources_1\new\gf283_itoh_tsujii.v:]
WARNING: [filemgmt 56-199] Attempt to get parsing info during refresh. "On-the-fly" syntax checking information may be incorrect. [C:\Users\Prasit\Documents\hsec_proj_all\itoh_inv_final\project_1\project_1.srcs\sources_1\new\gf283_reduce.v:]
WARNING: [filemgmt 56-199] Attempt to get parsing info during refresh. "On-the-fly" syntax checking information may be incorrect. [C:\Users\Prasit\Documents\hsec_proj_all\itoh_inv_final\project_1\project_1.srcs\sources_1\new\gf283_mul_pipe.v:]
WARNING: [filemgmt 56-199] Attempt to get parsing info during refresh. "On-the-fly" syntax checking information may be incorrect. [C:\Users\Prasit\Documents\hsec_proj_all\itoh_inv_final\project_1\project_1.srcs\sources_1\new\gf283_square.v:]
WARNING: [filemgmt 56-199] Attempt to get parsing info during refresh. "On-the-fly" syntax checking information may be incorrect. [C:\Users\Prasit\Documents\hsec_proj_all\itoh_inv_final\project_1\project_1.srcs\sources_1\new\gf283_top.v:]
WARNING: [filemgmt 56-199] Attempt to get parsing info during refresh. "On-the-fly" syntax checking information may be incorrect. [C:\Users\Prasit\Documents\hsec_proj_all\itoh_inv_final\project_1\project_1.srcs\sim_1\new\tb_gf283_top.v:]
WARNING: [filemgmt 56-199] Attempt to get parsing info during refresh. "On-the-fly" syntax checking information may be incorrect. [C:\Users\Prasit\Documents\hsec_proj_all\itoh_inv_final\project_1\project_1.srcs\sources_1\new\gf283_sqr_pow2k.v:]
WARNING: [filemgmt 56-199] Attempt to get parsing info during refresh. "On-the-fly" syntax checking information may be incorrect. [C:\Users\Prasit\Documents\hsec_proj_all\itoh_inv_final\project_1\project_1.srcs\sources_1\new\gf283_itoh_tsujii.v:]
WARNING: [filemgmt 56-199] Attempt to get parsing info during refresh. "On-the-fly" syntax checking information may be incorrect. [C:\Users\Prasit\Documents\hsec_proj_all\itoh_inv_final\project_1\project_1.srcs\sources_1\new\gf283_reduce.v:]
WARNING: [filemgmt 56-199] Attempt to get parsing info during refresh. "On-the-fly" syntax checking information may be incorrect. [C:\Users\Prasit\Documents\hsec_proj_all\itoh_inv_final\project_1\project_1.srcs\sources_1\new\gf283_mul_pipe.v:]
WARNING: [filemgmt 56-199] Attempt to get parsing info during refresh. "On-the-fly" syntax checking information may be incorrect. [C:\Users\Prasit\Documents\hsec_proj_all\itoh_inv_final\project_1\project_1.srcs\sources_1\new\gf283_square.v:]
WARNING: [filemgmt 56-199] Attempt to get parsing info during refresh. "On-the-fly" syntax checking information may be incorrect. [C:\Users\Prasit\Documents\hsec_proj_all\itoh_inv_final\project_1\project_1.srcs\sources_1\new\gf283_top.v:]
WARNING: [filemgmt 56-199] Attempt to get parsing info during refresh. "On-the-fly" syntax checking information may be incorrect. [C:\Users\Prasit\Documents\hsec_proj_all\itoh_inv_final\project_1\project_1.srcs\sim_1\new\tb_gf283_top.v:]
WARNING: [filemgmt 56-199] Attempt to get parsing info during refresh. "On-the-fly" syntax checking information may be incorrect. [C:\Users\Prasit\Documents\hsec_proj_all\itoh_inv_final\project_1\project_1.srcs\sources_1\new\gf283_sqr_pow2k.v:]
WARNING: [filemgmt 56-199] Attempt to get parsing info during refresh. "On-the-fly" syntax checking information may be incorrect. [C:\Users\Prasit\Documents\hsec_proj_all\itoh_inv_final\project_1\project_1.srcs\sources_1\new\gf283_itoh_tsujii.v:]
WARNING: [filemgmt 56-199] Attempt to get parsing info during refresh. "On-the-fly" syntax checking information may be incorrect. [C:\Users\Prasit\Documents\hsec_proj_all\itoh_inv_final\project_1\project_1.srcs\sources_1\new\gf283_reduce.v:]
WARNING: [filemgmt 56-199] Attempt to get parsing info during refresh. "On-the-fly" syntax checking information may be incorrect. [C:\Users\Prasit\Documents\hsec_proj_all\itoh_inv_final\project_1\project_1.srcs\sources_1\new\gf283_mul_pipe.v:]
WARNING: [filemgmt 56-199] Attempt to get parsing info during refresh. "On-the-fly" syntax checking information may be incorrect. [C:\Users\Prasit\Documents\hsec_proj_all\itoh_inv_final\project_1\project_1.srcs\sources_1\new\gf283_square.v:]
WARNING: [filemgmt 56-199] Attempt to get parsing info during refresh. "On-the-fly" syntax checking information may be incorrect. [C:\Users\Prasit\Documents\hsec_proj_all\itoh_inv_final\project_1\project_1.srcs\sources_1\new\gf283_top.v:]
WARNING: [filemgmt 56-199] Attempt to get parsing info during refresh. "On-the-fly" syntax checking information may be incorrect. [C:\Users\Prasit\Documents\hsec_proj_all\itoh_inv_final\project_1\project_1.srcs\sim_1\new\tb_gf283_top.v:]
WARNING: [filemgmt 56-199] Attempt to get parsing info during refresh. "On-the-fly" syntax checking information may be incorrect. [C:\Users\Prasit\Documents\hsec_proj_all\itoh_inv_final\project_1\project_1.srcs\sources_1\new\gf283_sqr_pow2k.v:]
WARNING: [filemgmt 56-199] Attempt to get parsing info during refresh. "On-the-fly" syntax checking information may be incorrect. [C:\Users\Prasit\Documents\hsec_proj_all\itoh_inv_final\project_1\project_1.srcs\sources_1\new\gf283_itoh_tsujii.v:]
WARNING: [filemgmt 56-199] Attempt to get parsing info during refresh. "On-the-fly" syntax checking information may be incorrect. [C:\Users\Prasit\Documents\hsec_proj_all\itoh_inv_final\project_1\project_1.srcs\sources_1\new\gf283_reduce.v:]
WARNING: [filemgmt 56-199] Attempt to get parsing info during refresh. "On-the-fly" syntax checking information may be incorrect. [C:\Users\Prasit\Documents\hsec_proj_all\itoh_inv_final\project_1\project_1.srcs\sources_1\new\gf283_mul_pipe.v:]
WARNING: [filemgmt 56-199] Attempt to get parsing info during refresh. "On-the-fly" syntax checking information may be incorrect. [C:\Users\Prasit\Documents\hsec_proj_all\itoh_inv_final\project_1\project_1.srcs\sources_1\new\gf283_square.v:]
WARNING: [filemgmt 56-199] Attempt to get parsing info during refresh. "On-the-fly" syntax checking information may be incorrect. [C:\Users\Prasit\Documents\hsec_proj_all\itoh_inv_final\project_1\project_1.srcs\sources_1\new\gf283_top.v:]
WARNING: [filemgmt 56-199] Attempt to get parsing info during refresh. "On-the-fly" syntax checking information may be incorrect. [C:\Users\Prasit\Documents\hsec_proj_all\itoh_inv_final\project_1\project_1.srcs\sim_1\new\tb_gf283_top.v:]
WARNING: [filemgmt 56-199] Attempt to get parsing info during refresh. "On-the-fly" syntax checking information may be incorrect. [C:\Users\Prasit\Documents\hsec_proj_all\itoh_inv_final\project_1\project_1.srcs\sources_1\new\gf283_sqr_pow2k.v:]
WARNING: [filemgmt 56-199] Attempt to get parsing info during refresh. "On-the-fly" syntax checking information may be incorrect. [C:\Users\Prasit\Documents\hsec_proj_all\itoh_inv_final\project_1\project_1.srcs\sources_1\new\gf283_itoh_tsujii.v:]
WARNING: [filemgmt 56-199] Attempt to get parsing info during refresh. "On-the-fly" syntax checking information may be incorrect. [C:\Users\Prasit\Documents\hsec_proj_all\itoh_inv_final\project_1\project_1.srcs\sources_1\new\gf283_reduce.v:]
WARNING: [filemgmt 56-199] Attempt to get parsing info during refresh. "On-the-fly" syntax checking information may be incorrect. [C:\Users\Prasit\Documents\hsec_proj_all\itoh_inv_final\project_1\project_1.srcs\sources_1\new\gf283_mul_pipe.v:]
WARNING: [filemgmt 56-199] Attempt to get parsing info during refresh. "On-the-fly" syntax checking information may be incorrect. [C:\Users\Prasit\Documents\hsec_proj_all\itoh_inv_final\project_1\project_1.srcs\sources_1\new\gf283_square.v:]
WARNING: [filemgmt 56-199] Attempt to get parsing info during refresh. "On-the-fly" syntax checking information may be incorrect. [C:\Users\Prasit\Documents\hsec_proj_all\itoh_inv_final\project_1\project_1.srcs\sources_1\new\gf283_top.v:]
WARNING: [filemgmt 56-199] Attempt to get parsing info during refresh. "On-the-fly" syntax checking information may be incorrect. [C:\Users\Prasit\Documents\hsec_proj_all\itoh_inv_final\project_1\project_1.srcs\sim_1\new\tb_gf283_top.v:]
WARNING: [filemgmt 56-199] Attempt to get parsing info during refresh. "On-the-fly" syntax checking information may be incorrect. [C:\Users\Prasit\Documents\hsec_proj_all\itoh_inv_final\project_1\project_1.srcs\sources_1\new\gf283_sqr_pow2k.v:]
WARNING: [filemgmt 56-199] Attempt to get parsing info during refresh. "On-the-fly" syntax checking information may be incorrect. [C:\Users\Prasit\Documents\hsec_proj_all\itoh_inv_final\project_1\project_1.srcs\sources_1\new\gf283_itoh_tsujii.v:]
WARNING: [filemgmt 56-199] Attempt to get parsing info during refresh. "On-the-fly" syntax checking information may be incorrect. [C:\Users\Prasit\Documents\hsec_proj_all\itoh_inv_final\project_1\project_1.srcs\sources_1\new\gf283_reduce.v:]
WARNING: [filemgmt 56-199] Attempt to get parsing info during refresh. "On-the-fly" syntax checking information may be incorrect. [C:\Users\Prasit\Documents\hsec_proj_all\itoh_inv_final\project_1\project_1.srcs\sources_1\new\gf283_mul_pipe.v:]
ERROR: [Common 17-180] Spawn failed: No error
open_run impl_1
INFO: [Device 21-403] Loading part xc7a100tcsg324-1
Netlist sorting complete. Time (s): cpu = 00:00:00 ; elapsed = 00:00:00.101 . Memory (MB): peak = 2025.977 ; gain = 0.000
INFO: [Netlist 29-17] Analyzing 28 Unisim elements for replacement
INFO: [Netlist 29-28] Unisim Transformation completed in 0 CPU seconds
INFO: [Project 1-479] Netlist was created with Vivado 2023.2
INFO: [Project 1-570] Preparing netlist for logic optimization
Read ShapeDB Complete: Time (s): cpu = 00:00:00 ; elapsed = 00:00:00.166 . Memory (MB): peak = 2143.090 ; gain = 3.160
INFO: [Timing 38-478] Restoring timing data from binary archive.
INFO: [Timing 38-479] Binary timing data restore complete.
INFO: [Project 1-856] Restoring constraints from binary archive.
INFO: [Project 1-853] Binary constraint restore complete.
INFO: [Designutils 20-5722] Start Reading Physical Databases.
Reading placement.
Read Netlist Cache: Time (s): cpu = 00:00:00 ; elapsed = 00:00:00.058 . Memory (MB): peak = 2759.191 ; gain = 0.000
Reading placer database...
Read Device Cache: Time (s): cpu = 00:00:00 ; elapsed = 00:00:00.013 . Memory (MB): peak = 2759.191 ; gain = 0.000
Read PlaceDB: Time (s): cpu = 00:00:01 ; elapsed = 00:00:02 . Memory (MB): peak = 2769.227 ; gain = 10.035
Read PulsedLatchDB: Time (s): cpu = 00:00:00 ; elapsed = 00:00:00 . Memory (MB): peak = 2769.227 ; gain = 0.000
Reading routing.
Read RouteStorage: Time (s): cpu = 00:00:02 ; elapsed = 00:00:02 . Memory (MB): peak = 2774.793 ; gain = 5.566
Read Physdb Files: Time (s): cpu = 00:00:03 ; elapsed = 00:00:03 . Memory (MB): peak = 2774.793 ; gain = 15.602
Restored from archive | CPU: 4.000000 secs | Memory: 0.000000 MB |
Finished XDEF File Restore: Time (s): cpu = 00:00:03 ; elapsed = 00:00:03 . Memory (MB): peak = 2774.793 ; gain = 15.602
Netlist sorting complete. Time (s): cpu = 00:00:00 ; elapsed = 00:00:00.018 . Memory (MB): peak = 2774.793 ; gain = 0.000
INFO: [Project 1-111] Unisim Transformation Summary:
No Unisim elements were transformed.

open_run: Time (s): cpu = 00:00:47 ; elapsed = 00:00:37 . Memory (MB): peak = 2922.590 ; gain = 1238.176
open_report: Time (s): cpu = 00:00:14 ; elapsed = 00:00:11 . Memory (MB): peak = 3184.496 ; gain = 251.988
set_property -name {xsim.simulate.log_all_signals} -value {true} -objects [get_filesets sim_1]
set_property SOURCE_SET sources_1 [get_filesets sim_1]
import_files -fileset sim_1 -norecurse C:/Users/Prasit/Documents/hsec_proj_all/itoh_inv_final/project_1/project_1.srcs/sim_1/new/gf283_top_wave.wcfg
WARNING: [filemgmt 56-199] Attempt to get parsing info during refresh. "On-the-fly" syntax checking information may be incorrect. [C:\Users\Prasit\Documents\hsec_proj_all\itoh_inv_final\project_1\project_1.srcs\sources_1\new\gf283_square.v:]
WARNING: [filemgmt 56-199] Attempt to get parsing info during refresh. "On-the-fly" syntax checking information may be incorrect. [C:\Users\Prasit\Documents\hsec_proj_all\itoh_inv_final\project_1\project_1.srcs\sources_1\new\gf283_top.v:]
WARNING: [filemgmt 56-199] Attempt to get parsing info during refresh. "On-the-fly" syntax checking information may be incorrect. [C:\Users\Prasit\Documents\hsec_proj_all\itoh_inv_final\project_1\project_1.srcs\sim_1\new\tb_gf283_top.v:]
WARNING: [filemgmt 56-199] Attempt to get parsing info during refresh. "On-the-fly" syntax checking information may be incorrect. [C:\Users\Prasit\Documents\hsec_proj_all\itoh_inv_final\project_1\project_1.srcs\sources_1\new\gf283_sqr_pow2k.v:]
WARNING: [filemgmt 56-199] Attempt to get parsing info during refresh. "On-the-fly" syntax checking information may be incorrect. [C:\Users\Prasit\Documents\hsec_proj_all\itoh_inv_final\project_1\project_1.srcs\sources_1\new\gf283_itoh_tsujii.v:]
WARNING: [filemgmt 56-199] Attempt to get parsing info during refresh. "On-the-fly" syntax checking information may be incorrect. [C:\Users\Prasit\Documents\hsec_proj_all\itoh_inv_final\project_1\project_1.srcs\sources_1\new\gf283_reduce.v:]
WARNING: [filemgmt 56-199] Attempt to get parsing info during refresh. "On-the-fly" syntax checking information may be incorrect. [C:\Users\Prasit\Documents\hsec_proj_all\itoh_inv_final\project_1\project_1.srcs\sources_1\new\gf283_mul_pipe.v:]
WARNING: [filemgmt 56-199] Attempt to get parsing info during refresh. "On-the-fly" syntax checking information may be incorrect. [C:\Users\Prasit\Documents\hsec_proj_all\itoh_inv_final\project_1\project_1.srcs\sources_1\new\gf283_square.v:]
WARNING: [filemgmt 56-199] Attempt to get parsing info during refresh. "On-the-fly" syntax checking information may be incorrect. [C:\Users\Prasit\Documents\hsec_proj_all\itoh_inv_final\project_1\project_1.srcs\sources_1\new\gf283_top.v:]
WARNING: [filemgmt 56-199] Attempt to get parsing info during refresh. "On-the-fly" syntax checking information may be incorrect. [C:\Users\Prasit\Documents\hsec_proj_all\itoh_inv_final\project_1\project_1.srcs\sim_1\new\tb_gf283_top.v:]
WARNING: [filemgmt 56-199] Attempt to get parsing info during refresh. "On-the-fly" syntax checking information may be incorrect. [C:\Users\Prasit\Documents\hsec_proj_all\itoh_inv_final\project_1\project_1.srcs\sources_1\new\gf283_sqr_pow2k.v:]
WARNING: [filemgmt 56-199] Attempt to get parsing info during refresh. "On-the-fly" syntax checking information may be incorrect. [C:\Users\Prasit\Documents\hsec_proj_all\itoh_inv_final\project_1\project_1.srcs\sources_1\new\gf283_itoh_tsujii.v:]
WARNING: [filemgmt 56-199] Attempt to get parsing info during refresh. "On-the-fly" syntax checking information may be incorrect. [C:\Users\Prasit\Documents\hsec_proj_all\itoh_inv_final\project_1\project_1.srcs\sources_1\new\gf283_reduce.v:]
WARNING: [filemgmt 56-199] Attempt to get parsing info during refresh. "On-the-fly" syntax checking information may be incorrect. [C:\Users\Prasit\Documents\hsec_proj_all\itoh_inv_final\project_1\project_1.srcs\sources_1\new\gf283_mul_pipe.v:]
WARNING: [filemgmt 56-199] Attempt to get parsing info during refresh. "On-the-fly" syntax checking information may be incorrect. [C:\Users\Prasit\Documents\hsec_proj_all\itoh_inv_final\project_1\project_1.srcs\sources_1\new\gf283_square.v:]
WARNING: [filemgmt 56-199] Attempt to get parsing info during refresh. "On-the-fly" syntax checking information may be incorrect. [C:\Users\Prasit\Documents\hsec_proj_all\itoh_inv_final\project_1\project_1.srcs\sources_1\new\gf283_top.v:]
WARNING: [filemgmt 56-199] Attempt to get parsing info during refresh. "On-the-fly" syntax checking information may be incorrect. [C:\Users\Prasit\Documents\hsec_proj_all\itoh_inv_final\project_1\project_1.srcs\sim_1\new\tb_gf283_top.v:]
WARNING: [filemgmt 56-199] Attempt to get parsing info during refresh. "On-the-fly" syntax checking information may be incorrect. [C:\Users\Prasit\Documents\hsec_proj_all\itoh_inv_final\project_1\project_1.srcs\sources_1\new\gf283_sqr_pow2k.v:]
WARNING: [filemgmt 56-199] Attempt to get parsing info during refresh. "On-the-fly" syntax checking information may be incorrect. [C:\Users\Prasit\Documents\hsec_proj_all\itoh_inv_final\project_1\project_1.srcs\sources_1\new\gf283_itoh_tsujii.v:]
WARNING: [filemgmt 56-199] Attempt to get parsing info during refresh. "On-the-fly" syntax checking information may be incorrect. [C:\Users\Prasit\Documents\hsec_proj_all\itoh_inv_final\project_1\project_1.srcs\sources_1\new\gf283_reduce.v:]
WARNING: [filemgmt 56-199] Attempt to get parsing info during refresh. "On-the-fly" syntax checking information may be incorrect. [C:\Users\Prasit\Documents\hsec_proj_all\itoh_inv_final\project_1\project_1.srcs\sources_1\new\gf283_mul_pipe.v:]
WARNING: [filemgmt 56-199] Attempt to get parsing info during refresh. "On-the-fly" syntax checking information may be incorrect. [C:\Users\Prasit\Documents\hsec_proj_all\itoh_inv_final\project_1\project_1.srcs\sources_1\new\gf283_square.v:]
WARNING: [filemgmt 56-199] Attempt to get parsing info during refresh. "On-the-fly" syntax checking information may be incorrect. [C:\Users\Prasit\Documents\hsec_proj_all\itoh_inv_final\project_1\project_1.srcs\sources_1\new\gf283_top.v:]
WARNING: [filemgmt 56-199] Attempt to get parsing info during refresh. "On-the-fly" syntax checking information may be incorrect. [C:\Users\Prasit\Documents\hsec_proj_all\itoh_inv_final\project_1\project_1.srcs\sim_1\new\tb_gf283_top.v:]
WARNING: [filemgmt 56-199] Attempt to get parsing info during refresh. "On-the-fly" syntax checking information may be incorrect. [C:\Users\Prasit\Documents\hsec_proj_all\itoh_inv_final\project_1\project_1.srcs\sources_1\new\gf283_sqr_pow2k.v:]
WARNING: [filemgmt 56-199] Attempt to get parsing info during refresh. "On-the-fly" syntax checking information may be incorrect. [C:\Users\Prasit\Documents\hsec_proj_all\itoh_inv_final\project_1\project_1.srcs\sources_1\new\gf283_itoh_tsujii.v:]
WARNING: [filemgmt 56-199] Attempt to get parsing info during refresh. "On-the-fly" syntax checking information may be incorrect. [C:\Users\Prasit\Documents\hsec_proj_all\itoh_inv_final\project_1\project_1.srcs\sources_1\new\gf283_reduce.v:]
WARNING: [filemgmt 56-199] Attempt to get parsing info during refresh. "On-the-fly" syntax checking information may be incorrect. [C:\Users\Prasit\Documents\hsec_proj_all\itoh_inv_final\project_1\project_1.srcs\sources_1\new\gf283_mul_pipe.v:]
WARNING: [filemgmt 56-199] Attempt to get parsing info during refresh. "On-the-fly" syntax checking information may be incorrect. [C:\Users\Prasit\Documents\hsec_proj_all\itoh_inv_final\project_1\project_1.srcs\sources_1\new\gf283_square.v:]
WARNING: [filemgmt 56-199] Attempt to get parsing info during refresh. "On-the-fly" syntax checking information may be incorrect. [C:\Users\Prasit\Documents\hsec_proj_all\itoh_inv_final\project_1\project_1.srcs\sources_1\new\gf283_top.v:]
WARNING: [filemgmt 56-199] Attempt to get parsing info during refresh. "On-the-fly" syntax checking information may be incorrect. [C:\Users\Prasit\Documents\hsec_proj_all\itoh_inv_final\project_1\project_1.srcs\sim_1\new\tb_gf283_top.v:]
WARNING: [filemgmt 56-199] Attempt to get parsing info during refresh. "On-the-fly" syntax checking information may be incorrect. [C:\Users\Prasit\Documents\hsec_proj_all\itoh_inv_final\project_1\project_1.srcs\sources_1\new\gf283_sqr_pow2k.v:]
WARNING: [filemgmt 56-199] Attempt to get parsing info during refresh. "On-the-fly" syntax checking information may be incorrect. [C:\Users\Prasit\Documents\hsec_proj_all\itoh_inv_final\project_1\project_1.srcs\sources_1\new\gf283_itoh_tsujii.v:]
WARNING: [filemgmt 56-199] Attempt to get parsing info during refresh. "On-the-fly" syntax checking information may be incorrect. [C:\Users\Prasit\Documents\hsec_proj_all\itoh_inv_final\project_1\project_1.srcs\sources_1\new\gf283_reduce.v:]
WARNING: [filemgmt 56-199] Attempt to get parsing info during refresh. "On-the-fly" syntax checking information may be incorrect. [C:\Users\Prasit\Documents\hsec_proj_all\itoh_inv_final\project_1\project_1.srcs\sources_1\new\gf283_mul_pipe.v:]
WARNING: [filemgmt 56-199] Attempt to get parsing info during refresh. "On-the-fly" syntax checking information may be incorrect. [C:\Users\Prasit\Documents\hsec_proj_all\itoh_inv_final\project_1\project_1.srcs\sources_1\new\gf283_square.v:]
WARNING: [filemgmt 56-199] Attempt to get parsing info during refresh. "On-the-fly" syntax checking information may be incorrect. [C:\Users\Prasit\Documents\hsec_proj_all\itoh_inv_final\project_1\project_1.srcs\sources_1\new\gf283_top.v:]
WARNING: [filemgmt 56-199] Attempt to get parsing info during refresh. "On-the-fly" syntax checking information may be incorrect. [C:\Users\Prasit\Documents\hsec_proj_all\itoh_inv_final\project_1\project_1.srcs\sim_1\new\tb_gf283_top.v:]
WARNING: [filemgmt 56-199] Attempt to get parsing info during refresh. "On-the-fly" syntax checking information may be incorrect. [C:\Users\Prasit\Documents\hsec_proj_all\itoh_inv_final\project_1\project_1.srcs\sources_1\new\gf283_sqr_pow2k.v:]
WARNING: [filemgmt 56-199] Attempt to get parsing info during refresh. "On-the-fly" syntax checking information may be incorrect. [C:\Users\Prasit\Documents\hsec_proj_all\itoh_inv_final\project_1\project_1.srcs\sources_1\new\gf283_itoh_tsujii.v:]
WARNING: [filemgmt 56-199] Attempt to get parsing info during refresh. "On-the-fly" syntax checking information may be incorrect. [C:\Users\Prasit\Documents\hsec_proj_all\itoh_inv_final\project_1\project_1.srcs\sources_1\new\gf283_reduce.v:]
WARNING: [filemgmt 56-199] Attempt to get parsing info during refresh. "On-the-fly" syntax checking information may be incorrect. [C:\Users\Prasit\Documents\hsec_proj_all\itoh_inv_final\project_1\project_1.srcs\sources_1\new\gf283_mul_pipe.v:]
ERROR: [Common 17-180] Spawn failed: No error
launch_simulation
Command: launch_simulation 
INFO: [Vivado 12-12493] Simulation top is 'tb_gf283_top'
WARNING: [Vivado 12-13340] Unable to auto find GCC executables from simulator install path! (path not set)
INFO: [Vivado 12-5682] Launching behavioral simulation in 'C:/Users/Prasit/Documents/hsec_proj_all/itoh_inv_final/project_1/project_1.sim/sim_1/behav/xsim'
INFO: [SIM-utils-51] Simulation object is 'sim_1'
INFO: [SIM-utils-72] Using boost library from 'C:/Xilinx/Vivado/2023.2/tps/boost_1_72_0'
INFO: [SIM-utils-54] Inspecting design source files for 'tb_gf283_top' in fileset 'sim_1'...
INFO: [USF-XSim-97] Finding global include files...
INFO: [USF-XSim-98] Fetching design files from 'sim_1'...
INFO: [USF-XSim-2] XSim::Compile design
INFO: [USF-XSim-61] Executing 'COMPILE and ANALYZE' step in 'C:/Users/Prasit/Documents/hsec_proj_all/itoh_inv_final/project_1/project_1.sim/sim_1/behav/xsim'
"xvlog --incr --relax -prj tb_gf283_top_vlog.prj"
ECHO is off.
ECHO is off.
INFO: [USF-XSim-69] 'compile' step finished in '1' seconds
INFO: [USF-XSim-3] XSim::Elaborate design
INFO: [USF-XSim-61] Executing 'ELABORATE' step in 'C:/Users/Prasit/Documents/hsec_proj_all/itoh_inv_final/project_1/project_1.sim/sim_1/behav/xsim'
"xelab --incr --debug typical --relax --mt 2 -L xil_defaultlib -L unisims_ver -L unimacro_ver -L secureip --snapshot tb_gf283_top_behav xil_defaultlib.tb_gf283_top xil_defaultlib.glbl -log elaborate.log"
ECHO is off.
ECHO is off.
Vivado Simulator v2023.2
Copyright 1986-2022 Xilinx, Inc. All Rights Reserved.
Copyright 2022-2023 Advanced Micro Devices, Inc. All Rights Reserved.
Running: C:/Xilinx/Vivado/2023.2/bin/unwrapped/win64.o/xelab.exe --incr --debug typical --relax --mt 2 -L xil_defaultlib -L unisims_ver -L unimacro_ver -L secureip --snapshot tb_gf283_top_behav xil_defaultlib.tb_gf283_top xil_defaultlib.glbl -log elaborate.log 
Using 2 slave threads.
Starting static elaboration
Pass Through NonSizing Optimizer
Completed static elaboration
INFO: [XSIM 43-4323] No Change in HDL. Linking previously generated obj files to create kernel
INFO: [USF-XSim-69] 'elaborate' step finished in '1' seconds
INFO: [USF-XSim-4] XSim::Simulate design
INFO: [USF-XSim-61] Executing 'SIMULATE' step in 'C:/Users/Prasit/Documents/hsec_proj_all/itoh_inv_final/project_1/project_1.sim/sim_1/behav/xsim'
INFO: [USF-XSim-98] *** Running xsim
   with args "tb_gf283_top_behav -key {Behavioral:sim_1:Functional:tb_gf283_top} -tclbatch {tb_gf283_top.tcl} -view {C:/Users/Prasit/Documents/hsec_proj_all/itoh_inv_final/project_1/project_1.srcs/sim_1/imports/new/gf283_top_wave.wcfg} -log {simulate.log}"
INFO: [USF-XSim-8] Loading simulator feature
Time resolution is 1 ps
open_wave_config C:/Users/Prasit/Documents/hsec_proj_all/itoh_inv_final/project_1/project_1.srcs/sim_1/imports/new/gf283_top_wave.wcfg
source tb_gf283_top.tcl
# set curr_wave [current_wave_config]
# if { [string length $curr_wave] == 0 } {
#   if { [llength [get_objects]] > 0} {
#     add_wave /
#     set_property needs_save false [current_wave_config]
#   } else {
#      send_msg_id Add_Wave-1 WARNING "No top level signals found. Simulator will start without a wave window. If you want to open a wave window go to 'File->New Waveform Configuration' or type 'create_wave_config' in the TCL console."
#   }
# }
# log_wave -r /
# run all

==========================================================
 GF(2^283) top-level testbench
 f(x) = x^283 + x^12 + x^7 + x^5 + 1
 streaming width W = 32, 9 words per operand
==========================================================

---- Multiplication: golden vectors ----
[ PASS] MUL vector 0
[ PASS] MUL vector 1
[ PASS] MUL vector 2
[ PASS] MUL vector 3
[ PASS] MUL vector 4
[ PASS] MUL vector 5
[ PASS] MUL vector 6
[ PASS] MUL vector 7
[ PASS] MUL vector 8
[ PASS] MUL vector 9
[ PASS] MUL vector 10
[ PASS] MUL vector 11

---- Inversion: golden vectors ----
[ PASS] INV vector 0
[ PASS] INV vector 1
[ PASS] INV vector 2
[ PASS] INV vector 3
[ PASS] INV vector 4
[ PASS] INV vector 5
[ PASS] INV vector 6
[ PASS] INV vector 7
[ PASS] INV vector 8
[ PASS] INV vector 9
[ PASS] INV vector 10
[ PASS] INV vector 11

---- Multiplication: random vs reference model ----
[ PASS] MUL random 0
[ PASS] MUL random 1
[ PASS] MUL random 2
[ PASS] MUL random 3
[ PASS] MUL random 4

---- Inversion: random, checked by a * a^-1 == 1 ----
[ PASS] INV random 0  (a * a^-1)
[ PASS] INV random 1  (a * a^-1)
[ PASS] INV random 2  (a * a^-1)
[ PASS] INV random 3  (a * a^-1)
[ PASS] INV random 4  (a * a^-1)

---- Corner case: inversion of zero ----
[ PASS] err_zero asserted for a = 0

==========================================================
 checks run : 35
 failures   : 0
 RESULT     : *** ALL TESTS PASSED ***
==========================================================

$finish called at time : 88086 ns : File "C:/Users/Prasit/Documents/hsec_proj_all/itoh_inv_final/project_1/project_1.srcs/sim_1/new/tb_gf283_top.v" Line 458
xsim: Time (s): cpu = 00:00:08 ; elapsed = 00:00:08 . Memory (MB): peak = 3227.340 ; gain = 34.629
INFO: [USF-XSim-96] XSim completed. Design snapshot 'tb_gf283_top_behav' loaded.
INFO: [USF-XSim-97] XSim simulation ran for all
launch_simulation: Time (s): cpu = 00:00:09 ; elapsed = 00:00:12 . Memory (MB): peak = 3227.340 ; gain = 34.629
close_sim
INFO: [Simtcl 6-16] Simulation closed
WARNING: [filemgmt 56-199] Attempt to get parsing info during refresh. "On-the-fly" syntax checking information may be incorrect. [C:\Users\Prasit\Documents\hsec_proj_all\itoh_inv_final\project_1\project_1.srcs\sources_1\new\gf283_square.v:]
WARNING: [filemgmt 56-199] Attempt to get parsing info during refresh. "On-the-fly" syntax checking information may be incorrect. [C:\Users\Prasit\Documents\hsec_proj_all\itoh_inv_final\project_1\project_1.srcs\sources_1\new\gf283_top.v:]
WARNING: [filemgmt 56-199] Attempt to get parsing info during refresh. "On-the-fly" syntax checking information may be incorrect. [C:\Users\Prasit\Documents\hsec_proj_all\itoh_inv_final\project_1\project_1.srcs\sim_1\new\tb_gf283_top.v:]
WARNING: [filemgmt 56-199] Attempt to get parsing info during refresh. "On-the-fly" syntax checking information may be incorrect. [C:\Users\Prasit\Documents\hsec_proj_all\itoh_inv_final\project_1\project_1.srcs\sources_1\new\gf283_sqr_pow2k.v:]
WARNING: [filemgmt 56-199] Attempt to get parsing info during refresh. "On-the-fly" syntax checking information may be incorrect. [C:\Users\Prasit\Documents\hsec_proj_all\itoh_inv_final\project_1\project_1.srcs\sources_1\new\gf283_itoh_tsujii.v:]
WARNING: [filemgmt 56-199] Attempt to get parsing info during refresh. "On-the-fly" syntax checking information may be incorrect. [C:\Users\Prasit\Documents\hsec_proj_all\itoh_inv_final\project_1\project_1.srcs\sources_1\new\gf283_reduce.v:]
WARNING: [filemgmt 56-199] Attempt to get parsing info during refresh. "On-the-fly" syntax checking information may be incorrect. [C:\Users\Prasit\Documents\hsec_proj_all\itoh_inv_final\project_1\project_1.srcs\sources_1\new\gf283_mul_pipe.v:]
WARNING: [filemgmt 56-199] Attempt to get parsing info during refresh. "On-the-fly" syntax checking information may be incorrect. [C:\Users\Prasit\Documents\hsec_proj_all\itoh_inv_final\project_1\project_1.srcs\sources_1\new\gf283_square.v:]
WARNING: [filemgmt 56-199] Attempt to get parsing info during refresh. "On-the-fly" syntax checking information may be incorrect. [C:\Users\Prasit\Documents\hsec_proj_all\itoh_inv_final\project_1\project_1.srcs\sources_1\new\gf283_top.v:]
WARNING: [filemgmt 56-199] Attempt to get parsing info during refresh. "On-the-fly" syntax checking information may be incorrect. [C:\Users\Prasit\Documents\hsec_proj_all\itoh_inv_final\project_1\project_1.srcs\sim_1\new\tb_gf283_top.v:]
WARNING: [filemgmt 56-199] Attempt to get parsing info during refresh. "On-the-fly" syntax checking information may be incorrect. [C:\Users\Prasit\Documents\hsec_proj_all\itoh_inv_final\project_1\project_1.srcs\sources_1\new\gf283_sqr_pow2k.v:]
WARNING: [filemgmt 56-199] Attempt to get parsing info during refresh. "On-the-fly" syntax checking information may be incorrect. [C:\Users\Prasit\Documents\hsec_proj_all\itoh_inv_final\project_1\project_1.srcs\sources_1\new\gf283_itoh_tsujii.v:]
WARNING: [filemgmt 56-199] Attempt to get parsing info during refresh. "On-the-fly" syntax checking information may be incorrect. [C:\Users\Prasit\Documents\hsec_proj_all\itoh_inv_final\project_1\project_1.srcs\sources_1\new\gf283_reduce.v:]
WARNING: [filemgmt 56-199] Attempt to get parsing info during refresh. "On-the-fly" syntax checking information may be incorrect. [C:\Users\Prasit\Documents\hsec_proj_all\itoh_inv_final\project_1\project_1.srcs\sources_1\new\gf283_mul_pipe.v:]
WARNING: [filemgmt 56-199] Attempt to get parsing info during refresh. "On-the-fly" syntax checking information may be incorrect. [C:\Users\Prasit\Documents\hsec_proj_all\itoh_inv_final\project_1\project_1.srcs\sources_1\new\gf283_square.v:]
WARNING: [filemgmt 56-199] Attempt to get parsing info during refresh. "On-the-fly" syntax checking information may be incorrect. [C:\Users\Prasit\Documents\hsec_proj_all\itoh_inv_final\project_1\project_1.srcs\sources_1\new\gf283_top.v:]
WARNING: [filemgmt 56-199] Attempt to get parsing info during refresh. "On-the-fly" syntax checking information may be incorrect. [C:\Users\Prasit\Documents\hsec_proj_all\itoh_inv_final\project_1\project_1.srcs\sim_1\new\tb_gf283_top.v:]
WARNING: [filemgmt 56-199] Attempt to get parsing info during refresh. "On-the-fly" syntax checking information may be incorrect. [C:\Users\Prasit\Documents\hsec_proj_all\itoh_inv_final\project_1\project_1.srcs\sources_1\new\gf283_sqr_pow2k.v:]
WARNING: [filemgmt 56-199] Attempt to get parsing info during refresh. "On-the-fly" syntax checking information may be incorrect. [C:\Users\Prasit\Documents\hsec_proj_all\itoh_inv_final\project_1\project_1.srcs\sources_1\new\gf283_itoh_tsujii.v:]
WARNING: [filemgmt 56-199] Attempt to get parsing info during refresh. "On-the-fly" syntax checking information may be incorrect. [C:\Users\Prasit\Documents\hsec_proj_all\itoh_inv_final\project_1\project_1.srcs\sources_1\new\gf283_reduce.v:]
WARNING: [filemgmt 56-199] Attempt to get parsing info during refresh. "On-the-fly" syntax checking information may be incorrect. [C:\Users\Prasit\Documents\hsec_proj_all\itoh_inv_final\project_1\project_1.srcs\sources_1\new\gf283_mul_pipe.v:]
WARNING: [filemgmt 56-199] Attempt to get parsing info during refresh. "On-the-fly" syntax checking information may be incorrect. [C:\Users\Prasit\Documents\hsec_proj_all\itoh_inv_final\project_1\project_1.srcs\sources_1\new\gf283_square.v:]
WARNING: [filemgmt 56-199] Attempt to get parsing info during refresh. "On-the-fly" syntax checking information may be incorrect. [C:\Users\Prasit\Documents\hsec_proj_all\itoh_inv_final\project_1\project_1.srcs\sources_1\new\gf283_top.v:]
WARNING: [filemgmt 56-199] Attempt to get parsing info during refresh. "On-the-fly" syntax checking information may be incorrect. [C:\Users\Prasit\Documents\hsec_proj_all\itoh_inv_final\project_1\project_1.srcs\sim_1\new\tb_gf283_top.v:]
WARNING: [filemgmt 56-199] Attempt to get parsing info during refresh. "On-the-fly" syntax checking information may be incorrect. [C:\Users\Prasit\Documents\hsec_proj_all\itoh_inv_final\project_1\project_1.srcs\sources_1\new\gf283_sqr_pow2k.v:]
WARNING: [filemgmt 56-199] Attempt to get parsing info during refresh. "On-the-fly" syntax checking information may be incorrect. [C:\Users\Prasit\Documents\hsec_proj_all\itoh_inv_final\project_1\project_1.srcs\sources_1\new\gf283_itoh_tsujii.v:]
WARNING: [filemgmt 56-199] Attempt to get parsing info during refresh. "On-the-fly" syntax checking information may be incorrect. [C:\Users\Prasit\Documents\hsec_proj_all\itoh_inv_final\project_1\project_1.srcs\sources_1\new\gf283_reduce.v:]
WARNING: [filemgmt 56-199] Attempt to get parsing info during refresh. "On-the-fly" syntax checking information may be incorrect. [C:\Users\Prasit\Documents\hsec_proj_all\itoh_inv_final\project_1\project_1.srcs\sources_1\new\gf283_mul_pipe.v:]
WARNING: [filemgmt 56-199] Attempt to get parsing info during refresh. "On-the-fly" syntax checking information may be incorrect. [C:\Users\Prasit\Documents\hsec_proj_all\itoh_inv_final\project_1\project_1.srcs\sources_1\new\gf283_square.v:]
WARNING: [filemgmt 56-199] Attempt to get parsing info during refresh. "On-the-fly" syntax checking information may be incorrect. [C:\Users\Prasit\Documents\hsec_proj_all\itoh_inv_final\project_1\project_1.srcs\sources_1\new\gf283_top.v:]
WARNING: [filemgmt 56-199] Attempt to get parsing info during refresh. "On-the-fly" syntax checking information may be incorrect. [C:\Users\Prasit\Documents\hsec_proj_all\itoh_inv_final\project_1\project_1.srcs\sim_1\new\tb_gf283_top.v:]
WARNING: [filemgmt 56-199] Attempt to get parsing info during refresh. "On-the-fly" syntax checking information may be incorrect. [C:\Users\Prasit\Documents\hsec_proj_all\itoh_inv_final\project_1\project_1.srcs\sources_1\new\gf283_sqr_pow2k.v:]
WARNING: [filemgmt 56-199] Attempt to get parsing info during refresh. "On-the-fly" syntax checking information may be incorrect. [C:\Users\Prasit\Documents\hsec_proj_all\itoh_inv_final\project_1\project_1.srcs\sources_1\new\gf283_itoh_tsujii.v:]
WARNING: [filemgmt 56-199] Attempt to get parsing info during refresh. "On-the-fly" syntax checking information may be incorrect. [C:\Users\Prasit\Documents\hsec_proj_all\itoh_inv_final\project_1\project_1.srcs\sources_1\new\gf283_reduce.v:]
WARNING: [filemgmt 56-199] Attempt to get parsing info during refresh. "On-the-fly" syntax checking information may be incorrect. [C:\Users\Prasit\Documents\hsec_proj_all\itoh_inv_final\project_1\project_1.srcs\sources_1\new\gf283_mul_pipe.v:]
ERROR: [Common 17-180] Spawn failed: No error
WARNING: [filemgmt 56-199] Attempt to get parsing info during refresh. "On-the-fly" syntax checking information may be incorrect. [C:\Users\Prasit\Documents\hsec_proj_all\itoh_inv_final\project_1\project_1.srcs\sources_1\new\gf283_square.v:]
WARNING: [filemgmt 56-199] Attempt to get parsing info during refresh. "On-the-fly" syntax checking information may be incorrect. [C:\Users\Prasit\Documents\hsec_proj_all\itoh_inv_final\project_1\project_1.srcs\sources_1\new\gf283_top.v:]
WARNING: [filemgmt 56-199] Attempt to get parsing info during refresh. "On-the-fly" syntax checking information may be incorrect. [C:\Users\Prasit\Documents\hsec_proj_all\itoh_inv_final\project_1\project_1.srcs\sim_1\new\tb_gf283_top.v:]
WARNING: [filemgmt 56-199] Attempt to get parsing info during refresh. "On-the-fly" syntax checking information may be incorrect. [C:\Users\Prasit\Documents\hsec_proj_all\itoh_inv_final\project_1\project_1.srcs\sources_1\new\gf283_sqr_pow2k.v:]
WARNING: [filemgmt 56-199] Attempt to get parsing info during refresh. "On-the-fly" syntax checking information may be incorrect. [C:\Users\Prasit\Documents\hsec_proj_all\itoh_inv_final\project_1\project_1.srcs\sources_1\new\gf283_itoh_tsujii.v:]
WARNING: [filemgmt 56-199] Attempt to get parsing info during refresh. "On-the-fly" syntax checking information may be incorrect. [C:\Users\Prasit\Documents\hsec_proj_all\itoh_inv_final\project_1\project_1.srcs\sources_1\new\gf283_reduce.v:]
WARNING: [filemgmt 56-199] Attempt to get parsing info during refresh. "On-the-fly" syntax checking information may be incorrect. [C:\Users\Prasit\Documents\hsec_proj_all\itoh_inv_final\project_1\project_1.srcs\sources_1\new\gf283_mul_pipe.v:]
ERROR: [Common 17-180] Spawn failed: No error
reset_simulation -simset sim_1 -mode post-implementation -type timing
WARNING: [filemgmt 56-199] Attempt to get parsing info during refresh. "On-the-fly" syntax checking information may be incorrect. [C:\Users\Prasit\Documents\hsec_proj_all\itoh_inv_final\project_1\project_1.srcs\sources_1\new\gf283_square.v:]
WARNING: [filemgmt 56-199] Attempt to get parsing info during refresh. "On-the-fly" syntax checking information may be incorrect. [C:\Users\Prasit\Documents\hsec_proj_all\itoh_inv_final\project_1\project_1.srcs\sources_1\new\gf283_top.v:]
WARNING: [filemgmt 56-199] Attempt to get parsing info during refresh. "On-the-fly" syntax checking information may be incorrect. [C:\Users\Prasit\Documents\hsec_proj_all\itoh_inv_final\project_1\project_1.srcs\sim_1\new\tb_gf283_top.v:]
WARNING: [filemgmt 56-199] Attempt to get parsing info during refresh. "On-the-fly" syntax checking information may be incorrect. [C:\Users\Prasit\Documents\hsec_proj_all\itoh_inv_final\project_1\project_1.srcs\sources_1\new\gf283_sqr_pow2k.v:]
WARNING: [filemgmt 56-199] Attempt to get parsing info during refresh. "On-the-fly" syntax checking information may be incorrect. [C:\Users\Prasit\Documents\hsec_proj_all\itoh_inv_final\project_1\project_1.srcs\sources_1\new\gf283_itoh_tsujii.v:]
WARNING: [filemgmt 56-199] Attempt to get parsing info during refresh. "On-the-fly" syntax checking information may be incorrect. [C:\Users\Prasit\Documents\hsec_proj_all\itoh_inv_final\project_1\project_1.srcs\sources_1\new\gf283_reduce.v:]
WARNING: [filemgmt 56-199] Attempt to get parsing info during refresh. "On-the-fly" syntax checking information may be incorrect. [C:\Users\Prasit\Documents\hsec_proj_all\itoh_inv_final\project_1\project_1.srcs\sources_1\new\gf283_mul_pipe.v:]
WARNING: [filemgmt 56-199] Attempt to get parsing info during refresh. "On-the-fly" syntax checking information may be incorrect. [C:\Users\Prasit\Documents\hsec_proj_all\itoh_inv_final\project_1\project_1.srcs\sources_1\new\gf283_square.v:]
WARNING: [filemgmt 56-199] Attempt to get parsing info during refresh. "On-the-fly" syntax checking information may be incorrect. [C:\Users\Prasit\Documents\hsec_proj_all\itoh_inv_final\project_1\project_1.srcs\sources_1\new\gf283_top.v:]
WARNING: [filemgmt 56-199] Attempt to get parsing info during refresh. "On-the-fly" syntax checking information may be incorrect. [C:\Users\Prasit\Documents\hsec_proj_all\itoh_inv_final\project_1\project_1.srcs\sim_1\new\tb_gf283_top.v:]
WARNING: [filemgmt 56-199] Attempt to get parsing info during refresh. "On-the-fly" syntax checking information may be incorrect. [C:\Users\Prasit\Documents\hsec_proj_all\itoh_inv_final\project_1\project_1.srcs\sources_1\new\gf283_sqr_pow2k.v:]
WARNING: [filemgmt 56-199] Attempt to get parsing info during refresh. "On-the-fly" syntax checking information may be incorrect. [C:\Users\Prasit\Documents\hsec_proj_all\itoh_inv_final\project_1\project_1.srcs\sources_1\new\gf283_itoh_tsujii.v:]
WARNING: [filemgmt 56-199] Attempt to get parsing info during refresh. "On-the-fly" syntax checking information may be incorrect. [C:\Users\Prasit\Documents\hsec_proj_all\itoh_inv_final\project_1\project_1.srcs\sources_1\new\gf283_reduce.v:]
WARNING: [filemgmt 56-199] Attempt to get parsing info during refresh. "On-the-fly" syntax checking information may be incorrect. [C:\Users\Prasit\Documents\hsec_proj_all\itoh_inv_final\project_1\project_1.srcs\sources_1\new\gf283_mul_pipe.v:]
WARNING: [filemgmt 56-199] Attempt to get parsing info during refresh. "On-the-fly" syntax checking information may be incorrect. [C:\Users\Prasit\Documents\hsec_proj_all\itoh_inv_final\project_1\project_1.srcs\sources_1\new\gf283_square.v:]
WARNING: [filemgmt 56-199] Attempt to get parsing info during refresh. "On-the-fly" syntax checking information may be incorrect. [C:\Users\Prasit\Documents\hsec_proj_all\itoh_inv_final\project_1\project_1.srcs\sources_1\new\gf283_top.v:]
WARNING: [filemgmt 56-199] Attempt to get parsing info during refresh. "On-the-fly" syntax checking information may be incorrect. [C:\Users\Prasit\Documents\hsec_proj_all\itoh_inv_final\project_1\project_1.srcs\sim_1\new\tb_gf283_top.v:]
WARNING: [filemgmt 56-199] Attempt to get parsing info during refresh. "On-the-fly" syntax checking information may be incorrect. [C:\Users\Prasit\Documents\hsec_proj_all\itoh_inv_final\project_1\project_1.srcs\sources_1\new\gf283_sqr_pow2k.v:]
WARNING: [filemgmt 56-199] Attempt to get parsing info during refresh. "On-the-fly" syntax checking information may be incorrect. [C:\Users\Prasit\Documents\hsec_proj_all\itoh_inv_final\project_1\project_1.srcs\sources_1\new\gf283_itoh_tsujii.v:]
WARNING: [filemgmt 56-199] Attempt to get parsing info during refresh. "On-the-fly" syntax checking information may be incorrect. [C:\Users\Prasit\Documents\hsec_proj_all\itoh_inv_final\project_1\project_1.srcs\sources_1\new\gf283_reduce.v:]
WARNING: [filemgmt 56-199] Attempt to get parsing info during refresh. "On-the-fly" syntax checking information may be incorrect. [C:\Users\Prasit\Documents\hsec_proj_all\itoh_inv_final\project_1\project_1.srcs\sources_1\new\gf283_mul_pipe.v:]
WARNING: [filemgmt 56-199] Attempt to get parsing info during refresh. "On-the-fly" syntax checking information may be incorrect. [C:\Users\Prasit\Documents\hsec_proj_all\itoh_inv_final\project_1\project_1.srcs\sources_1\new\gf283_square.v:]
WARNING: [filemgmt 56-199] Attempt to get parsing info during refresh. "On-the-fly" syntax checking information may be incorrect. [C:\Users\Prasit\Documents\hsec_proj_all\itoh_inv_final\project_1\project_1.srcs\sources_1\new\gf283_top.v:]
WARNING: [filemgmt 56-199] Attempt to get parsing info during refresh. "On-the-fly" syntax checking information may be incorrect. [C:\Users\Prasit\Documents\hsec_proj_all\itoh_inv_final\project_1\project_1.srcs\sim_1\new\tb_gf283_top.v:]
WARNING: [filemgmt 56-199] Attempt to get parsing info during refresh. "On-the-fly" syntax checking information may be incorrect. [C:\Users\Prasit\Documents\hsec_proj_all\itoh_inv_final\project_1\project_1.srcs\sources_1\new\gf283_sqr_pow2k.v:]
WARNING: [filemgmt 56-199] Attempt to get parsing info during refresh. "On-the-fly" syntax checking information may be incorrect. [C:\Users\Prasit\Documents\hsec_proj_all\itoh_inv_final\project_1\project_1.srcs\sources_1\new\gf283_itoh_tsujii.v:]
WARNING: [filemgmt 56-199] Attempt to get parsing info during refresh. "On-the-fly" syntax checking information may be incorrect. [C:\Users\Prasit\Documents\hsec_proj_all\itoh_inv_final\project_1\project_1.srcs\sources_1\new\gf283_reduce.v:]
WARNING: [filemgmt 56-199] Attempt to get parsing info during refresh. "On-the-fly" syntax checking information may be incorrect. [C:\Users\Prasit\Documents\hsec_proj_all\itoh_inv_final\project_1\project_1.srcs\sources_1\new\gf283_mul_pipe.v:]
WARNING: [filemgmt 56-199] Attempt to get parsing info during refresh. "On-the-fly" syntax checking information may be incorrect. [C:\Users\Prasit\Documents\hsec_proj_all\itoh_inv_final\project_1\project_1.srcs\sources_1\new\gf283_square.v:]
WARNING: [filemgmt 56-199] Attempt to get parsing info during refresh. "On-the-fly" syntax checking information may be incorrect. [C:\Users\Prasit\Documents\hsec_proj_all\itoh_inv_final\project_1\project_1.srcs\sources_1\new\gf283_top.v:]
WARNING: [filemgmt 56-199] Attempt to get parsing info during refresh. "On-the-fly" syntax checking information may be incorrect. [C:\Users\Prasit\Documents\hsec_proj_all\itoh_inv_final\project_1\project_1.srcs\sim_1\new\tb_gf283_top.v:]
WARNING: [filemgmt 56-199] Attempt to get parsing info during refresh. "On-the-fly" syntax checking information may be incorrect. [C:\Users\Prasit\Documents\hsec_proj_all\itoh_inv_final\project_1\project_1.srcs\sources_1\new\gf283_sqr_pow2k.v:]
WARNING: [filemgmt 56-199] Attempt to get parsing info during refresh. "On-the-fly" syntax checking information may be incorrect. [C:\Users\Prasit\Documents\hsec_proj_all\itoh_inv_final\project_1\project_1.srcs\sources_1\new\gf283_itoh_tsujii.v:]
WARNING: [filemgmt 56-199] Attempt to get parsing info during refresh. "On-the-fly" syntax checking information may be incorrect. [C:\Users\Prasit\Documents\hsec_proj_all\itoh_inv_final\project_1\project_1.srcs\sources_1\new\gf283_reduce.v:]
WARNING: [filemgmt 56-199] Attempt to get parsing info during refresh. "On-the-fly" syntax checking information may be incorrect. [C:\Users\Prasit\Documents\hsec_proj_all\itoh_inv_final\project_1\project_1.srcs\sources_1\new\gf283_mul_pipe.v:]
WARNING: [filemgmt 56-199] Attempt to get parsing info during refresh. "On-the-fly" syntax checking information may be incorrect. [C:\Users\Prasit\Documents\hsec_proj_all\itoh_inv_final\project_1\project_1.srcs\sources_1\new\gf283_square.v:]
WARNING: [filemgmt 56-199] Attempt to get parsing info during refresh. "On-the-fly" syntax checking information may be incorrect. [C:\Users\Prasit\Documents\hsec_proj_all\itoh_inv_final\project_1\project_1.srcs\sources_1\new\gf283_top.v:]
WARNING: [filemgmt 56-199] Attempt to get parsing info during refresh. "On-the-fly" syntax checking information may be incorrect. [C:\Users\Prasit\Documents\hsec_proj_all\itoh_inv_final\project_1\project_1.srcs\sim_1\new\tb_gf283_top.v:]
WARNING: [filemgmt 56-199] Attempt to get parsing info during refresh. "On-the-fly" syntax checking information may be incorrect. [C:\Users\Prasit\Documents\hsec_proj_all\itoh_inv_final\project_1\project_1.srcs\sources_1\new\gf283_sqr_pow2k.v:]
WARNING: [filemgmt 56-199] Attempt to get parsing info during refresh. "On-the-fly" syntax checking information may be incorrect. [C:\Users\Prasit\Documents\hsec_proj_all\itoh_inv_final\project_1\project_1.srcs\sources_1\new\gf283_itoh_tsujii.v:]
WARNING: [filemgmt 56-199] Attempt to get parsing info during refresh. "On-the-fly" syntax checking information may be incorrect. [C:\Users\Prasit\Documents\hsec_proj_all\itoh_inv_final\project_1\project_1.srcs\sources_1\new\gf283_reduce.v:]
WARNING: [filemgmt 56-199] Attempt to get parsing info during refresh. "On-the-fly" syntax checking information may be incorrect. [C:\Users\Prasit\Documents\hsec_proj_all\itoh_inv_final\project_1\project_1.srcs\sources_1\new\gf283_mul_pipe.v:]
ERROR: [Common 17-180] Spawn failed: No error
launch_simulation -mode post-implementation -type timing
Command: launch_simulation  -mode post-implementation -type timing
INFO: [Vivado 12-12493] Simulation top is 'tb_gf283_top'
WARNING: [Vivado 12-13340] Unable to auto find GCC executables from simulator install path! (path not set)
INFO: [Vivado 12-5682] Launching post-implementation timing simulation in 'C:/Users/Prasit/Documents/hsec_proj_all/itoh_inv_final/project_1/project_1.sim/sim_1/impl/timing/xsim'
INFO: [SIM-utils-51] Simulation object is 'sim_1'
INFO: [SIM-utils-72] Using boost library from 'C:/Xilinx/Vivado/2023.2/tps/boost_1_72_0'
INFO: [SIM-utils-31] Writing simulation netlist file for design 'impl_1'...
INFO: [SIM-utils-32] write_verilog -mode timesim -nolib -sdf_anno true -force -file "C:/Users/Prasit/Documents/hsec_proj_all/itoh_inv_final/project_1/project_1.sim/sim_1/impl/timing/xsim/tb_gf283_top_time_impl.v"
WARNING: [filemgmt 56-199] Attempt to get parsing info during refresh. "On-the-fly" syntax checking information may be incorrect. [C:\Users\Prasit\Documents\hsec_proj_all\itoh_inv_final\project_1\project_1.srcs\sources_1\new\gf283_square.v:]
WARNING: [filemgmt 56-199] Attempt to get parsing info during refresh. "On-the-fly" syntax checking information may be incorrect. [C:\Users\Prasit\Documents\hsec_proj_all\itoh_inv_final\project_1\project_1.srcs\sources_1\new\gf283_top.v:]
WARNING: [filemgmt 56-199] Attempt to get parsing info during refresh. "On-the-fly" syntax checking information may be incorrect. [C:\Users\Prasit\Documents\hsec_proj_all\itoh_inv_final\project_1\project_1.srcs\sim_1\new\tb_gf283_top.v:]
WARNING: [filemgmt 56-199] Attempt to get parsing info during refresh. "On-the-fly" syntax checking information may be incorrect. [C:\Users\Prasit\Documents\hsec_proj_all\itoh_inv_final\project_1\project_1.srcs\sources_1\new\gf283_sqr_pow2k.v:]
WARNING: [filemgmt 56-199] Attempt to get parsing info during refresh. "On-the-fly" syntax checking information may be incorrect. [C:\Users\Prasit\Documents\hsec_proj_all\itoh_inv_final\project_1\project_1.srcs\sources_1\new\gf283_itoh_tsujii.v:]
WARNING: [filemgmt 56-199] Attempt to get parsing info during refresh. "On-the-fly" syntax checking information may be incorrect. [C:\Users\Prasit\Documents\hsec_proj_all\itoh_inv_final\project_1\project_1.srcs\sources_1\new\gf283_reduce.v:]
WARNING: [filemgmt 56-199] Attempt to get parsing info during refresh. "On-the-fly" syntax checking information may be incorrect. [C:\Users\Prasit\Documents\hsec_proj_all\itoh_inv_final\project_1\project_1.srcs\sources_1\new\gf283_mul_pipe.v:]
WARNING: [filemgmt 56-199] Attempt to get parsing info during refresh. "On-the-fly" syntax checking information may be incorrect. [C:\Users\Prasit\Documents\hsec_proj_all\itoh_inv_final\project_1\project_1.srcs\sources_1\new\gf283_square.v:]
WARNING: [filemgmt 56-199] Attempt to get parsing info during refresh. "On-the-fly" syntax checking information may be incorrect. [C:\Users\Prasit\Documents\hsec_proj_all\itoh_inv_final\project_1\project_1.srcs\sources_1\new\gf283_top.v:]
WARNING: [filemgmt 56-199] Attempt to get parsing info during refresh. "On-the-fly" syntax checking information may be incorrect. [C:\Users\Prasit\Documents\hsec_proj_all\itoh_inv_final\project_1\project_1.srcs\sim_1\new\tb_gf283_top.v:]
WARNING: [filemgmt 56-199] Attempt to get parsing info during refresh. "On-the-fly" syntax checking information may be incorrect. [C:\Users\Prasit\Documents\hsec_proj_all\itoh_inv_final\project_1\project_1.srcs\sources_1\new\gf283_sqr_pow2k.v:]
WARNING: [filemgmt 56-199] Attempt to get parsing info during refresh. "On-the-fly" syntax checking information may be incorrect. [C:\Users\Prasit\Documents\hsec_proj_all\itoh_inv_final\project_1\project_1.srcs\sources_1\new\gf283_itoh_tsujii.v:]
WARNING: [filemgmt 56-199] Attempt to get parsing info during refresh. "On-the-fly" syntax checking information may be incorrect. [C:\Users\Prasit\Documents\hsec_proj_all\itoh_inv_final\project_1\project_1.srcs\sources_1\new\gf283_reduce.v:]
WARNING: [filemgmt 56-199] Attempt to get parsing info during refresh. "On-the-fly" syntax checking information may be incorrect. [C:\Users\Prasit\Documents\hsec_proj_all\itoh_inv_final\project_1\project_1.srcs\sources_1\new\gf283_mul_pipe.v:]
WARNING: [filemgmt 56-199] Attempt to get parsing info during refresh. "On-the-fly" syntax checking information may be incorrect. [C:\Users\Prasit\Documents\hsec_proj_all\itoh_inv_final\project_1\project_1.srcs\sources_1\new\gf283_square.v:]
WARNING: [filemgmt 56-199] Attempt to get parsing info during refresh. "On-the-fly" syntax checking information may be incorrect. [C:\Users\Prasit\Documents\hsec_proj_all\itoh_inv_final\project_1\project_1.srcs\sources_1\new\gf283_top.v:]
INFO: [Common 17-14] Message 'filemgmt 56-199' appears 100 times and further instances of the messages will be disabled. Use the Tcl command set_msg_config to change the current settings.
INFO: [SIM-utils-34] Writing SDF file...
INFO: [SIM-utils-35] write_sdf -mode timesim -process_corner slow -force -file "C:/Users/Prasit/Documents/hsec_proj_all/itoh_inv_final/project_1/project_1.sim/sim_1/impl/timing/xsim/tb_gf283_top_time_impl.sdf"
ERROR: [Common 17-180] Spawn failed: No error
ERROR: [Common 17-180] Spawn failed: No error
write_sdf: Time (s): cpu = 00:00:10 ; elapsed = 00:00:13 . Memory (MB): peak = 3227.340 ; gain = 0.000
ERROR: [Common 17-39] 'write_sdf' failed due to earlier errors.

    while executing
"write_sdf -mode timesim -process_corner slow -force -file "C:/Users/Prasit/Documents/hsec_proj_all/itoh_inv_final/project_1/project_1.sim/sim_1/impl/t..."
    ("eval" body line 1)
    invoked from within
"eval "write_sdf $ws_args""
    (procedure "xcs_write_design_netlist" line 146)
    invoked from within
"xcs_write_design_netlist $a_sim_vars(s_simset)           $a_sim_vars(s_simulation_flow)  $a_sim_vars(s_type)             $a_sim_vars(s_sim_top)       ..."
    (procedure "usf_xsim_setup_simulation" line 58)
    invoked from within
"usf_xsim_setup_simulation"
    (procedure "tclapp::xilinx::xsim::setup" line 24)
    invoked from within
"tclapp::xilinx::xsim::setup { -simset sim_1 -mode post-implementation -type timing -run_dir C:/Users/Prasit/Documents/hsec_proj_all/itoh_inv_final/pro..."
ERROR: [Vivado 12-4473] Detected error while running simulation. Please correct the issue and retry this operation.
launch_simulation: Time (s): cpu = 00:00:10 ; elapsed = 00:00:14 . Memory (MB): peak = 3227.340 ; gain = 0.000
ERROR: [Common 17-39] 'launch_simulation' failed due to earlier errors.
launch_simulation -mode post-implementation -type timing
Command: launch_simulation  -mode post-implementation -type timing
INFO: [Vivado 12-12493] Simulation top is 'tb_gf283_top'
WARNING: [Vivado 12-13340] Unable to auto find GCC executables from simulator install path! (path not set)
INFO: [Vivado 12-5682] Launching post-implementation timing simulation in 'C:/Users/Prasit/Documents/hsec_proj_all/itoh_inv_final/project_1/project_1.sim/sim_1/impl/timing/xsim'
INFO: [SIM-utils-51] Simulation object is 'sim_1'
INFO: [SIM-utils-72] Using boost library from 'C:/Xilinx/Vivado/2023.2/tps/boost_1_72_0'
INFO: [SIM-utils-31] Writing simulation netlist file for design 'impl_1'...
INFO: [SIM-utils-32] write_verilog -mode timesim -nolib -sdf_anno true -force -file "C:/Users/Prasit/Documents/hsec_proj_all/itoh_inv_final/project_1/project_1.sim/sim_1/impl/timing/xsim/tb_gf283_top_time_impl.v"
INFO: [SIM-utils-34] Writing SDF file...
INFO: [SIM-utils-35] write_sdf -mode timesim -process_corner slow -force -file "C:/Users/Prasit/Documents/hsec_proj_all/itoh_inv_final/project_1/project_1.sim/sim_1/impl/timing/xsim/tb_gf283_top_time_impl.sdf"
ERROR: [Common 17-180] Spawn failed: No error
ERROR: [Common 17-180] Spawn failed: No error
ERROR: [Common 17-180] Spawn failed: No error
write_sdf: Time (s): cpu = 00:00:07 ; elapsed = 00:00:09 . Memory (MB): peak = 3227.340 ; gain = 0.000
ERROR: [Common 17-39] 'write_sdf' failed due to earlier errors.

    while executing
"write_sdf -mode timesim -process_corner slow -force -file "C:/Users/Prasit/Documents/hsec_proj_all/itoh_inv_final/project_1/project_1.sim/sim_1/impl/t..."
    ("eval" body line 1)
    invoked from within
"eval "write_sdf $ws_args""
    (procedure "xcs_write_design_netlist" line 146)
    invoked from within
"xcs_write_design_netlist $a_sim_vars(s_simset)           $a_sim_vars(s_simulation_flow)  $a_sim_vars(s_type)             $a_sim_vars(s_sim_top)       ..."
    (procedure "usf_xsim_setup_simulation" line 58)
    invoked from within
"usf_xsim_setup_simulation"
    (procedure "tclapp::xilinx::xsim::setup" line 24)
    invoked from within
"tclapp::xilinx::xsim::setup { -simset sim_1 -mode post-implementation -type timing -run_dir C:/Users/Prasit/Documents/hsec_proj_all/itoh_inv_final/pro..."
ERROR: [Vivado 12-4473] Detected error while running simulation. Please correct the issue and retry this operation.
launch_simulation: Time (s): cpu = 00:00:08 ; elapsed = 00:00:09 . Memory (MB): peak = 3227.340 ; gain = 0.000
ERROR: [Common 17-39] 'launch_simulation' failed due to earlier errors.
close_design
launch_simulation -mode post-implementation -type timing
Command: launch_simulation  -mode post-implementation -type timing
INFO: [Vivado 12-12493] Simulation top is 'tb_gf283_top'
WARNING: [Vivado 12-13340] Unable to auto find GCC executables from simulator install path! (path not set)
INFO: [Vivado 12-5682] Launching post-implementation timing simulation in 'C:/Users/Prasit/Documents/hsec_proj_all/itoh_inv_final/project_1/project_1.sim/sim_1/impl/timing/xsim'
INFO: [SIM-utils-51] Simulation object is 'sim_1'
INFO: [SIM-utils-72] Using boost library from 'C:/Xilinx/Vivado/2023.2/tps/boost_1_72_0'
Netlist sorting complete. Time (s): cpu = 00:00:01 ; elapsed = 00:00:00.117 . Memory (MB): peak = 3227.340 ; gain = 0.000
INFO: [Netlist 29-17] Analyzing 28 Unisim elements for replacement
INFO: [Netlist 29-28] Unisim Transformation completed in 0 CPU seconds
INFO: [Project 1-479] Netlist was created with Vivado 2023.2
ERROR: [Common 17-180] Spawn failed: No error
INFO: [Project 1-570] Preparing netlist for logic optimization
Read ShapeDB Complete: Time (s): cpu = 00:00:00 ; elapsed = 00:00:00.061 . Memory (MB): peak = 3227.340 ; gain = 0.000
INFO: [Timing 38-478] Restoring timing data from binary archive.
INFO: [Timing 38-479] Binary timing data restore complete.
INFO: [Project 1-856] Restoring constraints from binary archive.
INFO: [Project 1-853] Binary constraint restore complete.
INFO: [Designutils 20-5722] Start Reading Physical Databases.
Reading placement.
Read Netlist Cache: Time (s): cpu = 00:00:00 ; elapsed = 00:00:00.051 . Memory (MB): peak = 3227.340 ; gain = 0.000
Reading placer database...
Read Device Cache: Time (s): cpu = 00:00:00 ; elapsed = 00:00:00.023 . Memory (MB): peak = 3227.340 ; gain = 0.000
Read PlaceDB: Time (s): cpu = 00:00:01 ; elapsed = 00:00:01 . Memory (MB): peak = 3227.340 ; gain = 0.000
Read PulsedLatchDB: Time (s): cpu = 00:00:00 ; elapsed = 00:00:00 . Memory (MB): peak = 3227.340 ; gain = 0.000
Reading routing.
Read RouteStorage: Time (s): cpu = 00:00:01 ; elapsed = 00:00:01 . Memory (MB): peak = 3227.340 ; gain = 0.000
Read Physdb Files: Time (s): cpu = 00:00:02 ; elapsed = 00:00:02 . Memory (MB): peak = 3227.340 ; gain = 0.000
Restored from archive | CPU: 2.000000 secs | Memory: 0.000000 MB |
Finished XDEF File Restore: Time (s): cpu = 00:00:02 ; elapsed = 00:00:02 . Memory (MB): peak = 3227.340 ; gain = 0.000
Netlist sorting complete. Time (s): cpu = 00:00:00 ; elapsed = 00:00:00.007 . Memory (MB): peak = 3227.340 ; gain = 0.000
INFO: [Project 1-111] Unisim Transformation Summary:
No Unisim elements were transformed.

open_run: Time (s): cpu = 00:00:15 ; elapsed = 00:00:13 . Memory (MB): peak = 3227.340 ; gain = 0.000
INFO: [SIM-utils-31] Writing simulation netlist file for design 'impl_1'...
INFO: [SIM-utils-32] write_verilog -mode timesim -nolib -sdf_anno true -force -file "C:/Users/Prasit/Documents/hsec_proj_all/itoh_inv_final/project_1/project_1.sim/sim_1/impl/timing/xsim/tb_gf283_top_time_impl.v"
INFO: [SIM-utils-34] Writing SDF file...
INFO: [SIM-utils-35] write_sdf -mode timesim -process_corner slow -force -file "C:/Users/Prasit/Documents/hsec_proj_all/itoh_inv_final/project_1/project_1.sim/sim_1/impl/timing/xsim/tb_gf283_top_time_impl.sdf"
write_sdf: Time (s): cpu = 00:00:18 ; elapsed = 00:00:13 . Memory (MB): peak = 3227.340 ; gain = 0.000
INFO: [SIM-utils-36] Netlist generated:C:/Users/Prasit/Documents/hsec_proj_all/itoh_inv_final/project_1/project_1.sim/sim_1/impl/timing/xsim/tb_gf283_top_time_impl.v
INFO: [SIM-utils-37] SDF generated:C:/Users/Prasit/Documents/hsec_proj_all/itoh_inv_final/project_1/project_1.sim/sim_1/impl/timing/xsim/tb_gf283_top_time_impl.sdf
INFO: [SIM-utils-54] Inspecting design source files for 'tb_gf283_top' in fileset 'sim_1'...
INFO: [USF-XSim-2] XSim::Compile design
INFO: [USF-XSim-61] Executing 'COMPILE and ANALYZE' step in 'C:/Users/Prasit/Documents/hsec_proj_all/itoh_inv_final/project_1/project_1.sim/sim_1/impl/timing/xsim'
"xvlog --incr --relax -prj tb_gf283_top_vlog.prj"
ECHO is off.
ECHO is off.
INFO: [VRFC 10-2263] Analyzing Verilog file "C:/Users/Prasit/Documents/hsec_proj_all/itoh_inv_final/project_1/project_1.sim/sim_1/impl/timing/xsim/tb_gf283_top_time_impl.v" into library xil_defaultlib
INFO: [VRFC 10-311] analyzing module gf283_itoh_tsujii
INFO: [VRFC 10-311] analyzing module gf283_mul_pipe
INFO: [VRFC 10-311] analyzing module gf283_reduce
INFO: [VRFC 10-311] analyzing module gf283_sqr_pow2k
INFO: [VRFC 10-311] analyzing module gf283_top
INFO: [VRFC 10-311] analyzing module ks141
INFO: [VRFC 10-311] analyzing module ks142
INFO: [VRFC 10-311] analyzing module ks142_0
INFO: [VRFC 10-311] analyzing module ks283
INFO: [VRFC 10-311] analyzing module glbl
INFO: [VRFC 10-2263] Analyzing Verilog file "C:/Users/Prasit/Documents/hsec_proj_all/itoh_inv_final/project_1/project_1.srcs/sim_1/new/tb_gf283_top.v" into library xil_defaultlib
INFO: [VRFC 10-311] analyzing module tb_gf283_top
INFO: [USF-XSim-69] 'compile' step finished in '5' seconds
INFO: [USF-XSim-3] XSim::Elaborate design
INFO: [USF-XSim-61] Executing 'ELABORATE' step in 'C:/Users/Prasit/Documents/hsec_proj_all/itoh_inv_final/project_1/project_1.sim/sim_1/impl/timing/xsim'
"xelab --incr --debug typical --relax --mt 2 --maxdelay -L xil_defaultlib -L simprims_ver -L secureip --snapshot tb_gf283_top_time_impl -transport_int_delays -pulse_r 0 -pulse_int_r 0 -pulse_e 0 -pulse_int_e 0 xil_defaultlib.tb_gf283_top xil_defaultlib.glbl -log elaborate.log"
ECHO is off.
ECHO is off.
Vivado Simulator v2023.2
Copyright 1986-2022 Xilinx, Inc. All Rights Reserved.
Copyright 2022-2023 Advanced Micro Devices, Inc. All Rights Reserved.
Running: C:/Xilinx/Vivado/2023.2/bin/unwrapped/win64.o/xelab.exe --incr --debug typical --relax --mt 2 --maxdelay -L xil_defaultlib -L simprims_ver -L secureip --snapshot tb_gf283_top_time_impl -transport_int_delays -pulse_r 0 -pulse_int_r 0 -pulse_e 0 -pulse_int_e 0 xil_defaultlib.tb_gf283_top xil_defaultlib.glbl -log elaborate.log 
Using 2 slave threads.
Starting static elaboration
Pass Through NonSizing Optimizer
WARNING: [VRFC 10-2861] module 'gf283_top' does not have a parameter named M [C:/Users/Prasit/Documents/hsec_proj_all/itoh_inv_final/project_1/project_1.srcs/sim_1/new/tb_gf283_top.v:62]
Completed static elaboration
Starting simulation data flow analysis
Completed simulation data flow analysis
INFO: [XSIM 43-3451] SDF backannotation process started with SDF file "tb_gf283_top_time_impl.sdf", for root module "tb_gf283_top/dut".
INFO: [XSIM 43-3452] SDF backannotation was successful for SDF file "tb_gf283_top_time_impl.sdf", for root module "tb_gf283_top/dut".
Time Resolution for simulation is 1ps
Compiling module simprims_ver.FDCE_default
Compiling module simprims_ver.OBUF
Compiling module simprims_ver.x_lut3_mux8
Compiling module simprims_ver.LUT3
Compiling module simprims_ver.BUFG
Compiling module simprims_ver.IBUF
Compiling module simprims_ver.LUT5
Compiling module simprims_ver.LUT6
Compiling module simprims_ver.LUT4
Compiling module simprims_ver.x_lut2_mux4
Compiling module simprims_ver.LUT2
Compiling module simprims_ver.FDPE_default
Compiling module simprims_ver.x_lut1_mux2
Compiling module simprims_ver.LUT1
Compiling module simprims_ver.CARRY4
Compiling module xil_defaultlib.gf283_sqr_pow2k
Compiling module xil_defaultlib.gf283_itoh_tsujii
Compiling module xil_defaultlib.ks142
Compiling module xil_defaultlib.ks141
Compiling module xil_defaultlib.ks142_0
Compiling module xil_defaultlib.ks283
Compiling module xil_defaultlib.gf283_reduce
Compiling module xil_defaultlib.gf283_mul_pipe
Compiling module xil_defaultlib.gf283_top
Compiling module xil_defaultlib.tb_gf283_top
Compiling module xil_defaultlib.glbl
Built simulation snapshot tb_gf283_top_time_impl
run_program: Time (s): cpu = 00:01:10 ; elapsed = 00:29:55 . Memory (MB): peak = 3227.340 ; gain = 0.000
INFO: [USF-XSim-69] 'elaborate' step finished in '1795' seconds
INFO: [USF-XSim-4] XSim::Simulate design
INFO: [USF-XSim-61] Executing 'SIMULATE' step in 'C:/Users/Prasit/Documents/hsec_proj_all/itoh_inv_final/project_1/project_1.sim/sim_1/impl/timing/xsim'
INFO: [USF-XSim-98] *** Running xsim
   with args "tb_gf283_top_time_impl -key {Post-Implementation:sim_1:Timing:tb_gf283_top} -tclbatch {tb_gf283_top.tcl} -view {C:/Users/Prasit/Documents/hsec_proj_all/itoh_inv_final/project_1/project_1.srcs/sim_1/imports/new/gf283_top_wave.wcfg} -log {simulate.log}"
INFO: [USF-XSim-8] Loading simulator feature
Time resolution is 1 ps
open_wave_config C:/Users/Prasit/Documents/hsec_proj_all/itoh_inv_final/project_1/project_1.srcs/sim_1/imports/new/gf283_top_wave.wcfg
source tb_gf283_top.tcl
# set curr_wave [current_wave_config]
# if { [string length $curr_wave] == 0 } {
#   if { [llength [get_objects]] > 0} {
#     add_wave /
#     set_property needs_save false [current_wave_config]
#   } else {
#      send_msg_id Add_Wave-1 WARNING "No top level signals found. Simulator will start without a wave window. If you want to open a wave window go to 'File->New Waveform Configuration' or type 'create_wave_config' in the TCL console."
#   }
# }
# log_wave -r /
log_wave: Time (s): cpu = 00:00:03 ; elapsed = 00:00:07 . Memory (MB): peak = 3227.340 ; gain = 0.000
# run all

==========================================================
 GF(2^283) top-level testbench
 f(x) = x^283 + x^12 + x^7 + x^5 + 1
 streaming width W = 32, 9 words per operand
==========================================================

---- Multiplication: golden vectors ----
[ PASS] MUL vector 0
[ PASS] MUL vector 1
[ PASS] MUL vector 2
[ PASS] MUL vector 3
[ PASS] MUL vector 4
[ PASS] MUL vector 5
[ PASS] MUL vector 6
[ PASS] MUL vector 7
[ PASS] MUL vector 8
[ PASS] MUL vector 9
[ PASS] MUL vector 10
[ PASS] MUL vector 11

---- Inversion: golden vectors ----
[ PASS] INV vector 0
[ PASS] INV vector 1
[ PASS] INV vector 2
[ PASS] INV vector 3
[ PASS] INV vector 4
[ PASS] INV vector 5
[ PASS] INV vector 6
[ PASS] INV vector 7
[ PASS] INV vector 8
[ PASS] INV vector 9
[ PASS] INV vector 10
[ PASS] INV vector 11

---- Multiplication: random vs reference model ----
[ PASS] MUL random 0
[ PASS] MUL random 1
[ PASS] MUL random 2
[ PASS] MUL random 3
[ PASS] MUL random 4

---- Inversion: random, checked by a * a^-1 == 1 ----
[ PASS] INV random 0  (a * a^-1)
[ PASS] INV random 1  (a * a^-1)
[ PASS] INV random 2  (a * a^-1)
[ PASS] INV random 3  (a * a^-1)
[ PASS] INV random 4  (a * a^-1)

---- Corner case: inversion of zero ----
[ PASS] err_zero asserted for a = 0

==========================================================
 checks run : 35
 failures   : 0
 RESULT     : *** ALL TESTS PASSED ***
==========================================================

$finish called at time : 88086 ns : File "C:/Users/Prasit/Documents/hsec_proj_all/itoh_inv_final/project_1/project_1.srcs/sim_1/new/tb_gf283_top.v" Line 458
run: Time (s): cpu = 00:05:32 ; elapsed = 00:19:58 . Memory (MB): peak = 3265.910 ; gain = 38.570
xsim: Time (s): cpu = 00:05:37 ; elapsed = 00:20:08 . Memory (MB): peak = 3265.910 ; gain = 38.570
INFO: [USF-XSim-96] XSim completed. Design snapshot 'tb_gf283_top_time_impl' loaded.
INFO: [USF-XSim-97] XSim simulation ran for all
launch_simulation: Time (s): cpu = 00:07:25 ; elapsed = 00:50:37 . Memory (MB): peak = 3265.910 ; gain = 38.570
close_sim
INFO: xsimkernel Simulation Memory Usage: 513612 KB (Peak: 513612 KB), Simulation CPU Usage: 1161312 ms
INFO: [Simtcl 6-16] Simulation closed
exit
INFO: [Common 17-206] Exiting Vivado at Tue Aug 11 15:53:36 2026...
