Copyright 1986-2022 Xilinx, Inc. All Rights Reserved. Copyright 2022-2023 Advanced Micro Devices, Inc. All Rights Reserved.
------------------------------------------------------------------------------------------------------------------------------------------------------------------------------------------------------------------------
| Tool Version : Vivado v.2023.2 (win64) Build 4029153 Fri Oct 13 20:14:34 MDT 2023
| Date         : Tue Aug 11 14:37:10 2026
| Host         : DESKTOP-LP0DM3H running 64-bit major release  (build 9200)
| Command      : report_timing_summary -max_paths 10 -report_unconstrained -file gf283_top_timing_summary_routed.rpt -pb gf283_top_timing_summary_routed.pb -rpx gf283_top_timing_summary_routed.rpx -warn_on_violation
| Design       : gf283_top
| Device       : 7a100t-csg324
| Speed File   : -1  PRODUCTION 1.23 2018-06-13
| Design State : Routed
------------------------------------------------------------------------------------------------------------------------------------------------------------------------------------------------------------------------

Timing Summary Report

------------------------------------------------------------------------------------------------
| Timer Settings
| --------------
------------------------------------------------------------------------------------------------

  Enable Multi Corner Analysis               :  Yes
  Enable Pessimism Removal                   :  Yes
  Pessimism Removal Resolution               :  Nearest Common Node
  Enable Input Delay Default Clock           :  No
  Enable Preset / Clear Arcs                 :  No
  Disable Flight Delays                      :  No
  Ignore I/O Paths                           :  No
  Timing Early Launch at Borrowing Latches   :  No
  Borrow Time for Max Delay Exceptions       :  Yes
  Merge Timing Exceptions                    :  Yes
  Inter-SLR Compensation                     :  Conservative

  Corner  Analyze    Analyze    
  Name    Max Paths  Min Paths  
  ------  ---------  ---------  
  Slow    Yes        Yes        
  Fast    Yes        Yes        


------------------------------------------------------------------------------------------------
| Report Methodology
| ------------------
------------------------------------------------------------------------------------------------

Rule    Severity  Description                               Violations  
------  --------  ----------------------------------------  ----------  
XDCH-2  Warning   Same min and max delay values on IO port  73          

Note: This report is based on the most recent report_methodology run and may not be up-to-date. Run report_methodology on the current design for the latest report.



check_timing report

Table of Contents
-----------------
1. checking no_clock (0)
2. checking constant_clock (0)
3. checking pulse_width_clock (0)
4. checking unconstrained_internal_endpoints (0)
5. checking no_input_delay (1)
6. checking no_output_delay (0)
7. checking multiple_clock (0)
8. checking generated_clocks (0)
9. checking loops (0)
10. checking partial_input_delay (0)
11. checking partial_output_delay (0)
12. checking latch_loops (0)

1. checking no_clock (0)
------------------------
 There are 0 register/latch pins with no clock.


2. checking constant_clock (0)
------------------------------
 There are 0 register/latch pins with constant_clock.


3. checking pulse_width_clock (0)
---------------------------------
 There are 0 register/latch pins which need pulse_width check


4. checking unconstrained_internal_endpoints (0)
------------------------------------------------
 There are 0 pins that are not constrained for maximum delay.

 There are 0 pins that are not constrained for maximum delay due to constant clock.


5. checking no_input_delay (1)
------------------------------
 There are 0 input ports with no input delay specified.

 There is 1 input port with no input delay but user has a false path constraint. (MEDIUM)


6. checking no_output_delay (0)
-------------------------------
 There are 0 ports with no output delay specified.

 There are 0 ports with no output delay but user has a false path constraint

 There are 0 ports with no output delay but with a timing clock defined on it or propagating through it


7. checking multiple_clock (0)
------------------------------
 There are 0 register/latch pins with multiple clocks.


8. checking generated_clocks (0)
--------------------------------
 There are 0 generated clocks that are not connected to a clock source.


9. checking loops (0)
---------------------
 There are 0 combinational loops in the design.


10. checking partial_input_delay (0)
------------------------------------
 There are 0 input ports with partial input delay specified.


11. checking partial_output_delay (0)
-------------------------------------
 There are 0 ports with partial output delay specified.


12. checking latch_loops (0)
----------------------------
 There are 0 combinational latch loops in the design through latch input



------------------------------------------------------------------------------------------------
| Design Timing Summary
| ---------------------
------------------------------------------------------------------------------------------------

    WNS(ns)      TNS(ns)  TNS Failing Endpoints  TNS Total Endpoints      WHS(ns)      THS(ns)  THS Failing Endpoints  THS Total Endpoints     WPWS(ns)     TPWS(ns)  TPWS Failing Endpoints  TPWS Total Endpoints  
    -------      -------  ---------------------  -------------------      -------      -------  ---------------------  -------------------     --------     --------  ----------------------  --------------------  
      4.126        0.000                      0                 8067        0.039        0.000                      0                 8067        9.500        0.000                       0                  4033  


All user specified timing constraints are met.


------------------------------------------------------------------------------------------------
| Clock Summary
| -------------
------------------------------------------------------------------------------------------------

Clock    Waveform(ns)       Period(ns)      Frequency(MHz)
-----    ------------       ----------      --------------
sys_clk  {0.000 10.000}     20.000          50.000          


------------------------------------------------------------------------------------------------
| Intra Clock Table
| -----------------
------------------------------------------------------------------------------------------------

Clock             WNS(ns)      TNS(ns)  TNS Failing Endpoints  TNS Total Endpoints      WHS(ns)      THS(ns)  THS Failing Endpoints  THS Total Endpoints     WPWS(ns)     TPWS(ns)  TPWS Failing Endpoints  TPWS Total Endpoints  
-----             -------      -------  ---------------------  -------------------      -------      -------  ---------------------  -------------------     --------     --------  ----------------------  --------------------  
sys_clk             4.126        0.000                      0                 8067        0.039        0.000                      0                 8067        9.500        0.000                       0                  4033  


------------------------------------------------------------------------------------------------
| Inter Clock Table
| -----------------
------------------------------------------------------------------------------------------------

From Clock    To Clock          WNS(ns)      TNS(ns)  TNS Failing Endpoints  TNS Total Endpoints      WHS(ns)      THS(ns)  THS Failing Endpoints  THS Total Endpoints  
----------    --------          -------      -------  ---------------------  -------------------      -------      -------  ---------------------  -------------------  


------------------------------------------------------------------------------------------------
| Other Path Groups Table
| -----------------------
------------------------------------------------------------------------------------------------

Path Group    From Clock    To Clock          WNS(ns)      TNS(ns)  TNS Failing Endpoints  TNS Total Endpoints      WHS(ns)      THS(ns)  THS Failing Endpoints  THS Total Endpoints  
----------    ----------    --------          -------      -------  ---------------------  -------------------      -------      -------  ---------------------  -------------------  


------------------------------------------------------------------------------------------------
| User Ignored Path Table
| -----------------------
------------------------------------------------------------------------------------------------

Path Group    From Clock    To Clock    
----------    ----------    --------    
(none)                      sys_clk       


------------------------------------------------------------------------------------------------
| Unconstrained Path Table
| ------------------------
------------------------------------------------------------------------------------------------

Path Group    From Clock    To Clock    
----------    ----------    --------    


------------------------------------------------------------------------------------------------
| Timing Details
| --------------
------------------------------------------------------------------------------------------------


---------------------------------------------------------------------------------------------------
From Clock:  sys_clk
  To Clock:  sys_clk

Setup :            0  Failing Endpoints,  Worst Slack        4.126ns,  Total Violation        0.000ns
Hold  :            0  Failing Endpoints,  Worst Slack        0.039ns,  Total Violation        0.000ns
PW    :            0  Failing Endpoints,  Worst Slack        9.500ns,  Total Violation        0.000ns
---------------------------------------------------------------------------------------------------


Max Delay Paths
--------------------------------------------------------------------------------------
Slack (MET) :             4.126ns  (required time - arrival time)
  Source:                 FSM_sequential_state_reg[0]/C
                            (rising edge-triggered cell FDCE clocked by sys_clk  {rise@0.000ns fall@10.000ns period=20.000ns})
  Destination:            out_valid
                            (output port clocked by sys_clk  {rise@0.000ns fall@10.000ns period=20.000ns})
  Path Group:             sys_clk
  Path Type:              Max at Slow Process Corner
  Requirement:            20.000ns  (sys_clk rise@20.000ns - sys_clk rise@0.000ns)
  Data Path Delay:        7.140ns  (logic 3.409ns (47.744%)  route 3.731ns (52.256%))
  Logic Levels:           2  (LUT3=1 OBUF=1)
  Output Delay:           4.000ns
  Clock Path Skew:        -4.699ns (DCD - SCD + CPR)
    Destination Clock Delay (DCD):    0.000ns = ( 20.000 - 20.000 ) 
    Source Clock Delay      (SCD):    4.699ns
    Clock Pessimism Removal (CPR):    0.000ns
  Clock Uncertainty:      0.035ns  ((TSJ^2 + TIJ^2)^1/2 + DJ) / 2 + PE
    Total System Jitter     (TSJ):    0.071ns
    Total Input Jitter      (TIJ):    0.000ns
    Discrete Jitter          (DJ):    0.000ns
    Phase Error              (PE):    0.000ns

    Location             Delay type                Incr(ns)  Path(ns)    Netlist Resource(s)
  -------------------------------------------------------------------    -------------------
                         (clock sys_clk rise edge)    0.000     0.000 r  
    N15                                               0.000     0.000 r  clk (IN)
                         net (fo=0)                   0.000     0.000    clk
    N15                  IBUF (Prop_ibuf_I_O)         0.948     0.948 r  clk_IBUF_inst/O
                         net (fo=1, routed)           2.016     2.963    clk_IBUF
    BUFGCTRL_X0Y0        BUFG (Prop_bufg_I_O)         0.096     3.059 r  clk_IBUF_BUFG_inst/O
                         net (fo=4032, routed)        1.639     4.699    clk_IBUF_BUFG
    SLICE_X9Y64          FDCE                                         r  FSM_sequential_state_reg[0]/C
  -------------------------------------------------------------------    -------------------
    SLICE_X9Y64          FDCE (Prop_fdce_C_Q)         0.456     5.155 f  FSM_sequential_state_reg[0]/Q
                         net (fo=36, routed)          1.554     6.709    state__0[0]
    SLICE_X1Y73          LUT3 (Prop_lut3_I2_O)        0.118     6.827 r  out_valid_OBUF_inst_i_1/O
                         net (fo=1, routed)           2.177     9.004    out_valid_OBUF
    M13                  OBUF (Prop_obuf_I_O)         2.835    11.839 r  out_valid_OBUF_inst/O
                         net (fo=0)                   0.000    11.839    out_valid
    M13                                                               r  out_valid (OUT)
  -------------------------------------------------------------------    -------------------

                         (clock sys_clk rise edge)   20.000    20.000 r  
                         clock pessimism              0.000    20.000    
                         clock uncertainty           -0.035    19.965    
                         output delay                -4.000    15.965    
  -------------------------------------------------------------------
                         required time                         15.965    
                         arrival time                         -11.839    
  -------------------------------------------------------------------
                         slack                                  4.126    

Slack (MET) :             4.335ns  (required time - arrival time)
  Source:                 FSM_sequential_state_reg[0]/C
                            (rising edge-triggered cell FDCE clocked by sys_clk  {rise@0.000ns fall@10.000ns period=20.000ns})
  Destination:            busy
                            (output port clocked by sys_clk  {rise@0.000ns fall@10.000ns period=20.000ns})
  Path Group:             sys_clk
  Path Type:              Max at Slow Process Corner
  Requirement:            20.000ns  (sys_clk rise@20.000ns - sys_clk rise@0.000ns)
  Data Path Delay:        6.931ns  (logic 3.426ns (49.432%)  route 3.505ns (50.568%))
  Logic Levels:           2  (LUT3=1 OBUF=1)
  Output Delay:           4.000ns
  Clock Path Skew:        -4.699ns (DCD - SCD + CPR)
    Destination Clock Delay (DCD):    0.000ns = ( 20.000 - 20.000 ) 
    Source Clock Delay      (SCD):    4.699ns
    Clock Pessimism Removal (CPR):    0.000ns
  Clock Uncertainty:      0.035ns  ((TSJ^2 + TIJ^2)^1/2 + DJ) / 2 + PE
    Total System Jitter     (TSJ):    0.071ns
    Total Input Jitter      (TIJ):    0.000ns
    Discrete Jitter          (DJ):    0.000ns
    Phase Error              (PE):    0.000ns

    Location             Delay type                Incr(ns)  Path(ns)    Netlist Resource(s)
  -------------------------------------------------------------------    -------------------
                         (clock sys_clk rise edge)    0.000     0.000 r  
    N15                                               0.000     0.000 r  clk (IN)
                         net (fo=0)                   0.000     0.000    clk
    N15                  IBUF (Prop_ibuf_I_O)         0.948     0.948 r  clk_IBUF_inst/O
                         net (fo=1, routed)           2.016     2.963    clk_IBUF
    BUFGCTRL_X0Y0        BUFG (Prop_bufg_I_O)         0.096     3.059 r  clk_IBUF_BUFG_inst/O
                         net (fo=4032, routed)        1.639     4.699    clk_IBUF_BUFG
    SLICE_X9Y64          FDCE                                         r  FSM_sequential_state_reg[0]/C
  -------------------------------------------------------------------    -------------------
    SLICE_X9Y64          FDCE (Prop_fdce_C_Q)         0.456     5.155 r  FSM_sequential_state_reg[0]/Q
                         net (fo=36, routed)          1.558     6.713    state__0[0]
    SLICE_X1Y73          LUT3 (Prop_lut3_I0_O)        0.119     6.832 r  busy_OBUF_inst_i_1/O
                         net (fo=1, routed)           1.946     8.778    busy_OBUF
    P14                  OBUF (Prop_obuf_I_O)         2.851    11.629 r  busy_OBUF_inst/O
                         net (fo=0)                   0.000    11.629    busy
    P14                                                               r  busy (OUT)
  -------------------------------------------------------------------    -------------------

                         (clock sys_clk rise edge)   20.000    20.000 r  
                         clock pessimism              0.000    20.000    
                         clock uncertainty           -0.035    19.965    
                         output delay                -4.000    15.965    
  -------------------------------------------------------------------
                         required time                         15.965    
                         arrival time                         -11.629    
  -------------------------------------------------------------------
                         slack                                  4.335    

Slack (MET) :             4.353ns  (required time - arrival time)
  Source:                 sh_reg[30]/C
                            (rising edge-triggered cell FDCE clocked by sys_clk  {rise@0.000ns fall@10.000ns period=20.000ns})
  Destination:            out_word[30]
                            (output port clocked by sys_clk  {rise@0.000ns fall@10.000ns period=20.000ns})
  Path Group:             sys_clk
  Path Type:              Max at Slow Process Corner
  Requirement:            20.000ns  (sys_clk rise@20.000ns - sys_clk rise@0.000ns)
  Data Path Delay:        6.745ns  (logic 3.146ns (46.638%)  route 3.599ns (53.362%))
  Logic Levels:           1  (OBUF=1)
  Output Delay:           4.000ns
  Clock Path Skew:        -4.867ns (DCD - SCD + CPR)
    Destination Clock Delay (DCD):    0.000ns = ( 20.000 - 20.000 ) 
    Source Clock Delay      (SCD):    4.867ns
    Clock Pessimism Removal (CPR):    0.000ns
  Clock Uncertainty:      0.035ns  ((TSJ^2 + TIJ^2)^1/2 + DJ) / 2 + PE
    Total System Jitter     (TSJ):    0.071ns
    Total Input Jitter      (TIJ):    0.000ns
    Discrete Jitter          (DJ):    0.000ns
    Phase Error              (PE):    0.000ns

    Location             Delay type                Incr(ns)  Path(ns)    Netlist Resource(s)
  -------------------------------------------------------------------    -------------------
                         (clock sys_clk rise edge)    0.000     0.000 r  
    N15                                               0.000     0.000 r  clk (IN)
                         net (fo=0)                   0.000     0.000    clk
    N15                  IBUF (Prop_ibuf_I_O)         0.948     0.948 r  clk_IBUF_inst/O
                         net (fo=1, routed)           2.016     2.963    clk_IBUF
    BUFGCTRL_X0Y0        BUFG (Prop_bufg_I_O)         0.096     3.059 r  clk_IBUF_BUFG_inst/O
                         net (fo=4032, routed)        1.807     4.867    clk_IBUF_BUFG
    SLICE_X8Y31          FDCE                                         r  sh_reg[30]/C
  -------------------------------------------------------------------    -------------------
    SLICE_X8Y31          FDCE (Prop_fdce_C_Q)         0.518     5.385 r  sh_reg[30]/Q
                         net (fo=1, routed)           3.599     8.984    out_word_OBUF[30]
    P18                  OBUF (Prop_obuf_I_O)         2.628    11.612 r  out_word_OBUF[30]_inst/O
                         net (fo=0)                   0.000    11.612    out_word[30]
    P18                                                               r  out_word[30] (OUT)
  -------------------------------------------------------------------    -------------------

                         (clock sys_clk rise edge)   20.000    20.000 r  
                         clock pessimism              0.000    20.000    
                         clock uncertainty           -0.035    19.965    
                         output delay                -4.000    15.965    
  -------------------------------------------------------------------
                         required time                         15.965    
                         arrival time                         -11.612    
  -------------------------------------------------------------------
                         slack                                  4.353    

Slack (MET) :             4.380ns  (required time - arrival time)
  Source:                 FSM_sequential_state_reg[0]/C
                            (rising edge-triggered cell FDCE clocked by sys_clk  {rise@0.000ns fall@10.000ns period=20.000ns})
  Destination:            in_ready
                            (output port clocked by sys_clk  {rise@0.000ns fall@10.000ns period=20.000ns})
  Path Group:             sys_clk
  Path Type:              Max at Slow Process Corner
  Requirement:            20.000ns  (sys_clk rise@20.000ns - sys_clk rise@0.000ns)
  Data Path Delay:        6.886ns  (logic 3.225ns (46.831%)  route 3.661ns (53.169%))
  Logic Levels:           2  (LUT3=1 OBUF=1)
  Output Delay:           4.000ns
  Clock Path Skew:        -4.699ns (DCD - SCD + CPR)
    Destination Clock Delay (DCD):    0.000ns = ( 20.000 - 20.000 ) 
    Source Clock Delay      (SCD):    4.699ns
    Clock Pessimism Removal (CPR):    0.000ns
  Clock Uncertainty:      0.035ns  ((TSJ^2 + TIJ^2)^1/2 + DJ) / 2 + PE
    Total System Jitter     (TSJ):    0.071ns
    Total Input Jitter      (TIJ):    0.000ns
    Discrete Jitter          (DJ):    0.000ns
    Phase Error              (PE):    0.000ns

    Location             Delay type                Incr(ns)  Path(ns)    Netlist Resource(s)
  -------------------------------------------------------------------    -------------------
                         (clock sys_clk rise edge)    0.000     0.000 r  
    N15                                               0.000     0.000 r  clk (IN)
                         net (fo=0)                   0.000     0.000    clk
    N15                  IBUF (Prop_ibuf_I_O)         0.948     0.948 r  clk_IBUF_inst/O
                         net (fo=1, routed)           2.016     2.963    clk_IBUF
    BUFGCTRL_X0Y0        BUFG (Prop_bufg_I_O)         0.096     3.059 r  clk_IBUF_BUFG_inst/O
                         net (fo=4032, routed)        1.639     4.699    clk_IBUF_BUFG
    SLICE_X9Y64          FDCE                                         r  FSM_sequential_state_reg[0]/C
  -------------------------------------------------------------------    -------------------
    SLICE_X9Y64          FDCE (Prop_fdce_C_Q)         0.456     5.155 r  FSM_sequential_state_reg[0]/Q
                         net (fo=36, routed)          1.558     6.713    state__0[0]
    SLICE_X1Y73          LUT3 (Prop_lut3_I2_O)        0.124     6.837 r  in_ready_OBUF_inst_i_1/O
                         net (fo=1, routed)           2.103     8.940    in_ready_OBUF
    R18                  OBUF (Prop_obuf_I_O)         2.645    11.584 r  in_ready_OBUF_inst/O
                         net (fo=0)                   0.000    11.584    in_ready
    R18                                                               r  in_ready (OUT)
  -------------------------------------------------------------------    -------------------

                         (clock sys_clk rise edge)   20.000    20.000 r  
                         clock pessimism              0.000    20.000    
                         clock uncertainty           -0.035    19.965    
                         output delay                -4.000    15.965    
  -------------------------------------------------------------------
                         required time                         15.965    
                         arrival time                         -11.584    
  -------------------------------------------------------------------
                         slack                                  4.380    

Slack (MET) :             4.457ns  (required time - arrival time)
  Source:                 sh_reg[29]/C
                            (rising edge-triggered cell FDCE clocked by sys_clk  {rise@0.000ns fall@10.000ns period=20.000ns})
  Destination:            out_word[29]
                            (output port clocked by sys_clk  {rise@0.000ns fall@10.000ns period=20.000ns})
  Path Group:             sys_clk
  Path Type:              Max at Slow Process Corner
  Requirement:            20.000ns  (sys_clk rise@20.000ns - sys_clk rise@0.000ns)
  Data Path Delay:        6.642ns  (logic 3.070ns (46.223%)  route 3.572ns (53.777%))
  Logic Levels:           1  (OBUF=1)
  Output Delay:           4.000ns
  Clock Path Skew:        -4.867ns (DCD - SCD + CPR)
    Destination Clock Delay (DCD):    0.000ns = ( 20.000 - 20.000 ) 
    Source Clock Delay      (SCD):    4.867ns
    Clock Pessimism Removal (CPR):    0.000ns
  Clock Uncertainty:      0.035ns  ((TSJ^2 + TIJ^2)^1/2 + DJ) / 2 + PE
    Total System Jitter     (TSJ):    0.071ns
    Total Input Jitter      (TIJ):    0.000ns
    Discrete Jitter          (DJ):    0.000ns
    Phase Error              (PE):    0.000ns

    Location             Delay type                Incr(ns)  Path(ns)    Netlist Resource(s)
  -------------------------------------------------------------------    -------------------
                         (clock sys_clk rise edge)    0.000     0.000 r  
    N15                                               0.000     0.000 r  clk (IN)
                         net (fo=0)                   0.000     0.000    clk
    N15                  IBUF (Prop_ibuf_I_O)         0.948     0.948 r  clk_IBUF_inst/O
                         net (fo=1, routed)           2.016     2.963    clk_IBUF
    BUFGCTRL_X0Y0        BUFG (Prop_bufg_I_O)         0.096     3.059 r  clk_IBUF_BUFG_inst/O
                         net (fo=4032, routed)        1.807     4.867    clk_IBUF_BUFG
    SLICE_X9Y31          FDCE                                         r  sh_reg[29]/C
  -------------------------------------------------------------------    -------------------
    SLICE_X9Y31          FDCE (Prop_fdce_C_Q)         0.456     5.323 r  sh_reg[29]/Q
                         net (fo=1, routed)           3.572     8.894    out_word_OBUF[29]
    M16                  OBUF (Prop_obuf_I_O)         2.614    11.508 r  out_word_OBUF[29]_inst/O
                         net (fo=0)                   0.000    11.508    out_word[29]
    M16                                                               r  out_word[29] (OUT)
  -------------------------------------------------------------------    -------------------

                         (clock sys_clk rise edge)   20.000    20.000 r  
                         clock pessimism              0.000    20.000    
                         clock uncertainty           -0.035    19.965    
                         output delay                -4.000    15.965    
  -------------------------------------------------------------------
                         required time                         15.965    
                         arrival time                         -11.508    
  -------------------------------------------------------------------
                         slack                                  4.457    

Slack (MET) :             4.560ns  (required time - arrival time)
  Source:                 sh_reg[28]/C
                            (rising edge-triggered cell FDCE clocked by sys_clk  {rise@0.000ns fall@10.000ns period=20.000ns})
  Destination:            out_word[28]
                            (output port clocked by sys_clk  {rise@0.000ns fall@10.000ns period=20.000ns})
  Path Group:             sys_clk
  Path Type:              Max at Slow Process Corner
  Requirement:            20.000ns  (sys_clk rise@20.000ns - sys_clk rise@0.000ns)
  Data Path Delay:        6.538ns  (logic 3.133ns (47.925%)  route 3.405ns (52.075%))
  Logic Levels:           1  (OBUF=1)
  Output Delay:           4.000ns
  Clock Path Skew:        -4.867ns (DCD - SCD + CPR)
    Destination Clock Delay (DCD):    0.000ns = ( 20.000 - 20.000 ) 
    Source Clock Delay      (SCD):    4.867ns
    Clock Pessimism Removal (CPR):    0.000ns
  Clock Uncertainty:      0.035ns  ((TSJ^2 + TIJ^2)^1/2 + DJ) / 2 + PE
    Total System Jitter     (TSJ):    0.071ns
    Total Input Jitter      (TIJ):    0.000ns
    Discrete Jitter          (DJ):    0.000ns
    Phase Error              (PE):    0.000ns

    Location             Delay type                Incr(ns)  Path(ns)    Netlist Resource(s)
  -------------------------------------------------------------------    -------------------
                         (clock sys_clk rise edge)    0.000     0.000 r  
    N15                                               0.000     0.000 r  clk (IN)
                         net (fo=0)                   0.000     0.000    clk
    N15                  IBUF (Prop_ibuf_I_O)         0.948     0.948 r  clk_IBUF_inst/O
                         net (fo=1, routed)           2.016     2.963    clk_IBUF
    BUFGCTRL_X0Y0        BUFG (Prop_bufg_I_O)         0.096     3.059 r  clk_IBUF_BUFG_inst/O
                         net (fo=4032, routed)        1.807     4.867    clk_IBUF_BUFG
    SLICE_X8Y31          FDCE                                         r  sh_reg[28]/C
  -------------------------------------------------------------------    -------------------
    SLICE_X8Y31          FDCE (Prop_fdce_C_Q)         0.518     5.385 r  sh_reg[28]/Q
                         net (fo=1, routed)           3.405     8.789    out_word_OBUF[28]
    M17                  OBUF (Prop_obuf_I_O)         2.615    11.404 r  out_word_OBUF[28]_inst/O
                         net (fo=0)                   0.000    11.404    out_word[28]
    M17                                                               r  out_word[28] (OUT)
  -------------------------------------------------------------------    -------------------

                         (clock sys_clk rise edge)   20.000    20.000 r  
                         clock pessimism              0.000    20.000    
                         clock uncertainty           -0.035    19.965    
                         output delay                -4.000    15.965    
  -------------------------------------------------------------------
                         required time                         15.965    
                         arrival time                         -11.404    
  -------------------------------------------------------------------
                         slack                                  4.560    

Slack (MET) :             4.592ns  (required time - arrival time)
  Source:                 sh_reg[27]/C
                            (rising edge-triggered cell FDCE clocked by sys_clk  {rise@0.000ns fall@10.000ns period=20.000ns})
  Destination:            out_word[27]
                            (output port clocked by sys_clk  {rise@0.000ns fall@10.000ns period=20.000ns})
  Path Group:             sys_clk
  Path Type:              Max at Slow Process Corner
  Requirement:            20.000ns  (sys_clk rise@20.000ns - sys_clk rise@0.000ns)
  Data Path Delay:        6.506ns  (logic 3.073ns (47.229%)  route 3.433ns (52.771%))
  Logic Levels:           1  (OBUF=1)
  Output Delay:           4.000ns
  Clock Path Skew:        -4.867ns (DCD - SCD + CPR)
    Destination Clock Delay (DCD):    0.000ns = ( 20.000 - 20.000 ) 
    Source Clock Delay      (SCD):    4.867ns
    Clock Pessimism Removal (CPR):    0.000ns
  Clock Uncertainty:      0.035ns  ((TSJ^2 + TIJ^2)^1/2 + DJ) / 2 + PE
    Total System Jitter     (TSJ):    0.071ns
    Total Input Jitter      (TIJ):    0.000ns
    Discrete Jitter          (DJ):    0.000ns
    Phase Error              (PE):    0.000ns

    Location             Delay type                Incr(ns)  Path(ns)    Netlist Resource(s)
  -------------------------------------------------------------------    -------------------
                         (clock sys_clk rise edge)    0.000     0.000 r  
    N15                                               0.000     0.000 r  clk (IN)
                         net (fo=0)                   0.000     0.000    clk
    N15                  IBUF (Prop_ibuf_I_O)         0.948     0.948 r  clk_IBUF_inst/O
                         net (fo=1, routed)           2.016     2.963    clk_IBUF
    BUFGCTRL_X0Y0        BUFG (Prop_bufg_I_O)         0.096     3.059 r  clk_IBUF_BUFG_inst/O
                         net (fo=4032, routed)        1.807     4.867    clk_IBUF_BUFG
    SLICE_X9Y31          FDCE                                         r  sh_reg[27]/C
  -------------------------------------------------------------------    -------------------
    SLICE_X9Y31          FDCE (Prop_fdce_C_Q)         0.456     5.323 r  sh_reg[27]/Q
                         net (fo=1, routed)           3.433     8.756    out_word_OBUF[27]
    N16                  OBUF (Prop_obuf_I_O)         2.617    11.373 r  out_word_OBUF[27]_inst/O
                         net (fo=0)                   0.000    11.373    out_word[27]
    N16                                                               r  out_word[27] (OUT)
  -------------------------------------------------------------------    -------------------

                         (clock sys_clk rise edge)   20.000    20.000 r  
                         clock pessimism              0.000    20.000    
                         clock uncertainty           -0.035    19.965    
                         output delay                -4.000    15.965    
  -------------------------------------------------------------------
                         required time                         15.965    
                         arrival time                         -11.373    
  -------------------------------------------------------------------
                         slack                                  4.592    

Slack (MET) :             4.652ns  (required time - arrival time)
  Source:                 sh_reg[25]/C
                            (rising edge-triggered cell FDCE clocked by sys_clk  {rise@0.000ns fall@10.000ns period=20.000ns})
  Destination:            out_word[25]
                            (output port clocked by sys_clk  {rise@0.000ns fall@10.000ns period=20.000ns})
  Path Group:             sys_clk
  Path Type:              Max at Slow Process Corner
  Requirement:            20.000ns  (sys_clk rise@20.000ns - sys_clk rise@0.000ns)
  Data Path Delay:        6.446ns  (logic 3.096ns (48.035%)  route 3.350ns (51.965%))
  Logic Levels:           1  (OBUF=1)
  Output Delay:           4.000ns
  Clock Path Skew:        -4.867ns (DCD - SCD + CPR)
    Destination Clock Delay (DCD):    0.000ns = ( 20.000 - 20.000 ) 
    Source Clock Delay      (SCD):    4.867ns
    Clock Pessimism Removal (CPR):    0.000ns
  Clock Uncertainty:      0.035ns  ((TSJ^2 + TIJ^2)^1/2 + DJ) / 2 + PE
    Total System Jitter     (TSJ):    0.071ns
    Total Input Jitter      (TIJ):    0.000ns
    Discrete Jitter          (DJ):    0.000ns
    Phase Error              (PE):    0.000ns

    Location             Delay type                Incr(ns)  Path(ns)    Netlist Resource(s)
  -------------------------------------------------------------------    -------------------
                         (clock sys_clk rise edge)    0.000     0.000 r  
    N15                                               0.000     0.000 r  clk (IN)
                         net (fo=0)                   0.000     0.000    clk
    N15                  IBUF (Prop_ibuf_I_O)         0.948     0.948 r  clk_IBUF_inst/O
                         net (fo=1, routed)           2.016     2.963    clk_IBUF
    BUFGCTRL_X0Y0        BUFG (Prop_bufg_I_O)         0.096     3.059 r  clk_IBUF_BUFG_inst/O
                         net (fo=4032, routed)        1.807     4.867    clk_IBUF_BUFG
    SLICE_X9Y31          FDCE                                         r  sh_reg[25]/C
  -------------------------------------------------------------------    -------------------
    SLICE_X9Y31          FDCE (Prop_fdce_C_Q)         0.456     5.323 r  sh_reg[25]/Q
                         net (fo=1, routed)           3.350     8.672    out_word_OBUF[25]
    R17                  OBUF (Prop_obuf_I_O)         2.640    11.313 r  out_word_OBUF[25]_inst/O
                         net (fo=0)                   0.000    11.313    out_word[25]
    R17                                                               r  out_word[25] (OUT)
  -------------------------------------------------------------------    -------------------

                         (clock sys_clk rise edge)   20.000    20.000 r  
                         clock pessimism              0.000    20.000    
                         clock uncertainty           -0.035    19.965    
                         output delay                -4.000    15.965    
  -------------------------------------------------------------------
                         required time                         15.965    
                         arrival time                         -11.313    
  -------------------------------------------------------------------
                         slack                                  4.652    

Slack (MET) :             4.779ns  (required time - arrival time)
  Source:                 sh_reg[22]/C
                            (rising edge-triggered cell FDCE clocked by sys_clk  {rise@0.000ns fall@10.000ns period=20.000ns})
  Destination:            out_word[22]
                            (output port clocked by sys_clk  {rise@0.000ns fall@10.000ns period=20.000ns})
  Path Group:             sys_clk
  Path Type:              Max at Slow Process Corner
  Requirement:            20.000ns  (sys_clk rise@20.000ns - sys_clk rise@0.000ns)
  Data Path Delay:        6.238ns  (logic 3.163ns (50.699%)  route 3.075ns (49.301%))
  Logic Levels:           1  (OBUF=1)
  Output Delay:           4.000ns
  Clock Path Skew:        -4.948ns (DCD - SCD + CPR)
    Destination Clock Delay (DCD):    0.000ns = ( 20.000 - 20.000 ) 
    Source Clock Delay      (SCD):    4.948ns
    Clock Pessimism Removal (CPR):    0.000ns
  Clock Uncertainty:      0.035ns  ((TSJ^2 + TIJ^2)^1/2 + DJ) / 2 + PE
    Total System Jitter     (TSJ):    0.071ns
    Total Input Jitter      (TIJ):    0.000ns
    Discrete Jitter          (DJ):    0.000ns
    Phase Error              (PE):    0.000ns

    Location             Delay type                Incr(ns)  Path(ns)    Netlist Resource(s)
  -------------------------------------------------------------------    -------------------
                         (clock sys_clk rise edge)    0.000     0.000 r  
    N15                                               0.000     0.000 r  clk (IN)
                         net (fo=0)                   0.000     0.000    clk
    N15                  IBUF (Prop_ibuf_I_O)         0.948     0.948 r  clk_IBUF_inst/O
                         net (fo=1, routed)           2.016     2.963    clk_IBUF
    BUFGCTRL_X0Y0        BUFG (Prop_bufg_I_O)         0.096     3.059 r  clk_IBUF_BUFG_inst/O
                         net (fo=4032, routed)        1.888     4.948    clk_IBUF_BUFG
    SLICE_X6Y33          FDCE                                         r  sh_reg[22]/C
  -------------------------------------------------------------------    -------------------
    SLICE_X6Y33          FDCE (Prop_fdce_C_Q)         0.518     5.466 r  sh_reg[22]/Q
                         net (fo=1, routed)           3.075     8.541    out_word_OBUF[22]
    T14                  OBUF (Prop_obuf_I_O)         2.645    11.186 r  out_word_OBUF[22]_inst/O
                         net (fo=0)                   0.000    11.186    out_word[22]
    T14                                                               r  out_word[22] (OUT)
  -------------------------------------------------------------------    -------------------

                         (clock sys_clk rise edge)   20.000    20.000 r  
                         clock pessimism              0.000    20.000    
                         clock uncertainty           -0.035    19.965    
                         output delay                -4.000    15.965    
  -------------------------------------------------------------------
                         required time                         15.965    
                         arrival time                         -11.186    
  -------------------------------------------------------------------
                         slack                                  4.779    

Slack (MET) :             4.805ns  (required time - arrival time)
  Source:                 sh_reg[21]/C
                            (rising edge-triggered cell FDCE clocked by sys_clk  {rise@0.000ns fall@10.000ns period=20.000ns})
  Destination:            out_word[21]
                            (output port clocked by sys_clk  {rise@0.000ns fall@10.000ns period=20.000ns})
  Path Group:             sys_clk
  Path Type:              Max at Slow Process Corner
  Requirement:            20.000ns  (sys_clk rise@20.000ns - sys_clk rise@0.000ns)
  Data Path Delay:        6.213ns  (logic 3.165ns (50.944%)  route 3.048ns (49.056%))
  Logic Levels:           1  (OBUF=1)
  Output Delay:           4.000ns
  Clock Path Skew:        -4.947ns (DCD - SCD + CPR)
    Destination Clock Delay (DCD):    0.000ns = ( 20.000 - 20.000 ) 
    Source Clock Delay      (SCD):    4.947ns
    Clock Pessimism Removal (CPR):    0.000ns
  Clock Uncertainty:      0.035ns  ((TSJ^2 + TIJ^2)^1/2 + DJ) / 2 + PE
    Total System Jitter     (TSJ):    0.071ns
    Total Input Jitter      (TIJ):    0.000ns
    Discrete Jitter          (DJ):    0.000ns
    Phase Error              (PE):    0.000ns

    Location             Delay type                Incr(ns)  Path(ns)    Netlist Resource(s)
  -------------------------------------------------------------------    -------------------
                         (clock sys_clk rise edge)    0.000     0.000 r  
    N15                                               0.000     0.000 r  clk (IN)
                         net (fo=0)                   0.000     0.000    clk
    N15                  IBUF (Prop_ibuf_I_O)         0.948     0.948 r  clk_IBUF_inst/O
                         net (fo=1, routed)           2.016     2.963    clk_IBUF
    BUFGCTRL_X0Y0        BUFG (Prop_bufg_I_O)         0.096     3.059 r  clk_IBUF_BUFG_inst/O
                         net (fo=4032, routed)        1.887     4.947    clk_IBUF_BUFG
    SLICE_X6Y32          FDCE                                         r  sh_reg[21]/C
  -------------------------------------------------------------------    -------------------
    SLICE_X6Y32          FDCE (Prop_fdce_C_Q)         0.518     5.465 r  sh_reg[21]/Q
                         net (fo=1, routed)           3.048     8.513    out_word_OBUF[21]
    T15                  OBUF (Prop_obuf_I_O)         2.647    11.160 r  out_word_OBUF[21]_inst/O
                         net (fo=0)                   0.000    11.160    out_word[21]
    T15                                                               r  out_word[21] (OUT)
  -------------------------------------------------------------------    -------------------

                         (clock sys_clk rise edge)   20.000    20.000 r  
                         clock pessimism              0.000    20.000    
                         clock uncertainty           -0.035    19.965    
                         output delay                -4.000    15.965    
  -------------------------------------------------------------------
                         required time                         15.965    
                         arrival time                         -11.160    
  -------------------------------------------------------------------
                         slack                                  4.805    





Min Delay Paths
--------------------------------------------------------------------------------------
Slack (MET) :             0.039ns  (arrival time - required time)
  Source:                 res_reg[279]/C
                            (rising edge-triggered cell FDCE clocked by sys_clk  {rise@0.000ns fall@10.000ns period=20.000ns})
  Destination:            sh_reg[279]/D
                            (rising edge-triggered cell FDCE clocked by sys_clk  {rise@0.000ns fall@10.000ns period=20.000ns})
  Path Group:             sys_clk
  Path Type:              Hold (Min at Fast Process Corner)
  Requirement:            0.000ns  (sys_clk rise@0.000ns - sys_clk rise@0.000ns)
  Data Path Delay:        0.359ns  (logic 0.186ns (51.812%)  route 0.173ns (48.188%))
  Logic Levels:           1  (LUT4=1)
  Clock Path Skew:        0.199ns (DCD - SCD - CPR)
    Destination Clock Delay (DCD):    1.934ns
    Source Clock Delay      (SCD):    1.483ns
    Clock Pessimism Removal (CPR):    0.251ns

    Location             Delay type                Incr(ns)  Path(ns)    Netlist Resource(s)
  -------------------------------------------------------------------    -------------------
                         (clock sys_clk rise edge)    0.000     0.000 r  
    N15                                               0.000     0.000 r  clk (IN)
                         net (fo=0)                   0.000     0.000    clk
    N15                  IBUF (Prop_ibuf_I_O)         0.177     0.177 r  clk_IBUF_inst/O
                         net (fo=1, routed)           0.640     0.817    clk_IBUF
    BUFGCTRL_X0Y0        BUFG (Prop_bufg_I_O)         0.026     0.843 r  clk_IBUF_BUFG_inst/O
                         net (fo=4032, routed)        0.640     1.483    clk_IBUF_BUFG
    SLICE_X9Y49          FDCE                                         r  res_reg[279]/C
  -------------------------------------------------------------------    -------------------
    SLICE_X9Y49          FDCE (Prop_fdce_C_Q)         0.141     1.624 r  res_reg[279]/Q
                         net (fo=1, routed)           0.173     1.797    res_reg_n_0_[279]
    SLICE_X10Y52         LUT4 (Prop_lut4_I0_O)        0.045     1.842 r  sh[279]_i_1/O
                         net (fo=1, routed)           0.000     1.842    sh[279]_i_1_n_0
    SLICE_X10Y52         FDCE                                         r  sh_reg[279]/D
  -------------------------------------------------------------------    -------------------

                         (clock sys_clk rise edge)    0.000     0.000 r  
    N15                                               0.000     0.000 r  clk (IN)
                         net (fo=0)                   0.000     0.000    clk
    N15                  IBUF (Prop_ibuf_I_O)         0.365     0.365 r  clk_IBUF_inst/O
                         net (fo=1, routed)           0.695     1.060    clk_IBUF
    BUFGCTRL_X0Y0        BUFG (Prop_bufg_I_O)         0.029     1.089 r  clk_IBUF_BUFG_inst/O
                         net (fo=4032, routed)        0.845     1.934    clk_IBUF_BUFG
    SLICE_X10Y52         FDCE                                         r  sh_reg[279]/C
                         clock pessimism             -0.251     1.682    
    SLICE_X10Y52         FDCE (Hold_fdce_C_D)         0.121     1.803    sh_reg[279]
  -------------------------------------------------------------------
                         required time                         -1.803    
                         arrival time                           1.842    
  -------------------------------------------------------------------
                         slack                                  0.039    

Slack (MET) :             0.040ns  (arrival time - required time)
  Source:                 res_reg[277]/C
                            (rising edge-triggered cell FDCE clocked by sys_clk  {rise@0.000ns fall@10.000ns period=20.000ns})
  Destination:            sh_reg[277]/D
                            (rising edge-triggered cell FDCE clocked by sys_clk  {rise@0.000ns fall@10.000ns period=20.000ns})
  Path Group:             sys_clk
  Path Type:              Hold (Min at Fast Process Corner)
  Requirement:            0.000ns  (sys_clk rise@0.000ns - sys_clk rise@0.000ns)
  Data Path Delay:        0.360ns  (logic 0.186ns (51.627%)  route 0.174ns (48.373%))
  Logic Levels:           1  (LUT4=1)
  Clock Path Skew:        0.199ns (DCD - SCD - CPR)
    Destination Clock Delay (DCD):    1.934ns
    Source Clock Delay      (SCD):    1.483ns
    Clock Pessimism Removal (CPR):    0.251ns

    Location             Delay type                Incr(ns)  Path(ns)    Netlist Resource(s)
  -------------------------------------------------------------------    -------------------
                         (clock sys_clk rise edge)    0.000     0.000 r  
    N15                                               0.000     0.000 r  clk (IN)
                         net (fo=0)                   0.000     0.000    clk
    N15                  IBUF (Prop_ibuf_I_O)         0.177     0.177 r  clk_IBUF_inst/O
                         net (fo=1, routed)           0.640     0.817    clk_IBUF
    BUFGCTRL_X0Y0        BUFG (Prop_bufg_I_O)         0.026     0.843 r  clk_IBUF_BUFG_inst/O
                         net (fo=4032, routed)        0.640     1.483    clk_IBUF_BUFG
    SLICE_X9Y49          FDCE                                         r  res_reg[277]/C
  -------------------------------------------------------------------    -------------------
    SLICE_X9Y49          FDCE (Prop_fdce_C_Q)         0.141     1.624 r  res_reg[277]/Q
                         net (fo=1, routed)           0.174     1.798    res_reg_n_0_[277]
    SLICE_X8Y50          LUT4 (Prop_lut4_I0_O)        0.045     1.843 r  sh[277]_i_1/O
                         net (fo=1, routed)           0.000     1.843    sh[277]_i_1_n_0
    SLICE_X8Y50          FDCE                                         r  sh_reg[277]/D
  -------------------------------------------------------------------    -------------------

                         (clock sys_clk rise edge)    0.000     0.000 r  
    N15                                               0.000     0.000 r  clk (IN)
                         net (fo=0)                   0.000     0.000    clk
    N15                  IBUF (Prop_ibuf_I_O)         0.365     0.365 r  clk_IBUF_inst/O
                         net (fo=1, routed)           0.695     1.060    clk_IBUF
    BUFGCTRL_X0Y0        BUFG (Prop_bufg_I_O)         0.029     1.089 r  clk_IBUF_BUFG_inst/O
                         net (fo=4032, routed)        0.845     1.934    clk_IBUF_BUFG
    SLICE_X8Y50          FDCE                                         r  sh_reg[277]/C
                         clock pessimism             -0.251     1.682    
    SLICE_X8Y50          FDCE (Hold_fdce_C_D)         0.121     1.803    sh_reg[277]
  -------------------------------------------------------------------
                         required time                         -1.803    
                         arrival time                           1.843    
  -------------------------------------------------------------------
                         slack                                  0.040    

Slack (MET) :             0.040ns  (arrival time - required time)
  Source:                 res_reg[225]/C
                            (rising edge-triggered cell FDCE clocked by sys_clk  {rise@0.000ns fall@10.000ns period=20.000ns})
  Destination:            sh_reg[225]/D
                            (rising edge-triggered cell FDCE clocked by sys_clk  {rise@0.000ns fall@10.000ns period=20.000ns})
  Path Group:             sys_clk
  Path Type:              Hold (Min at Fast Process Corner)
  Requirement:            0.000ns  (sys_clk rise@0.000ns - sys_clk rise@0.000ns)
  Data Path Delay:        0.331ns  (logic 0.186ns (56.255%)  route 0.145ns (43.745%))
  Logic Levels:           1  (LUT4=1)
  Clock Path Skew:        0.198ns (DCD - SCD - CPR)
    Destination Clock Delay (DCD):    1.929ns
    Source Clock Delay      (SCD):    1.479ns
    Clock Pessimism Removal (CPR):    0.251ns

    Location             Delay type                Incr(ns)  Path(ns)    Netlist Resource(s)
  -------------------------------------------------------------------    -------------------
                         (clock sys_clk rise edge)    0.000     0.000 r  
    N15                                               0.000     0.000 r  clk (IN)
                         net (fo=0)                   0.000     0.000    clk
    N15                  IBUF (Prop_ibuf_I_O)         0.177     0.177 r  clk_IBUF_inst/O
                         net (fo=1, routed)           0.640     0.817    clk_IBUF
    BUFGCTRL_X0Y0        BUFG (Prop_bufg_I_O)         0.026     0.843 r  clk_IBUF_BUFG_inst/O
                         net (fo=4032, routed)        0.636     1.479    clk_IBUF_BUFG
    SLICE_X37Y48         FDCE                                         r  res_reg[225]/C
  -------------------------------------------------------------------    -------------------
    SLICE_X37Y48         FDCE (Prop_fdce_C_Q)         0.141     1.620 r  res_reg[225]/Q
                         net (fo=1, routed)           0.145     1.765    res_reg_n_0_[225]
    SLICE_X37Y50         LUT4 (Prop_lut4_I2_O)        0.045     1.810 r  sh[225]_i_1/O
                         net (fo=1, routed)           0.000     1.810    sh[225]_i_1_n_0
    SLICE_X37Y50         FDCE                                         r  sh_reg[225]/D
  -------------------------------------------------------------------    -------------------

                         (clock sys_clk rise edge)    0.000     0.000 r  
    N15                                               0.000     0.000 r  clk (IN)
                         net (fo=0)                   0.000     0.000    clk
    N15                  IBUF (Prop_ibuf_I_O)         0.365     0.365 r  clk_IBUF_inst/O
                         net (fo=1, routed)           0.695     1.060    clk_IBUF
    BUFGCTRL_X0Y0        BUFG (Prop_bufg_I_O)         0.029     1.089 r  clk_IBUF_BUFG_inst/O
                         net (fo=4032, routed)        0.840     1.929    clk_IBUF_BUFG
    SLICE_X37Y50         FDCE                                         r  sh_reg[225]/C
                         clock pessimism             -0.251     1.677    
    SLICE_X37Y50         FDCE (Hold_fdce_C_D)         0.092     1.769    sh_reg[225]
  -------------------------------------------------------------------
                         required time                         -1.769    
                         arrival time                           1.810    
  -------------------------------------------------------------------
                         slack                                  0.040    

Slack (MET) :             0.050ns  (arrival time - required time)
  Source:                 res_reg[208]/C
                            (rising edge-triggered cell FDCE clocked by sys_clk  {rise@0.000ns fall@10.000ns period=20.000ns})
  Destination:            sh_reg[208]/D
                            (rising edge-triggered cell FDCE clocked by sys_clk  {rise@0.000ns fall@10.000ns period=20.000ns})
  Path Group:             sys_clk
  Path Type:              Hold (Min at Fast Process Corner)
  Requirement:            0.000ns  (sys_clk rise@0.000ns - sys_clk rise@0.000ns)
  Data Path Delay:        0.340ns  (logic 0.226ns (66.424%)  route 0.114ns (33.576%))
  Logic Levels:           1  (LUT4=1)
  Clock Path Skew:        0.198ns (DCD - SCD - CPR)
    Destination Clock Delay (DCD):    1.926ns
    Source Clock Delay      (SCD):    1.476ns
    Clock Pessimism Removal (CPR):    0.251ns

    Location             Delay type                Incr(ns)  Path(ns)    Netlist Resource(s)
  -------------------------------------------------------------------    -------------------
                         (clock sys_clk rise edge)    0.000     0.000 r  
    N15                                               0.000     0.000 r  clk (IN)
                         net (fo=0)                   0.000     0.000    clk
    N15                  IBUF (Prop_ibuf_I_O)         0.177     0.177 r  clk_IBUF_inst/O
                         net (fo=1, routed)           0.640     0.817    clk_IBUF
    BUFGCTRL_X0Y0        BUFG (Prop_bufg_I_O)         0.026     0.843 r  clk_IBUF_BUFG_inst/O
                         net (fo=4032, routed)        0.633     1.476    clk_IBUF_BUFG
    SLICE_X43Y49         FDCE                                         r  res_reg[208]/C
  -------------------------------------------------------------------    -------------------
    SLICE_X43Y49         FDCE (Prop_fdce_C_Q)         0.128     1.604 r  res_reg[208]/Q
                         net (fo=1, routed)           0.114     1.718    res_reg_n_0_[208]
    SLICE_X43Y50         LUT4 (Prop_lut4_I2_O)        0.098     1.816 r  sh[208]_i_1/O
                         net (fo=1, routed)           0.000     1.816    sh[208]_i_1_n_0
    SLICE_X43Y50         FDCE                                         r  sh_reg[208]/D
  -------------------------------------------------------------------    -------------------

                         (clock sys_clk rise edge)    0.000     0.000 r  
    N15                                               0.000     0.000 r  clk (IN)
                         net (fo=0)                   0.000     0.000    clk
    N15                  IBUF (Prop_ibuf_I_O)         0.365     0.365 r  clk_IBUF_inst/O
                         net (fo=1, routed)           0.695     1.060    clk_IBUF
    BUFGCTRL_X0Y0        BUFG (Prop_bufg_I_O)         0.029     1.089 r  clk_IBUF_BUFG_inst/O
                         net (fo=4032, routed)        0.837     1.926    clk_IBUF_BUFG
    SLICE_X43Y50         FDCE                                         r  sh_reg[208]/C
                         clock pessimism             -0.251     1.674    
    SLICE_X43Y50         FDCE (Hold_fdce_C_D)         0.092     1.766    sh_reg[208]
  -------------------------------------------------------------------
                         required time                         -1.766    
                         arrival time                           1.816    
  -------------------------------------------------------------------
                         slack                                  0.050    

Slack (MET) :             0.053ns  (arrival time - required time)
  Source:                 opa_reg[263]/C
                            (rising edge-triggered cell FDCE clocked by sys_clk  {rise@0.000ns fall@10.000ns period=20.000ns})
  Destination:            u_mul/a_r_reg[263]/D
                            (rising edge-triggered cell FDCE clocked by sys_clk  {rise@0.000ns fall@10.000ns period=20.000ns})
  Path Group:             sys_clk
  Path Type:              Hold (Min at Fast Process Corner)
  Requirement:            0.000ns  (sys_clk rise@0.000ns - sys_clk rise@0.000ns)
  Data Path Delay:        0.481ns  (logic 0.247ns (51.376%)  route 0.234ns (48.624%))
  Logic Levels:           1  (LUT3=1)
  Clock Path Skew:        0.336ns (DCD - SCD - CPR)
    Destination Clock Delay (DCD):    2.004ns
    Source Clock Delay      (SCD):    1.416ns
    Clock Pessimism Removal (CPR):    0.251ns

    Location             Delay type                Incr(ns)  Path(ns)    Netlist Resource(s)
  -------------------------------------------------------------------    -------------------
                         (clock sys_clk rise edge)    0.000     0.000 r  
    N15                                               0.000     0.000 r  clk (IN)
                         net (fo=0)                   0.000     0.000    clk
    N15                  IBUF (Prop_ibuf_I_O)         0.177     0.177 r  clk_IBUF_inst/O
                         net (fo=1, routed)           0.640     0.817    clk_IBUF
    BUFGCTRL_X0Y0        BUFG (Prop_bufg_I_O)         0.026     0.843 r  clk_IBUF_BUFG_inst/O
                         net (fo=4032, routed)        0.574     1.416    clk_IBUF_BUFG
    SLICE_X14Y51         FDCE                                         r  opa_reg[263]/C
  -------------------------------------------------------------------    -------------------
    SLICE_X14Y51         FDCE (Prop_fdce_C_Q)         0.148     1.564 r  opa_reg[263]/Q
                         net (fo=4, routed)           0.234     1.798    u_inv/u_sqr/a_r_reg[282][263]
    SLICE_X17Y49         LUT3 (Prop_lut3_I2_O)        0.099     1.897 r  u_inv/u_sqr/a_r[263]_i_1/O
                         net (fo=1, routed)           0.000     1.897    u_mul/D[263]
    SLICE_X17Y49         FDCE                                         r  u_mul/a_r_reg[263]/D
  -------------------------------------------------------------------    -------------------

                         (clock sys_clk rise edge)    0.000     0.000 r  
    N15                                               0.000     0.000 r  clk (IN)
                         net (fo=0)                   0.000     0.000    clk
    N15                  IBUF (Prop_ibuf_I_O)         0.365     0.365 r  clk_IBUF_inst/O
                         net (fo=1, routed)           0.695     1.060    clk_IBUF
    BUFGCTRL_X0Y0        BUFG (Prop_bufg_I_O)         0.029     1.089 r  clk_IBUF_BUFG_inst/O
                         net (fo=4032, routed)        0.915     2.004    u_mul/clk_IBUF_BUFG
    SLICE_X17Y49         FDCE                                         r  u_mul/a_r_reg[263]/C
                         clock pessimism             -0.251     1.752    
    SLICE_X17Y49         FDCE (Hold_fdce_C_D)         0.092     1.844    u_mul/a_r_reg[263]
  -------------------------------------------------------------------
                         required time                         -1.844    
                         arrival time                           1.897    
  -------------------------------------------------------------------
                         slack                                  0.053    

Slack (MET) :             0.058ns  (arrival time - required time)
  Source:                 res_reg[230]/C
                            (rising edge-triggered cell FDCE clocked by sys_clk  {rise@0.000ns fall@10.000ns period=20.000ns})
  Destination:            sh_reg[230]/D
                            (rising edge-triggered cell FDCE clocked by sys_clk  {rise@0.000ns fall@10.000ns period=20.000ns})
  Path Group:             sys_clk
  Path Type:              Hold (Min at Fast Process Corner)
  Requirement:            0.000ns  (sys_clk rise@0.000ns - sys_clk rise@0.000ns)
  Data Path Delay:        0.378ns  (logic 0.226ns (59.781%)  route 0.152ns (40.219%))
  Logic Levels:           1  (LUT4=1)
  Clock Path Skew:        0.200ns (DCD - SCD - CPR)
    Destination Clock Delay (DCD):    1.928ns
    Source Clock Delay      (SCD):    1.476ns
    Clock Pessimism Removal (CPR):    0.251ns

    Location             Delay type                Incr(ns)  Path(ns)    Netlist Resource(s)
  -------------------------------------------------------------------    -------------------
                         (clock sys_clk rise edge)    0.000     0.000 r  
    N15                                               0.000     0.000 r  clk (IN)
                         net (fo=0)                   0.000     0.000    clk
    N15                  IBUF (Prop_ibuf_I_O)         0.177     0.177 r  clk_IBUF_inst/O
                         net (fo=1, routed)           0.640     0.817    clk_IBUF
    BUFGCTRL_X0Y0        BUFG (Prop_bufg_I_O)         0.026     0.843 r  clk_IBUF_BUFG_inst/O
                         net (fo=4032, routed)        0.633     1.476    clk_IBUF_BUFG
    SLICE_X39Y49         FDCE                                         r  res_reg[230]/C
  -------------------------------------------------------------------    -------------------
    SLICE_X39Y49         FDCE (Prop_fdce_C_Q)         0.128     1.604 r  res_reg[230]/Q
                         net (fo=1, routed)           0.152     1.756    res_reg_n_0_[230]
    SLICE_X38Y51         LUT4 (Prop_lut4_I2_O)        0.098     1.854 r  sh[230]_i_1/O
                         net (fo=1, routed)           0.000     1.854    sh[230]_i_1_n_0
    SLICE_X38Y51         FDCE                                         r  sh_reg[230]/D
  -------------------------------------------------------------------    -------------------

                         (clock sys_clk rise edge)    0.000     0.000 r  
    N15                                               0.000     0.000 r  clk (IN)
                         net (fo=0)                   0.000     0.000    clk
    N15                  IBUF (Prop_ibuf_I_O)         0.365     0.365 r  clk_IBUF_inst/O
                         net (fo=1, routed)           0.695     1.060    clk_IBUF
    BUFGCTRL_X0Y0        BUFG (Prop_bufg_I_O)         0.029     1.089 r  clk_IBUF_BUFG_inst/O
                         net (fo=4032, routed)        0.839     1.928    clk_IBUF_BUFG
    SLICE_X38Y51         FDCE                                         r  sh_reg[230]/C
                         clock pessimism             -0.251     1.676    
    SLICE_X38Y51         FDCE (Hold_fdce_C_D)         0.120     1.796    sh_reg[230]
  -------------------------------------------------------------------
                         required time                         -1.796    
                         arrival time                           1.854    
  -------------------------------------------------------------------
                         slack                                  0.058    

Slack (MET) :             0.060ns  (arrival time - required time)
  Source:                 u_mul/prod_r_reg[460]/C
                            (rising edge-triggered cell FDCE clocked by sys_clk  {rise@0.000ns fall@10.000ns period=20.000ns})
  Destination:            u_mul/c_reg[184]/D
                            (rising edge-triggered cell FDCE clocked by sys_clk  {rise@0.000ns fall@10.000ns period=20.000ns})
  Path Group:             sys_clk
  Path Type:              Hold (Min at Fast Process Corner)
  Requirement:            0.000ns  (sys_clk rise@0.000ns - sys_clk rise@0.000ns)
  Data Path Delay:        0.420ns  (logic 0.186ns (44.319%)  route 0.234ns (55.681%))
  Logic Levels:           1  (LUT5=1)
  Clock Path Skew:        0.268ns (DCD - SCD - CPR)
    Destination Clock Delay (DCD):    1.994ns
    Source Clock Delay      (SCD):    1.471ns
    Clock Pessimism Removal (CPR):    0.255ns

    Location             Delay type                Incr(ns)  Path(ns)    Netlist Resource(s)
  -------------------------------------------------------------------    -------------------
                         (clock sys_clk rise edge)    0.000     0.000 r  
    N15                                               0.000     0.000 r  clk (IN)
                         net (fo=0)                   0.000     0.000    clk
    N15                  IBUF (Prop_ibuf_I_O)         0.177     0.177 r  clk_IBUF_inst/O
                         net (fo=1, routed)           0.640     0.817    clk_IBUF
    BUFGCTRL_X0Y0        BUFG (Prop_bufg_I_O)         0.026     0.843 r  clk_IBUF_BUFG_inst/O
                         net (fo=4032, routed)        0.628     1.471    u_mul/clk_IBUF_BUFG
    SLICE_X52Y46         FDCE                                         r  u_mul/prod_r_reg[460]/C
  -------------------------------------------------------------------    -------------------
    SLICE_X52Y46         FDCE (Prop_fdce_C_Q)         0.141     1.612 r  u_mul/prod_r_reg[460]/Q
                         net (fo=4, routed)           0.234     1.846    u_mul/u_red/Q[460]
    SLICE_X49Y45         LUT5 (Prop_lut5_I0_O)        0.045     1.891 r  u_mul/u_red/c[184]_i_1/O
                         net (fo=1, routed)           0.000     1.891    u_mul/red[184]
    SLICE_X49Y45         FDCE                                         r  u_mul/c_reg[184]/D
  -------------------------------------------------------------------    -------------------

                         (clock sys_clk rise edge)    0.000     0.000 r  
    N15                                               0.000     0.000 r  clk (IN)
                         net (fo=0)                   0.000     0.000    clk
    N15                  IBUF (Prop_ibuf_I_O)         0.365     0.365 r  clk_IBUF_inst/O
                         net (fo=1, routed)           0.695     1.060    clk_IBUF
    BUFGCTRL_X0Y0        BUFG (Prop_bufg_I_O)         0.029     1.089 r  clk_IBUF_BUFG_inst/O
                         net (fo=4032, routed)        0.905     1.994    u_mul/clk_IBUF_BUFG
    SLICE_X49Y45         FDCE                                         r  u_mul/c_reg[184]/C
                         clock pessimism             -0.255     1.739    
    SLICE_X49Y45         FDCE (Hold_fdce_C_D)         0.092     1.831    u_mul/c_reg[184]
  -------------------------------------------------------------------
                         required time                         -1.831    
                         arrival time                           1.891    
  -------------------------------------------------------------------
                         slack                                  0.060    

Slack (MET) :             0.063ns  (arrival time - required time)
  Source:                 sh_reg[205]/C
                            (rising edge-triggered cell FDCE clocked by sys_clk  {rise@0.000ns fall@10.000ns period=20.000ns})
  Destination:            opb_reg[173]/D
                            (rising edge-triggered cell FDCE clocked by sys_clk  {rise@0.000ns fall@10.000ns period=20.000ns})
  Path Group:             sys_clk
  Path Type:              Hold (Min at Fast Process Corner)
  Requirement:            0.000ns  (sys_clk rise@0.000ns - sys_clk rise@0.000ns)
  Data Path Delay:        0.332ns  (logic 0.141ns (42.532%)  route 0.191ns (57.468%))
  Logic Levels:           0  
  Clock Path Skew:        0.198ns (DCD - SCD - CPR)
    Destination Clock Delay (DCD):    1.926ns
    Source Clock Delay      (SCD):    1.476ns
    Clock Pessimism Removal (CPR):    0.251ns

    Location             Delay type                Incr(ns)  Path(ns)    Netlist Resource(s)
  -------------------------------------------------------------------    -------------------
                         (clock sys_clk rise edge)    0.000     0.000 r  
    N15                                               0.000     0.000 r  clk (IN)
                         net (fo=0)                   0.000     0.000    clk
    N15                  IBUF (Prop_ibuf_I_O)         0.177     0.177 r  clk_IBUF_inst/O
                         net (fo=1, routed)           0.640     0.817    clk_IBUF
    BUFGCTRL_X0Y0        BUFG (Prop_bufg_I_O)         0.026     0.843 r  clk_IBUF_BUFG_inst/O
                         net (fo=4032, routed)        0.633     1.476    clk_IBUF_BUFG
    SLICE_X43Y48         FDCE                                         r  sh_reg[205]/C
  -------------------------------------------------------------------    -------------------
    SLICE_X43Y48         FDCE (Prop_fdce_C_Q)         0.141     1.617 r  sh_reg[205]/Q
                         net (fo=3, routed)           0.191     1.807    sh_load_next[173]
    SLICE_X44Y50         FDCE                                         r  opb_reg[173]/D
  -------------------------------------------------------------------    -------------------

                         (clock sys_clk rise edge)    0.000     0.000 r  
    N15                                               0.000     0.000 r  clk (IN)
                         net (fo=0)                   0.000     0.000    clk
    N15                  IBUF (Prop_ibuf_I_O)         0.365     0.365 r  clk_IBUF_inst/O
                         net (fo=1, routed)           0.695     1.060    clk_IBUF
    BUFGCTRL_X0Y0        BUFG (Prop_bufg_I_O)         0.029     1.089 r  clk_IBUF_BUFG_inst/O
                         net (fo=4032, routed)        0.837     1.926    clk_IBUF_BUFG
    SLICE_X44Y50         FDCE                                         r  opb_reg[173]/C
                         clock pessimism             -0.251     1.674    
    SLICE_X44Y50         FDCE (Hold_fdce_C_D)         0.070     1.744    opb_reg[173]
  -------------------------------------------------------------------
                         required time                         -1.744    
                         arrival time                           1.807    
  -------------------------------------------------------------------
                         slack                                  0.063    

Slack (MET) :             0.065ns  (arrival time - required time)
  Source:                 u_mul/prod_r_reg[436]/C
                            (rising edge-triggered cell FDCE clocked by sys_clk  {rise@0.000ns fall@10.000ns period=20.000ns})
  Destination:            u_mul/c_reg[160]/D
                            (rising edge-triggered cell FDCE clocked by sys_clk  {rise@0.000ns fall@10.000ns period=20.000ns})
  Path Group:             sys_clk
  Path Type:              Hold (Min at Fast Process Corner)
  Requirement:            0.000ns  (sys_clk rise@0.000ns - sys_clk rise@0.000ns)
  Data Path Delay:        0.421ns  (logic 0.186ns (44.136%)  route 0.235ns (55.864%))
  Logic Levels:           1  (LUT5=1)
  Clock Path Skew:        0.264ns (DCD - SCD - CPR)
    Destination Clock Delay (DCD):    1.990ns
    Source Clock Delay      (SCD):    1.471ns
    Clock Pessimism Removal (CPR):    0.255ns

    Location             Delay type                Incr(ns)  Path(ns)    Netlist Resource(s)
  -------------------------------------------------------------------    -------------------
                         (clock sys_clk rise edge)    0.000     0.000 r  
    N15                                               0.000     0.000 r  clk (IN)
                         net (fo=0)                   0.000     0.000    clk
    N15                  IBUF (Prop_ibuf_I_O)         0.177     0.177 r  clk_IBUF_inst/O
                         net (fo=1, routed)           0.640     0.817    clk_IBUF
    BUFGCTRL_X0Y0        BUFG (Prop_bufg_I_O)         0.026     0.843 r  clk_IBUF_BUFG_inst/O
                         net (fo=4032, routed)        0.628     1.471    u_mul/clk_IBUF_BUFG
    SLICE_X53Y43         FDCE                                         r  u_mul/prod_r_reg[436]/C
  -------------------------------------------------------------------    -------------------
    SLICE_X53Y43         FDCE (Prop_fdce_C_Q)         0.141     1.612 r  u_mul/prod_r_reg[436]/Q
                         net (fo=4, routed)           0.235     1.847    u_mul/u_red/Q[436]
    SLICE_X51Y39         LUT5 (Prop_lut5_I0_O)        0.045     1.892 r  u_mul/u_red/c[160]_i_1/O
                         net (fo=1, routed)           0.000     1.892    u_mul/red[160]
    SLICE_X51Y39         FDCE                                         r  u_mul/c_reg[160]/D
  -------------------------------------------------------------------    -------------------

                         (clock sys_clk rise edge)    0.000     0.000 r  
    N15                                               0.000     0.000 r  clk (IN)
                         net (fo=0)                   0.000     0.000    clk
    N15                  IBUF (Prop_ibuf_I_O)         0.365     0.365 r  clk_IBUF_inst/O
                         net (fo=1, routed)           0.695     1.060    clk_IBUF
    BUFGCTRL_X0Y0        BUFG (Prop_bufg_I_O)         0.029     1.089 r  clk_IBUF_BUFG_inst/O
                         net (fo=4032, routed)        0.901     1.990    u_mul/clk_IBUF_BUFG
    SLICE_X51Y39         FDCE                                         r  u_mul/c_reg[160]/C
                         clock pessimism             -0.255     1.735    
    SLICE_X51Y39         FDCE (Hold_fdce_C_D)         0.092     1.827    u_mul/c_reg[160]
  -------------------------------------------------------------------
                         required time                         -1.827    
                         arrival time                           1.892    
  -------------------------------------------------------------------
                         slack                                  0.065    

Slack (MET) :             0.067ns  (arrival time - required time)
  Source:                 opa_reg[152]/C
                            (rising edge-triggered cell FDCE clocked by sys_clk  {rise@0.000ns fall@10.000ns period=20.000ns})
  Destination:            u_inv/a_hold_reg[152]/D
                            (rising edge-triggered cell FDCE clocked by sys_clk  {rise@0.000ns fall@10.000ns period=20.000ns})
  Path Group:             sys_clk
  Path Type:              Hold (Min at Fast Process Corner)
  Requirement:            0.000ns  (sys_clk rise@0.000ns - sys_clk rise@0.000ns)
  Data Path Delay:        0.396ns  (logic 0.141ns (35.634%)  route 0.255ns (64.366%))
  Logic Levels:           0  
  Clock Path Skew:        0.263ns (DCD - SCD - CPR)
    Destination Clock Delay (DCD):    1.989ns
    Source Clock Delay      (SCD):    1.471ns
    Clock Pessimism Removal (CPR):    0.255ns

    Location             Delay type                Incr(ns)  Path(ns)    Netlist Resource(s)
  -------------------------------------------------------------------    -------------------
                         (clock sys_clk rise edge)    0.000     0.000 r  
    N15                                               0.000     0.000 r  clk (IN)
                         net (fo=0)                   0.000     0.000    clk
    N15                  IBUF (Prop_ibuf_I_O)         0.177     0.177 r  clk_IBUF_inst/O
                         net (fo=1, routed)           0.640     0.817    clk_IBUF
    BUFGCTRL_X0Y0        BUFG (Prop_bufg_I_O)         0.026     0.843 r  clk_IBUF_BUFG_inst/O
                         net (fo=4032, routed)        0.628     1.471    clk_IBUF_BUFG
    SLICE_X49Y39         FDCE                                         r  opa_reg[152]/C
  -------------------------------------------------------------------    -------------------
    SLICE_X49Y39         FDCE (Prop_fdce_C_Q)         0.141     1.612 r  opa_reg[152]/Q
                         net (fo=4, routed)           0.255     1.867    u_inv/a_hold_reg[282]_0[152]
    SLICE_X52Y38         FDCE                                         r  u_inv/a_hold_reg[152]/D
  -------------------------------------------------------------------    -------------------

                         (clock sys_clk rise edge)    0.000     0.000 r  
    N15                                               0.000     0.000 r  clk (IN)
                         net (fo=0)                   0.000     0.000    clk
    N15                  IBUF (Prop_ibuf_I_O)         0.365     0.365 r  clk_IBUF_inst/O
                         net (fo=1, routed)           0.695     1.060    clk_IBUF
    BUFGCTRL_X0Y0        BUFG (Prop_bufg_I_O)         0.029     1.089 r  clk_IBUF_BUFG_inst/O
                         net (fo=4032, routed)        0.900     1.989    u_inv/clk_IBUF_BUFG
    SLICE_X52Y38         FDCE                                         r  u_inv/a_hold_reg[152]/C
                         clock pessimism             -0.255     1.734    
    SLICE_X52Y38         FDCE (Hold_fdce_C_D)         0.066     1.800    u_inv/a_hold_reg[152]
  -------------------------------------------------------------------
                         required time                         -1.800    
                         arrival time                           1.867    
  -------------------------------------------------------------------
                         slack                                  0.067    





Pulse Width Checks
--------------------------------------------------------------------------------------
Clock Name:         sys_clk
Waveform(ns):       { 0.000 10.000 }
Period(ns):         20.000
Sources:            { clk }

Check Type        Corner  Lib Pin  Reference Pin  Required(ns)  Actual(ns)  Slack(ns)  Location       Pin
Min Period        n/a     BUFG/I   n/a            2.155         20.000      17.845     BUFGCTRL_X0Y0  clk_IBUF_BUFG_inst/I
Min Period        n/a     FDCE/C   n/a            1.000         20.000      19.000     SLICE_X9Y64    FSM_sequential_state_reg[0]/C
Min Period        n/a     FDCE/C   n/a            1.000         20.000      19.000     SLICE_X9Y63    FSM_sequential_state_reg[1]/C
Min Period        n/a     FDCE/C   n/a            1.000         20.000      19.000     SLICE_X9Y63    FSM_sequential_state_reg[1]_rep/C
Min Period        n/a     FDCE/C   n/a            1.000         20.000      19.000     SLICE_X9Y63    FSM_sequential_state_reg[1]_rep__0/C
Min Period        n/a     FDCE/C   n/a            1.000         20.000      19.000     SLICE_X9Y63    FSM_sequential_state_reg[1]_rep__1/C
Min Period        n/a     FDCE/C   n/a            1.000         20.000      19.000     SLICE_X8Y64    FSM_sequential_state_reg[2]/C
Min Period        n/a     FDCE/C   n/a            1.000         20.000      19.000     SLICE_X8Y64    FSM_sequential_state_reg[2]_rep/C
Min Period        n/a     FDCE/C   n/a            1.000         20.000      19.000     SLICE_X8Y64    FSM_sequential_state_reg[2]_rep__0/C
Min Period        n/a     FDCE/C   n/a            1.000         20.000      19.000     SLICE_X8Y64    FSM_sequential_state_reg[2]_rep__1/C
Low Pulse Width   Slow    FDCE/C   n/a            0.500         10.000      9.500      SLICE_X9Y64    FSM_sequential_state_reg[0]/C
Low Pulse Width   Fast    FDCE/C   n/a            0.500         10.000      9.500      SLICE_X9Y64    FSM_sequential_state_reg[0]/C
Low Pulse Width   Slow    FDCE/C   n/a            0.500         10.000      9.500      SLICE_X9Y63    FSM_sequential_state_reg[1]/C
Low Pulse Width   Fast    FDCE/C   n/a            0.500         10.000      9.500      SLICE_X9Y63    FSM_sequential_state_reg[1]/C
Low Pulse Width   Slow    FDCE/C   n/a            0.500         10.000      9.500      SLICE_X9Y63    FSM_sequential_state_reg[1]_rep/C
Low Pulse Width   Fast    FDCE/C   n/a            0.500         10.000      9.500      SLICE_X9Y63    FSM_sequential_state_reg[1]_rep/C
Low Pulse Width   Slow    FDCE/C   n/a            0.500         10.000      9.500      SLICE_X9Y63    FSM_sequential_state_reg[1]_rep__0/C
Low Pulse Width   Fast    FDCE/C   n/a            0.500         10.000      9.500      SLICE_X9Y63    FSM_sequential_state_reg[1]_rep__0/C
Low Pulse Width   Slow    FDCE/C   n/a            0.500         10.000      9.500      SLICE_X9Y63    FSM_sequential_state_reg[1]_rep__1/C
Low Pulse Width   Fast    FDCE/C   n/a            0.500         10.000      9.500      SLICE_X9Y63    FSM_sequential_state_reg[1]_rep__1/C
High Pulse Width  Slow    FDCE/C   n/a            0.500         10.000      9.500      SLICE_X9Y64    FSM_sequential_state_reg[0]/C
High Pulse Width  Fast    FDCE/C   n/a            0.500         10.000      9.500      SLICE_X9Y64    FSM_sequential_state_reg[0]/C
High Pulse Width  Slow    FDCE/C   n/a            0.500         10.000      9.500      SLICE_X9Y63    FSM_sequential_state_reg[1]/C
High Pulse Width  Fast    FDCE/C   n/a            0.500         10.000      9.500      SLICE_X9Y63    FSM_sequential_state_reg[1]/C
High Pulse Width  Slow    FDCE/C   n/a            0.500         10.000      9.500      SLICE_X9Y63    FSM_sequential_state_reg[1]_rep/C
High Pulse Width  Fast    FDCE/C   n/a            0.500         10.000      9.500      SLICE_X9Y63    FSM_sequential_state_reg[1]_rep/C
High Pulse Width  Slow    FDCE/C   n/a            0.500         10.000      9.500      SLICE_X9Y63    FSM_sequential_state_reg[1]_rep__0/C
High Pulse Width  Fast    FDCE/C   n/a            0.500         10.000      9.500      SLICE_X9Y63    FSM_sequential_state_reg[1]_rep__0/C
High Pulse Width  Slow    FDCE/C   n/a            0.500         10.000      9.500      SLICE_X9Y63    FSM_sequential_state_reg[1]_rep__1/C
High Pulse Width  Fast    FDCE/C   n/a            0.500         10.000      9.500      SLICE_X9Y63    FSM_sequential_state_reg[1]_rep__1/C



--------------------------------------------------------------------------------------
Path Group:  (none)
From Clock:  
  To Clock:  sys_clk

Max Delay          4032 Endpoints
Min Delay          4032 Endpoints
--------------------------------------------------------------------------------------


Max Delay Paths
--------------------------------------------------------------------------------------
Slack:                    inf
  Source:                 rst_n
                            (input port)
  Destination:            u_mul/prod_r_reg[300]/CLR
                            (recovery check against rising-edge clock sys_clk  {rise@0.000ns fall@10.000ns period=20.000ns})
  Path Group:             (none)
  Path Type:              Recovery (Max at Slow Process Corner)
  Data Path Delay:        18.087ns  (logic 1.095ns (6.053%)  route 16.992ns (93.947%))
  Logic Levels:           2  (IBUF=1 LUT1=1)
  Clock Path Skew:        4.474ns (DCD - SCD + CPR)
    Destination Clock Delay (DCD):    4.474ns
    Source Clock Delay      (SCD):    0.000ns
    Clock Pessimism Removal (CPR):    0.000ns
  Clock Uncertainty:      0.025ns  ((TSJ^2 + TIJ^2)^1/2 + DJ) / 2 + PE
    Total System Jitter     (TSJ):    0.050ns
    Total Input Jitter      (TIJ):    0.000ns
    Discrete Jitter          (DJ):    0.000ns
    Phase Error              (PE):    0.000ns
  Timing Exception:       False Path

    Location             Delay type                Incr(ns)  Path(ns)    Netlist Resource(s)
  -------------------------------------------------------------------    -------------------
    M18                                               0.000     0.000 r  rst_n (IN)
                         net (fo=0)                   0.000     0.000    rst_n
    M18                  IBUF (Prop_ibuf_I_O)         0.971     0.971 r  rst_n_IBUF_inst/O
                         net (fo=1, routed)           1.379     2.350    u_inv/u_sqr/rst_n_IBUF
    SLICE_X0Y89          LUT1 (Prop_lut1_I0_O)        0.124     2.474 f  u_inv/u_sqr/v1_i_2/O
                         net (fo=4032, routed)       15.612    18.087    u_mul/c_reg[282]_0
    SLICE_X47Y25         FDCE                                         f  u_mul/prod_r_reg[300]/CLR
  -------------------------------------------------------------------    -------------------

                         (clock sys_clk rise edge)    0.000     0.000 r  
    N15                                               0.000     0.000 r  clk (IN)
                         net (fo=0)                   0.000     0.000    clk
    N15                  IBUF (Prop_ibuf_I_O)         0.814     0.814 r  clk_IBUF_inst/O
                         net (fo=1, routed)           1.911     2.725    clk_IBUF
    BUFGCTRL_X0Y0        BUFG (Prop_bufg_I_O)         0.091     2.816 r  clk_IBUF_BUFG_inst/O
                         net (fo=4032, routed)        1.658     4.474    u_mul/clk_IBUF_BUFG
    SLICE_X47Y25         FDCE                                         r  u_mul/prod_r_reg[300]/C

Slack:                    inf
  Source:                 rst_n
                            (input port)
  Destination:            u_mul/prod_r_reg[165]/CLR
                            (recovery check against rising-edge clock sys_clk  {rise@0.000ns fall@10.000ns period=20.000ns})
  Path Group:             (none)
  Path Type:              Recovery (Max at Slow Process Corner)
  Data Path Delay:        17.929ns  (logic 1.095ns (6.106%)  route 16.834ns (93.894%))
  Logic Levels:           2  (IBUF=1 LUT1=1)
  Clock Path Skew:        4.477ns (DCD - SCD + CPR)
    Destination Clock Delay (DCD):    4.477ns
    Source Clock Delay      (SCD):    0.000ns
    Clock Pessimism Removal (CPR):    0.000ns
  Clock Uncertainty:      0.025ns  ((TSJ^2 + TIJ^2)^1/2 + DJ) / 2 + PE
    Total System Jitter     (TSJ):    0.050ns
    Total Input Jitter      (TIJ):    0.000ns
    Discrete Jitter          (DJ):    0.000ns
    Phase Error              (PE):    0.000ns
  Timing Exception:       False Path

    Location             Delay type                Incr(ns)  Path(ns)    Netlist Resource(s)
  -------------------------------------------------------------------    -------------------
    M18                                               0.000     0.000 r  rst_n (IN)
                         net (fo=0)                   0.000     0.000    rst_n
    M18                  IBUF (Prop_ibuf_I_O)         0.971     0.971 r  rst_n_IBUF_inst/O
                         net (fo=1, routed)           1.379     2.350    u_inv/u_sqr/rst_n_IBUF
    SLICE_X0Y89          LUT1 (Prop_lut1_I0_O)        0.124     2.474 f  u_inv/u_sqr/v1_i_2/O
                         net (fo=4032, routed)       15.455    17.929    u_mul/c_reg[282]_0
    SLICE_X51Y28         FDCE                                         f  u_mul/prod_r_reg[165]/CLR
  -------------------------------------------------------------------    -------------------

                         (clock sys_clk rise edge)    0.000     0.000 r  
    N15                                               0.000     0.000 r  clk (IN)
                         net (fo=0)                   0.000     0.000    clk
    N15                  IBUF (Prop_ibuf_I_O)         0.814     0.814 r  clk_IBUF_inst/O
                         net (fo=1, routed)           1.911     2.725    clk_IBUF
    BUFGCTRL_X0Y0        BUFG (Prop_bufg_I_O)         0.091     2.816 r  clk_IBUF_BUFG_inst/O
                         net (fo=4032, routed)        1.661     4.477    u_mul/clk_IBUF_BUFG
    SLICE_X51Y28         FDCE                                         r  u_mul/prod_r_reg[165]/C

Slack:                    inf
  Source:                 rst_n
                            (input port)
  Destination:            u_mul/prod_r_reg[172]/CLR
                            (recovery check against rising-edge clock sys_clk  {rise@0.000ns fall@10.000ns period=20.000ns})
  Path Group:             (none)
  Path Type:              Recovery (Max at Slow Process Corner)
  Data Path Delay:        17.929ns  (logic 1.095ns (6.106%)  route 16.834ns (93.894%))
  Logic Levels:           2  (IBUF=1 LUT1=1)
  Clock Path Skew:        4.477ns (DCD - SCD + CPR)
    Destination Clock Delay (DCD):    4.477ns
    Source Clock Delay      (SCD):    0.000ns
    Clock Pessimism Removal (CPR):    0.000ns
  Clock Uncertainty:      0.025ns  ((TSJ^2 + TIJ^2)^1/2 + DJ) / 2 + PE
    Total System Jitter     (TSJ):    0.050ns
    Total Input Jitter      (TIJ):    0.000ns
    Discrete Jitter          (DJ):    0.000ns
    Phase Error              (PE):    0.000ns
  Timing Exception:       False Path

    Location             Delay type                Incr(ns)  Path(ns)    Netlist Resource(s)
  -------------------------------------------------------------------    -------------------
    M18                                               0.000     0.000 r  rst_n (IN)
                         net (fo=0)                   0.000     0.000    rst_n
    M18                  IBUF (Prop_ibuf_I_O)         0.971     0.971 r  rst_n_IBUF_inst/O
                         net (fo=1, routed)           1.379     2.350    u_inv/u_sqr/rst_n_IBUF
    SLICE_X0Y89          LUT1 (Prop_lut1_I0_O)        0.124     2.474 f  u_inv/u_sqr/v1_i_2/O
                         net (fo=4032, routed)       15.455    17.929    u_mul/c_reg[282]_0
    SLICE_X51Y28         FDCE                                         f  u_mul/prod_r_reg[172]/CLR
  -------------------------------------------------------------------    -------------------

                         (clock sys_clk rise edge)    0.000     0.000 r  
    N15                                               0.000     0.000 r  clk (IN)
                         net (fo=0)                   0.000     0.000    clk
    N15                  IBUF (Prop_ibuf_I_O)         0.814     0.814 r  clk_IBUF_inst/O
                         net (fo=1, routed)           1.911     2.725    clk_IBUF
    BUFGCTRL_X0Y0        BUFG (Prop_bufg_I_O)         0.091     2.816 r  clk_IBUF_BUFG_inst/O
                         net (fo=4032, routed)        1.661     4.477    u_mul/clk_IBUF_BUFG
    SLICE_X51Y28         FDCE                                         r  u_mul/prod_r_reg[172]/C

Slack:                    inf
  Source:                 rst_n
                            (input port)
  Destination:            u_mul/prod_r_reg[243]/CLR
                            (recovery check against rising-edge clock sys_clk  {rise@0.000ns fall@10.000ns period=20.000ns})
  Path Group:             (none)
  Path Type:              Recovery (Max at Slow Process Corner)
  Data Path Delay:        17.929ns  (logic 1.095ns (6.106%)  route 16.834ns (93.894%))
  Logic Levels:           2  (IBUF=1 LUT1=1)
  Clock Path Skew:        4.477ns (DCD - SCD + CPR)
    Destination Clock Delay (DCD):    4.477ns
    Source Clock Delay      (SCD):    0.000ns
    Clock Pessimism Removal (CPR):    0.000ns
  Clock Uncertainty:      0.025ns  ((TSJ^2 + TIJ^2)^1/2 + DJ) / 2 + PE
    Total System Jitter     (TSJ):    0.050ns
    Total Input Jitter      (TIJ):    0.000ns
    Discrete Jitter          (DJ):    0.000ns
    Phase Error              (PE):    0.000ns
  Timing Exception:       False Path

    Location             Delay type                Incr(ns)  Path(ns)    Netlist Resource(s)
  -------------------------------------------------------------------    -------------------
    M18                                               0.000     0.000 r  rst_n (IN)
                         net (fo=0)                   0.000     0.000    rst_n
    M18                  IBUF (Prop_ibuf_I_O)         0.971     0.971 r  rst_n_IBUF_inst/O
                         net (fo=1, routed)           1.379     2.350    u_inv/u_sqr/rst_n_IBUF
    SLICE_X0Y89          LUT1 (Prop_lut1_I0_O)        0.124     2.474 f  u_inv/u_sqr/v1_i_2/O
                         net (fo=4032, routed)       15.455    17.929    u_mul/c_reg[282]_0
    SLICE_X50Y28         FDCE                                         f  u_mul/prod_r_reg[243]/CLR
  -------------------------------------------------------------------    -------------------

                         (clock sys_clk rise edge)    0.000     0.000 r  
    N15                                               0.000     0.000 r  clk (IN)
                         net (fo=0)                   0.000     0.000    clk
    N15                  IBUF (Prop_ibuf_I_O)         0.814     0.814 r  clk_IBUF_inst/O
                         net (fo=1, routed)           1.911     2.725    clk_IBUF
    BUFGCTRL_X0Y0        BUFG (Prop_bufg_I_O)         0.091     2.816 r  clk_IBUF_BUFG_inst/O
                         net (fo=4032, routed)        1.661     4.477    u_mul/clk_IBUF_BUFG
    SLICE_X50Y28         FDCE                                         r  u_mul/prod_r_reg[243]/C

Slack:                    inf
  Source:                 rst_n
                            (input port)
  Destination:            u_mul/prod_r_reg[314]/CLR
                            (recovery check against rising-edge clock sys_clk  {rise@0.000ns fall@10.000ns period=20.000ns})
  Path Group:             (none)
  Path Type:              Recovery (Max at Slow Process Corner)
  Data Path Delay:        17.929ns  (logic 1.095ns (6.106%)  route 16.834ns (93.894%))
  Logic Levels:           2  (IBUF=1 LUT1=1)
  Clock Path Skew:        4.477ns (DCD - SCD + CPR)
    Destination Clock Delay (DCD):    4.477ns
    Source Clock Delay      (SCD):    0.000ns
    Clock Pessimism Removal (CPR):    0.000ns
  Clock Uncertainty:      0.025ns  ((TSJ^2 + TIJ^2)^1/2 + DJ) / 2 + PE
    Total System Jitter     (TSJ):    0.050ns
    Total Input Jitter      (TIJ):    0.000ns
    Discrete Jitter          (DJ):    0.000ns
    Phase Error              (PE):    0.000ns
  Timing Exception:       False Path

    Location             Delay type                Incr(ns)  Path(ns)    Netlist Resource(s)
  -------------------------------------------------------------------    -------------------
    M18                                               0.000     0.000 r  rst_n (IN)
                         net (fo=0)                   0.000     0.000    rst_n
    M18                  IBUF (Prop_ibuf_I_O)         0.971     0.971 r  rst_n_IBUF_inst/O
                         net (fo=1, routed)           1.379     2.350    u_inv/u_sqr/rst_n_IBUF
    SLICE_X0Y89          LUT1 (Prop_lut1_I0_O)        0.124     2.474 f  u_inv/u_sqr/v1_i_2/O
                         net (fo=4032, routed)       15.455    17.929    u_mul/c_reg[282]_0
    SLICE_X50Y28         FDCE                                         f  u_mul/prod_r_reg[314]/CLR
  -------------------------------------------------------------------    -------------------

                         (clock sys_clk rise edge)    0.000     0.000 r  
    N15                                               0.000     0.000 r  clk (IN)
                         net (fo=0)                   0.000     0.000    clk
    N15                  IBUF (Prop_ibuf_I_O)         0.814     0.814 r  clk_IBUF_inst/O
                         net (fo=1, routed)           1.911     2.725    clk_IBUF
    BUFGCTRL_X0Y0        BUFG (Prop_bufg_I_O)         0.091     2.816 r  clk_IBUF_BUFG_inst/O
                         net (fo=4032, routed)        1.661     4.477    u_mul/clk_IBUF_BUFG
    SLICE_X50Y28         FDCE                                         r  u_mul/prod_r_reg[314]/C

Slack:                    inf
  Source:                 rst_n
                            (input port)
  Destination:            u_mul/prod_r_reg[364]/CLR
                            (recovery check against rising-edge clock sys_clk  {rise@0.000ns fall@10.000ns period=20.000ns})
  Path Group:             (none)
  Path Type:              Recovery (Max at Slow Process Corner)
  Data Path Delay:        17.929ns  (logic 1.095ns (6.106%)  route 16.834ns (93.894%))
  Logic Levels:           2  (IBUF=1 LUT1=1)
  Clock Path Skew:        4.477ns (DCD - SCD + CPR)
    Destination Clock Delay (DCD):    4.477ns
    Source Clock Delay      (SCD):    0.000ns
    Clock Pessimism Removal (CPR):    0.000ns
  Clock Uncertainty:      0.025ns  ((TSJ^2 + TIJ^2)^1/2 + DJ) / 2 + PE
    Total System Jitter     (TSJ):    0.050ns
    Total Input Jitter      (TIJ):    0.000ns
    Discrete Jitter          (DJ):    0.000ns
    Phase Error              (PE):    0.000ns
  Timing Exception:       False Path

    Location             Delay type                Incr(ns)  Path(ns)    Netlist Resource(s)
  -------------------------------------------------------------------    -------------------
    M18                                               0.000     0.000 r  rst_n (IN)
                         net (fo=0)                   0.000     0.000    rst_n
    M18                  IBUF (Prop_ibuf_I_O)         0.971     0.971 r  rst_n_IBUF_inst/O
                         net (fo=1, routed)           1.379     2.350    u_inv/u_sqr/rst_n_IBUF
    SLICE_X0Y89          LUT1 (Prop_lut1_I0_O)        0.124     2.474 f  u_inv/u_sqr/v1_i_2/O
                         net (fo=4032, routed)       15.455    17.929    u_mul/c_reg[282]_0
    SLICE_X51Y28         FDCE                                         f  u_mul/prod_r_reg[364]/CLR
  -------------------------------------------------------------------    -------------------

                         (clock sys_clk rise edge)    0.000     0.000 r  
    N15                                               0.000     0.000 r  clk (IN)
                         net (fo=0)                   0.000     0.000    clk
    N15                  IBUF (Prop_ibuf_I_O)         0.814     0.814 r  clk_IBUF_inst/O
                         net (fo=1, routed)           1.911     2.725    clk_IBUF
    BUFGCTRL_X0Y0        BUFG (Prop_bufg_I_O)         0.091     2.816 r  clk_IBUF_BUFG_inst/O
                         net (fo=4032, routed)        1.661     4.477    u_mul/clk_IBUF_BUFG
    SLICE_X51Y28         FDCE                                         r  u_mul/prod_r_reg[364]/C

Slack:                    inf
  Source:                 rst_n
                            (input port)
  Destination:            u_mul/prod_r_reg[384]/CLR
                            (recovery check against rising-edge clock sys_clk  {rise@0.000ns fall@10.000ns period=20.000ns})
  Path Group:             (none)
  Path Type:              Recovery (Max at Slow Process Corner)
  Data Path Delay:        17.929ns  (logic 1.095ns (6.106%)  route 16.834ns (93.894%))
  Logic Levels:           2  (IBUF=1 LUT1=1)
  Clock Path Skew:        4.477ns (DCD - SCD + CPR)
    Destination Clock Delay (DCD):    4.477ns
    Source Clock Delay      (SCD):    0.000ns
    Clock Pessimism Removal (CPR):    0.000ns
  Clock Uncertainty:      0.025ns  ((TSJ^2 + TIJ^2)^1/2 + DJ) / 2 + PE
    Total System Jitter     (TSJ):    0.050ns
    Total Input Jitter      (TIJ):    0.000ns
    Discrete Jitter          (DJ):    0.000ns
    Phase Error              (PE):    0.000ns
  Timing Exception:       False Path

    Location             Delay type                Incr(ns)  Path(ns)    Netlist Resource(s)
  -------------------------------------------------------------------    -------------------
    M18                                               0.000     0.000 r  rst_n (IN)
                         net (fo=0)                   0.000     0.000    rst_n
    M18                  IBUF (Prop_ibuf_I_O)         0.971     0.971 r  rst_n_IBUF_inst/O
                         net (fo=1, routed)           1.379     2.350    u_inv/u_sqr/rst_n_IBUF
    SLICE_X0Y89          LUT1 (Prop_lut1_I0_O)        0.124     2.474 f  u_inv/u_sqr/v1_i_2/O
                         net (fo=4032, routed)       15.455    17.929    u_mul/c_reg[282]_0
    SLICE_X50Y28         FDCE                                         f  u_mul/prod_r_reg[384]/CLR
  -------------------------------------------------------------------    -------------------

                         (clock sys_clk rise edge)    0.000     0.000 r  
    N15                                               0.000     0.000 r  clk (IN)
                         net (fo=0)                   0.000     0.000    clk
    N15                  IBUF (Prop_ibuf_I_O)         0.814     0.814 r  clk_IBUF_inst/O
                         net (fo=1, routed)           1.911     2.725    clk_IBUF
    BUFGCTRL_X0Y0        BUFG (Prop_bufg_I_O)         0.091     2.816 r  clk_IBUF_BUFG_inst/O
                         net (fo=4032, routed)        1.661     4.477    u_mul/clk_IBUF_BUFG
    SLICE_X50Y28         FDCE                                         r  u_mul/prod_r_reg[384]/C

Slack:                    inf
  Source:                 rst_n
                            (input port)
  Destination:            u_mul/prod_r_reg[389]/CLR
                            (recovery check against rising-edge clock sys_clk  {rise@0.000ns fall@10.000ns period=20.000ns})
  Path Group:             (none)
  Path Type:              Recovery (Max at Slow Process Corner)
  Data Path Delay:        17.929ns  (logic 1.095ns (6.106%)  route 16.834ns (93.894%))
  Logic Levels:           2  (IBUF=1 LUT1=1)
  Clock Path Skew:        4.477ns (DCD - SCD + CPR)
    Destination Clock Delay (DCD):    4.477ns
    Source Clock Delay      (SCD):    0.000ns
    Clock Pessimism Removal (CPR):    0.000ns
  Clock Uncertainty:      0.025ns  ((TSJ^2 + TIJ^2)^1/2 + DJ) / 2 + PE
    Total System Jitter     (TSJ):    0.050ns
    Total Input Jitter      (TIJ):    0.000ns
    Discrete Jitter          (DJ):    0.000ns
    Phase Error              (PE):    0.000ns
  Timing Exception:       False Path

    Location             Delay type                Incr(ns)  Path(ns)    Netlist Resource(s)
  -------------------------------------------------------------------    -------------------
    M18                                               0.000     0.000 r  rst_n (IN)
                         net (fo=0)                   0.000     0.000    rst_n
    M18                  IBUF (Prop_ibuf_I_O)         0.971     0.971 r  rst_n_IBUF_inst/O
                         net (fo=1, routed)           1.379     2.350    u_inv/u_sqr/rst_n_IBUF
    SLICE_X0Y89          LUT1 (Prop_lut1_I0_O)        0.124     2.474 f  u_inv/u_sqr/v1_i_2/O
                         net (fo=4032, routed)       15.455    17.929    u_mul/c_reg[282]_0
    SLICE_X51Y28         FDCE                                         f  u_mul/prod_r_reg[389]/CLR
  -------------------------------------------------------------------    -------------------

                         (clock sys_clk rise edge)    0.000     0.000 r  
    N15                                               0.000     0.000 r  clk (IN)
                         net (fo=0)                   0.000     0.000    clk
    N15                  IBUF (Prop_ibuf_I_O)         0.814     0.814 r  clk_IBUF_inst/O
                         net (fo=1, routed)           1.911     2.725    clk_IBUF
    BUFGCTRL_X0Y0        BUFG (Prop_bufg_I_O)         0.091     2.816 r  clk_IBUF_BUFG_inst/O
                         net (fo=4032, routed)        1.661     4.477    u_mul/clk_IBUF_BUFG
    SLICE_X51Y28         FDCE                                         r  u_mul/prod_r_reg[389]/C

Slack:                    inf
  Source:                 rst_n
                            (input port)
  Destination:            u_mul/prod_r_reg[238]/CLR
                            (recovery check against rising-edge clock sys_clk  {rise@0.000ns fall@10.000ns period=20.000ns})
  Path Group:             (none)
  Path Type:              Recovery (Max at Slow Process Corner)
  Data Path Delay:        17.795ns  (logic 1.095ns (6.152%)  route 16.701ns (93.848%))
  Logic Levels:           2  (IBUF=1 LUT1=1)
  Clock Path Skew:        4.480ns (DCD - SCD + CPR)
    Destination Clock Delay (DCD):    4.480ns
    Source Clock Delay      (SCD):    0.000ns
    Clock Pessimism Removal (CPR):    0.000ns
  Clock Uncertainty:      0.025ns  ((TSJ^2 + TIJ^2)^1/2 + DJ) / 2 + PE
    Total System Jitter     (TSJ):    0.050ns
    Total Input Jitter      (TIJ):    0.000ns
    Discrete Jitter          (DJ):    0.000ns
    Phase Error              (PE):    0.000ns
  Timing Exception:       False Path

    Location             Delay type                Incr(ns)  Path(ns)    Netlist Resource(s)
  -------------------------------------------------------------------    -------------------
    M18                                               0.000     0.000 r  rst_n (IN)
                         net (fo=0)                   0.000     0.000    rst_n
    M18                  IBUF (Prop_ibuf_I_O)         0.971     0.971 r  rst_n_IBUF_inst/O
                         net (fo=1, routed)           1.379     2.350    u_inv/u_sqr/rst_n_IBUF
    SLICE_X0Y89          LUT1 (Prop_lut1_I0_O)        0.124     2.474 f  u_inv/u_sqr/v1_i_2/O
                         net (fo=4032, routed)       15.321    17.795    u_mul/c_reg[282]_0
    SLICE_X48Y29         FDCE                                         f  u_mul/prod_r_reg[238]/CLR
  -------------------------------------------------------------------    -------------------

                         (clock sys_clk rise edge)    0.000     0.000 r  
    N15                                               0.000     0.000 r  clk (IN)
                         net (fo=0)                   0.000     0.000    clk
    N15                  IBUF (Prop_ibuf_I_O)         0.814     0.814 r  clk_IBUF_inst/O
                         net (fo=1, routed)           1.911     2.725    clk_IBUF
    BUFGCTRL_X0Y0        BUFG (Prop_bufg_I_O)         0.091     2.816 r  clk_IBUF_BUFG_inst/O
                         net (fo=4032, routed)        1.664     4.480    u_mul/clk_IBUF_BUFG
    SLICE_X48Y29         FDCE                                         r  u_mul/prod_r_reg[238]/C

Slack:                    inf
  Source:                 rst_n
                            (input port)
  Destination:            u_mul/prod_r_reg[309]/CLR
                            (recovery check against rising-edge clock sys_clk  {rise@0.000ns fall@10.000ns period=20.000ns})
  Path Group:             (none)
  Path Type:              Recovery (Max at Slow Process Corner)
  Data Path Delay:        17.795ns  (logic 1.095ns (6.152%)  route 16.701ns (93.848%))
  Logic Levels:           2  (IBUF=1 LUT1=1)
  Clock Path Skew:        4.480ns (DCD - SCD + CPR)
    Destination Clock Delay (DCD):    4.480ns
    Source Clock Delay      (SCD):    0.000ns
    Clock Pessimism Removal (CPR):    0.000ns
  Clock Uncertainty:      0.025ns  ((TSJ^2 + TIJ^2)^1/2 + DJ) / 2 + PE
    Total System Jitter     (TSJ):    0.050ns
    Total Input Jitter      (TIJ):    0.000ns
    Discrete Jitter          (DJ):    0.000ns
    Phase Error              (PE):    0.000ns
  Timing Exception:       False Path

    Location             Delay type                Incr(ns)  Path(ns)    Netlist Resource(s)
  -------------------------------------------------------------------    -------------------
    M18                                               0.000     0.000 r  rst_n (IN)
                         net (fo=0)                   0.000     0.000    rst_n
    M18                  IBUF (Prop_ibuf_I_O)         0.971     0.971 r  rst_n_IBUF_inst/O
                         net (fo=1, routed)           1.379     2.350    u_inv/u_sqr/rst_n_IBUF
    SLICE_X0Y89          LUT1 (Prop_lut1_I0_O)        0.124     2.474 f  u_inv/u_sqr/v1_i_2/O
                         net (fo=4032, routed)       15.321    17.795    u_mul/c_reg[282]_0
    SLICE_X48Y29         FDCE                                         f  u_mul/prod_r_reg[309]/CLR
  -------------------------------------------------------------------    -------------------

                         (clock sys_clk rise edge)    0.000     0.000 r  
    N15                                               0.000     0.000 r  clk (IN)
                         net (fo=0)                   0.000     0.000    clk
    N15                  IBUF (Prop_ibuf_I_O)         0.814     0.814 r  clk_IBUF_inst/O
                         net (fo=1, routed)           1.911     2.725    clk_IBUF
    BUFGCTRL_X0Y0        BUFG (Prop_bufg_I_O)         0.091     2.816 r  clk_IBUF_BUFG_inst/O
                         net (fo=4032, routed)        1.664     4.480    u_mul/clk_IBUF_BUFG
    SLICE_X48Y29         FDCE                                         r  u_mul/prod_r_reg[309]/C





Min Delay Paths
--------------------------------------------------------------------------------------
Slack:                    inf
  Source:                 rst_n
                            (input port)
  Destination:            done_reg/CLR
                            (removal check against rising-edge clock sys_clk  {rise@0.000ns fall@10.000ns period=20.000ns})
  Path Group:             (none)
  Path Type:              Removal (Min at Fast Process Corner)
  Data Path Delay:        1.188ns  (logic 0.245ns (20.581%)  route 0.944ns (79.419%))
  Logic Levels:           2  (IBUF=1 LUT1=1)
  Clock Path Skew:        1.957ns (DCD - SCD - CPR)
    Destination Clock Delay (DCD):    1.957ns
    Source Clock Delay      (SCD):    0.000ns
    Clock Pessimism Removal (CPR):    -0.000ns
  Timing Exception:       False Path

    Location             Delay type                Incr(ns)  Path(ns)    Netlist Resource(s)
  -------------------------------------------------------------------    -------------------
    M18                                               0.000     0.000 r  rst_n (IN)
                         net (fo=0)                   0.000     0.000    rst_n
    M18                  IBUF (Prop_ibuf_I_O)         0.200     0.200 r  rst_n_IBUF_inst/O
                         net (fo=1, routed)           0.506     0.706    u_inv/u_sqr/rst_n_IBUF
    SLICE_X0Y89          LUT1 (Prop_lut1_I0_O)        0.045     0.751 f  u_inv/u_sqr/v1_i_2/O
                         net (fo=4032, routed)        0.437     1.188    u_inv_n_0
    SLICE_X0Y83          FDCE                                         f  done_reg/CLR
  -------------------------------------------------------------------    -------------------

                         (clock sys_clk rise edge)    0.000     0.000 r  
    N15                                               0.000     0.000 r  clk (IN)
                         net (fo=0)                   0.000     0.000    clk
    N15                  IBUF (Prop_ibuf_I_O)         0.365     0.365 r  clk_IBUF_inst/O
                         net (fo=1, routed)           0.695     1.060    clk_IBUF
    BUFGCTRL_X0Y0        BUFG (Prop_bufg_I_O)         0.029     1.089 r  clk_IBUF_BUFG_inst/O
                         net (fo=4032, routed)        0.868     1.957    clk_IBUF_BUFG
    SLICE_X0Y83          FDCE                                         r  done_reg/C

Slack:                    inf
  Source:                 rst_n
                            (input port)
  Destination:            cnt_reg[5]/CLR
                            (removal check against rising-edge clock sys_clk  {rise@0.000ns fall@10.000ns period=20.000ns})
  Path Group:             (none)
  Path Type:              Removal (Min at Fast Process Corner)
  Data Path Delay:        1.405ns  (logic 0.245ns (17.413%)  route 1.160ns (82.587%))
  Logic Levels:           2  (IBUF=1 LUT1=1)
  Clock Path Skew:        1.924ns (DCD - SCD - CPR)
    Destination Clock Delay (DCD):    1.924ns
    Source Clock Delay      (SCD):    0.000ns
    Clock Pessimism Removal (CPR):    -0.000ns
  Timing Exception:       False Path

    Location             Delay type                Incr(ns)  Path(ns)    Netlist Resource(s)
  -------------------------------------------------------------------    -------------------
    M18                                               0.000     0.000 r  rst_n (IN)
                         net (fo=0)                   0.000     0.000    rst_n
    M18                  IBUF (Prop_ibuf_I_O)         0.200     0.200 r  rst_n_IBUF_inst/O
                         net (fo=1, routed)           0.506     0.706    u_inv/u_sqr/rst_n_IBUF
    SLICE_X0Y89          LUT1 (Prop_lut1_I0_O)        0.045     0.751 f  u_inv/u_sqr/v1_i_2/O
                         net (fo=4032, routed)        0.654     1.405    u_inv_n_0
    SLICE_X9Y68          FDCE                                         f  cnt_reg[5]/CLR
  -------------------------------------------------------------------    -------------------

                         (clock sys_clk rise edge)    0.000     0.000 r  
    N15                                               0.000     0.000 r  clk (IN)
                         net (fo=0)                   0.000     0.000    clk
    N15                  IBUF (Prop_ibuf_I_O)         0.365     0.365 r  clk_IBUF_inst/O
                         net (fo=1, routed)           0.695     1.060    clk_IBUF
    BUFGCTRL_X0Y0        BUFG (Prop_bufg_I_O)         0.029     1.089 r  clk_IBUF_BUFG_inst/O
                         net (fo=4032, routed)        0.835     1.924    clk_IBUF_BUFG
    SLICE_X9Y68          FDCE                                         r  cnt_reg[5]/C

Slack:                    inf
  Source:                 rst_n
                            (input port)
  Destination:            cnt_reg[7]/CLR
                            (removal check against rising-edge clock sys_clk  {rise@0.000ns fall@10.000ns period=20.000ns})
  Path Group:             (none)
  Path Type:              Removal (Min at Fast Process Corner)
  Data Path Delay:        1.405ns  (logic 0.245ns (17.413%)  route 1.160ns (82.587%))
  Logic Levels:           2  (IBUF=1 LUT1=1)
  Clock Path Skew:        1.924ns (DCD - SCD - CPR)
    Destination Clock Delay (DCD):    1.924ns
    Source Clock Delay      (SCD):    0.000ns
    Clock Pessimism Removal (CPR):    -0.000ns
  Timing Exception:       False Path

    Location             Delay type                Incr(ns)  Path(ns)    Netlist Resource(s)
  -------------------------------------------------------------------    -------------------
    M18                                               0.000     0.000 r  rst_n (IN)
                         net (fo=0)                   0.000     0.000    rst_n
    M18                  IBUF (Prop_ibuf_I_O)         0.200     0.200 r  rst_n_IBUF_inst/O
                         net (fo=1, routed)           0.506     0.706    u_inv/u_sqr/rst_n_IBUF
    SLICE_X0Y89          LUT1 (Prop_lut1_I0_O)        0.045     0.751 f  u_inv/u_sqr/v1_i_2/O
                         net (fo=4032, routed)        0.654     1.405    u_inv_n_0
    SLICE_X9Y68          FDCE                                         f  cnt_reg[7]/CLR
  -------------------------------------------------------------------    -------------------

                         (clock sys_clk rise edge)    0.000     0.000 r  
    N15                                               0.000     0.000 r  clk (IN)
                         net (fo=0)                   0.000     0.000    clk
    N15                  IBUF (Prop_ibuf_I_O)         0.365     0.365 r  clk_IBUF_inst/O
                         net (fo=1, routed)           0.695     1.060    clk_IBUF
    BUFGCTRL_X0Y0        BUFG (Prop_bufg_I_O)         0.029     1.089 r  clk_IBUF_BUFG_inst/O
                         net (fo=4032, routed)        0.835     1.924    clk_IBUF_BUFG
    SLICE_X9Y68          FDCE                                         r  cnt_reg[7]/C

Slack:                    inf
  Source:                 rst_n
                            (input port)
  Destination:            cnt_reg[6]/CLR
                            (removal check against rising-edge clock sys_clk  {rise@0.000ns fall@10.000ns period=20.000ns})
  Path Group:             (none)
  Path Type:              Removal (Min at Fast Process Corner)
  Data Path Delay:        1.449ns  (logic 0.245ns (16.885%)  route 1.204ns (83.115%))
  Logic Levels:           2  (IBUF=1 LUT1=1)
  Clock Path Skew:        1.925ns (DCD - SCD - CPR)
    Destination Clock Delay (DCD):    1.925ns
    Source Clock Delay      (SCD):    0.000ns
    Clock Pessimism Removal (CPR):    -0.000ns
  Timing Exception:       False Path

    Location             Delay type                Incr(ns)  Path(ns)    Netlist Resource(s)
  -------------------------------------------------------------------    -------------------
    M18                                               0.000     0.000 r  rst_n (IN)
                         net (fo=0)                   0.000     0.000    rst_n
    M18                  IBUF (Prop_ibuf_I_O)         0.200     0.200 r  rst_n_IBUF_inst/O
                         net (fo=1, routed)           0.506     0.706    u_inv/u_sqr/rst_n_IBUF
    SLICE_X0Y89          LUT1 (Prop_lut1_I0_O)        0.045     0.751 f  u_inv/u_sqr/v1_i_2/O
                         net (fo=4032, routed)        0.698     1.449    u_inv_n_0
    SLICE_X8Y67          FDCE                                         f  cnt_reg[6]/CLR
  -------------------------------------------------------------------    -------------------

                         (clock sys_clk rise edge)    0.000     0.000 r  
    N15                                               0.000     0.000 r  clk (IN)
                         net (fo=0)                   0.000     0.000    clk
    N15                  IBUF (Prop_ibuf_I_O)         0.365     0.365 r  clk_IBUF_inst/O
                         net (fo=1, routed)           0.695     1.060    clk_IBUF
    BUFGCTRL_X0Y0        BUFG (Prop_bufg_I_O)         0.029     1.089 r  clk_IBUF_BUFG_inst/O
                         net (fo=4032, routed)        0.836     1.925    clk_IBUF_BUFG
    SLICE_X8Y67          FDCE                                         r  cnt_reg[6]/C

Slack:                    inf
  Source:                 rst_n
                            (input port)
  Destination:            cnt_reg[0]/CLR
                            (removal check against rising-edge clock sys_clk  {rise@0.000ns fall@10.000ns period=20.000ns})
  Path Group:             (none)
  Path Type:              Removal (Min at Fast Process Corner)
  Data Path Delay:        1.535ns  (logic 0.245ns (15.938%)  route 1.290ns (84.062%))
  Logic Levels:           2  (IBUF=1 LUT1=1)
  Clock Path Skew:        1.924ns (DCD - SCD - CPR)
    Destination Clock Delay (DCD):    1.924ns
    Source Clock Delay      (SCD):    0.000ns
    Clock Pessimism Removal (CPR):    -0.000ns
  Timing Exception:       False Path

    Location             Delay type                Incr(ns)  Path(ns)    Netlist Resource(s)
  -------------------------------------------------------------------    -------------------
    M18                                               0.000     0.000 r  rst_n (IN)
                         net (fo=0)                   0.000     0.000    rst_n
    M18                  IBUF (Prop_ibuf_I_O)         0.200     0.200 r  rst_n_IBUF_inst/O
                         net (fo=1, routed)           0.506     0.706    u_inv/u_sqr/rst_n_IBUF
    SLICE_X0Y89          LUT1 (Prop_lut1_I0_O)        0.045     0.751 f  u_inv/u_sqr/v1_i_2/O
                         net (fo=4032, routed)        0.784     1.535    u_inv_n_0
    SLICE_X11Y68         FDCE                                         f  cnt_reg[0]/CLR
  -------------------------------------------------------------------    -------------------

                         (clock sys_clk rise edge)    0.000     0.000 r  
    N15                                               0.000     0.000 r  clk (IN)
                         net (fo=0)                   0.000     0.000    clk
    N15                  IBUF (Prop_ibuf_I_O)         0.365     0.365 r  clk_IBUF_inst/O
                         net (fo=1, routed)           0.695     1.060    clk_IBUF
    BUFGCTRL_X0Y0        BUFG (Prop_bufg_I_O)         0.029     1.089 r  clk_IBUF_BUFG_inst/O
                         net (fo=4032, routed)        0.835     1.924    clk_IBUF_BUFG
    SLICE_X11Y68         FDCE                                         r  cnt_reg[0]/C

Slack:                    inf
  Source:                 rst_n
                            (input port)
  Destination:            cnt_reg[1]/CLR
                            (removal check against rising-edge clock sys_clk  {rise@0.000ns fall@10.000ns period=20.000ns})
  Path Group:             (none)
  Path Type:              Removal (Min at Fast Process Corner)
  Data Path Delay:        1.535ns  (logic 0.245ns (15.938%)  route 1.290ns (84.062%))
  Logic Levels:           2  (IBUF=1 LUT1=1)
  Clock Path Skew:        1.924ns (DCD - SCD - CPR)
    Destination Clock Delay (DCD):    1.924ns
    Source Clock Delay      (SCD):    0.000ns
    Clock Pessimism Removal (CPR):    -0.000ns
  Timing Exception:       False Path

    Location             Delay type                Incr(ns)  Path(ns)    Netlist Resource(s)
  -------------------------------------------------------------------    -------------------
    M18                                               0.000     0.000 r  rst_n (IN)
                         net (fo=0)                   0.000     0.000    rst_n
    M18                  IBUF (Prop_ibuf_I_O)         0.200     0.200 r  rst_n_IBUF_inst/O
                         net (fo=1, routed)           0.506     0.706    u_inv/u_sqr/rst_n_IBUF
    SLICE_X0Y89          LUT1 (Prop_lut1_I0_O)        0.045     0.751 f  u_inv/u_sqr/v1_i_2/O
                         net (fo=4032, routed)        0.784     1.535    u_inv_n_0
    SLICE_X11Y68         FDCE                                         f  cnt_reg[1]/CLR
  -------------------------------------------------------------------    -------------------

                         (clock sys_clk rise edge)    0.000     0.000 r  
    N15                                               0.000     0.000 r  clk (IN)
                         net (fo=0)                   0.000     0.000    clk
    N15                  IBUF (Prop_ibuf_I_O)         0.365     0.365 r  clk_IBUF_inst/O
                         net (fo=1, routed)           0.695     1.060    clk_IBUF
    BUFGCTRL_X0Y0        BUFG (Prop_bufg_I_O)         0.029     1.089 r  clk_IBUF_BUFG_inst/O
                         net (fo=4032, routed)        0.835     1.924    clk_IBUF_BUFG
    SLICE_X11Y68         FDCE                                         r  cnt_reg[1]/C

Slack:                    inf
  Source:                 rst_n
                            (input port)
  Destination:            cnt_reg[2]/CLR
                            (removal check against rising-edge clock sys_clk  {rise@0.000ns fall@10.000ns period=20.000ns})
  Path Group:             (none)
  Path Type:              Removal (Min at Fast Process Corner)
  Data Path Delay:        1.535ns  (logic 0.245ns (15.938%)  route 1.290ns (84.062%))
  Logic Levels:           2  (IBUF=1 LUT1=1)
  Clock Path Skew:        1.924ns (DCD - SCD - CPR)
    Destination Clock Delay (DCD):    1.924ns
    Source Clock Delay      (SCD):    0.000ns
    Clock Pessimism Removal (CPR):    -0.000ns
  Timing Exception:       False Path

    Location             Delay type                Incr(ns)  Path(ns)    Netlist Resource(s)
  -------------------------------------------------------------------    -------------------
    M18                                               0.000     0.000 r  rst_n (IN)
                         net (fo=0)                   0.000     0.000    rst_n
    M18                  IBUF (Prop_ibuf_I_O)         0.200     0.200 r  rst_n_IBUF_inst/O
                         net (fo=1, routed)           0.506     0.706    u_inv/u_sqr/rst_n_IBUF
    SLICE_X0Y89          LUT1 (Prop_lut1_I0_O)        0.045     0.751 f  u_inv/u_sqr/v1_i_2/O
                         net (fo=4032, routed)        0.784     1.535    u_inv_n_0
    SLICE_X11Y68         FDCE                                         f  cnt_reg[2]/CLR
  -------------------------------------------------------------------    -------------------

                         (clock sys_clk rise edge)    0.000     0.000 r  
    N15                                               0.000     0.000 r  clk (IN)
                         net (fo=0)                   0.000     0.000    clk
    N15                  IBUF (Prop_ibuf_I_O)         0.365     0.365 r  clk_IBUF_inst/O
                         net (fo=1, routed)           0.695     1.060    clk_IBUF
    BUFGCTRL_X0Y0        BUFG (Prop_bufg_I_O)         0.029     1.089 r  clk_IBUF_BUFG_inst/O
                         net (fo=4032, routed)        0.835     1.924    clk_IBUF_BUFG
    SLICE_X11Y68         FDCE                                         r  cnt_reg[2]/C

Slack:                    inf
  Source:                 rst_n
                            (input port)
  Destination:            cnt_reg[3]/CLR
                            (removal check against rising-edge clock sys_clk  {rise@0.000ns fall@10.000ns period=20.000ns})
  Path Group:             (none)
  Path Type:              Removal (Min at Fast Process Corner)
  Data Path Delay:        1.535ns  (logic 0.245ns (15.938%)  route 1.290ns (84.062%))
  Logic Levels:           2  (IBUF=1 LUT1=1)
  Clock Path Skew:        1.924ns (DCD - SCD - CPR)
    Destination Clock Delay (DCD):    1.924ns
    Source Clock Delay      (SCD):    0.000ns
    Clock Pessimism Removal (CPR):    -0.000ns
  Timing Exception:       False Path

    Location             Delay type                Incr(ns)  Path(ns)    Netlist Resource(s)
  -------------------------------------------------------------------    -------------------
    M18                                               0.000     0.000 r  rst_n (IN)
                         net (fo=0)                   0.000     0.000    rst_n
    M18                  IBUF (Prop_ibuf_I_O)         0.200     0.200 r  rst_n_IBUF_inst/O
                         net (fo=1, routed)           0.506     0.706    u_inv/u_sqr/rst_n_IBUF
    SLICE_X0Y89          LUT1 (Prop_lut1_I0_O)        0.045     0.751 f  u_inv/u_sqr/v1_i_2/O
                         net (fo=4032, routed)        0.784     1.535    u_inv_n_0
    SLICE_X11Y68         FDCE                                         f  cnt_reg[3]/CLR
  -------------------------------------------------------------------    -------------------

                         (clock sys_clk rise edge)    0.000     0.000 r  
    N15                                               0.000     0.000 r  clk (IN)
                         net (fo=0)                   0.000     0.000    clk
    N15                  IBUF (Prop_ibuf_I_O)         0.365     0.365 r  clk_IBUF_inst/O
                         net (fo=1, routed)           0.695     1.060    clk_IBUF
    BUFGCTRL_X0Y0        BUFG (Prop_bufg_I_O)         0.029     1.089 r  clk_IBUF_BUFG_inst/O
                         net (fo=4032, routed)        0.835     1.924    clk_IBUF_BUFG
    SLICE_X11Y68         FDCE                                         r  cnt_reg[3]/C

Slack:                    inf
  Source:                 rst_n
                            (input port)
  Destination:            cnt_reg[4]/CLR
                            (removal check against rising-edge clock sys_clk  {rise@0.000ns fall@10.000ns period=20.000ns})
  Path Group:             (none)
  Path Type:              Removal (Min at Fast Process Corner)
  Data Path Delay:        1.535ns  (logic 0.245ns (15.938%)  route 1.290ns (84.062%))
  Logic Levels:           2  (IBUF=1 LUT1=1)
  Clock Path Skew:        1.924ns (DCD - SCD - CPR)
    Destination Clock Delay (DCD):    1.924ns
    Source Clock Delay      (SCD):    0.000ns
    Clock Pessimism Removal (CPR):    -0.000ns
  Timing Exception:       False Path

    Location             Delay type                Incr(ns)  Path(ns)    Netlist Resource(s)
  -------------------------------------------------------------------    -------------------
    M18                                               0.000     0.000 r  rst_n (IN)
                         net (fo=0)                   0.000     0.000    rst_n
    M18                  IBUF (Prop_ibuf_I_O)         0.200     0.200 r  rst_n_IBUF_inst/O
                         net (fo=1, routed)           0.506     0.706    u_inv/u_sqr/rst_n_IBUF
    SLICE_X0Y89          LUT1 (Prop_lut1_I0_O)        0.045     0.751 f  u_inv/u_sqr/v1_i_2/O
                         net (fo=4032, routed)        0.784     1.535    u_inv_n_0
    SLICE_X10Y68         FDCE                                         f  cnt_reg[4]/CLR
  -------------------------------------------------------------------    -------------------

                         (clock sys_clk rise edge)    0.000     0.000 r  
    N15                                               0.000     0.000 r  clk (IN)
                         net (fo=0)                   0.000     0.000    clk
    N15                  IBUF (Prop_ibuf_I_O)         0.365     0.365 r  clk_IBUF_inst/O
                         net (fo=1, routed)           0.695     1.060    clk_IBUF
    BUFGCTRL_X0Y0        BUFG (Prop_bufg_I_O)         0.029     1.089 r  clk_IBUF_BUFG_inst/O
                         net (fo=4032, routed)        0.835     1.924    clk_IBUF_BUFG
    SLICE_X10Y68         FDCE                                         r  cnt_reg[4]/C

Slack:                    inf
  Source:                 rst_n
                            (input port)
  Destination:            FSM_sequential_state_reg[0]/CLR
                            (removal check against rising-edge clock sys_clk  {rise@0.000ns fall@10.000ns period=20.000ns})
  Path Group:             (none)
  Path Type:              Removal (Min at Fast Process Corner)
  Data Path Delay:        1.676ns  (logic 0.245ns (14.593%)  route 1.431ns (85.407%))
  Logic Levels:           2  (IBUF=1 LUT1=1)
  Clock Path Skew:        1.928ns (DCD - SCD - CPR)
    Destination Clock Delay (DCD):    1.928ns
    Source Clock Delay      (SCD):    0.000ns
    Clock Pessimism Removal (CPR):    -0.000ns
  Timing Exception:       False Path

    Location             Delay type                Incr(ns)  Path(ns)    Netlist Resource(s)
  -------------------------------------------------------------------    -------------------
    M18                                               0.000     0.000 r  rst_n (IN)
                         net (fo=0)                   0.000     0.000    rst_n
    M18                  IBUF (Prop_ibuf_I_O)         0.200     0.200 r  rst_n_IBUF_inst/O
                         net (fo=1, routed)           0.506     0.706    u_inv/u_sqr/rst_n_IBUF
    SLICE_X0Y89          LUT1 (Prop_lut1_I0_O)        0.045     0.751 f  u_inv/u_sqr/v1_i_2/O
                         net (fo=4032, routed)        0.925     1.676    u_inv_n_0
    SLICE_X9Y64          FDCE                                         f  FSM_sequential_state_reg[0]/CLR
  -------------------------------------------------------------------    -------------------

                         (clock sys_clk rise edge)    0.000     0.000 r  
    N15                                               0.000     0.000 r  clk (IN)
                         net (fo=0)                   0.000     0.000    clk
    N15                  IBUF (Prop_ibuf_I_O)         0.365     0.365 r  clk_IBUF_inst/O
                         net (fo=1, routed)           0.695     1.060    clk_IBUF
    BUFGCTRL_X0Y0        BUFG (Prop_bufg_I_O)         0.029     1.089 r  clk_IBUF_BUFG_inst/O
                         net (fo=4032, routed)        0.839     1.928    clk_IBUF_BUFG
    SLICE_X9Y64          FDCE                                         r  FSM_sequential_state_reg[0]/C





